id;al;fn;from;to;via;dep;dur;lay;days;ac;price;cab;hold;meal;wifi;pwr;refund;co2;ontime;ld
1;AF;AF1000;CDG;NCE;;460;85;;1111111;A318;123;1;0;1;0;0;0;69;81;85
2;AF;AF1001;NCE;CDG;;460;95;;1111111;A318;120;1;0;1;1;0;0;69;72;95
3;AF;AF1002;CDG;NCE;;580;85;;1111111;A220-300;113;1;0;1;1;0;0;58;82;85
4;AF;AF1003;NCE;CDG;;585;95;;1111111;A220-300;126;1;0;1;1;1;0;58;79;95
5;AF;AF1004;CDG;NCE;;735;85;;1111111;A320;125;1;0;1;0;0;0;69;83;85
6;AF;AF1005;NCE;CDG;;725;95;;1111111;A320;109;1;0;1;1;0;0;69;77;95
7;AF;AF1006;CDG;NCE;;870;85;;1111111;A321;115;1;0;1;1;0;0;69;72;85
8;AF;AF1007;NCE;CDG;;840;95;;1111111;A321;130;1;0;1;0;0;0;69;74;95
9;AF;AF1008;CDG;NCE;;980;85;;1111111;A318;126;1;0;1;1;0;0;69;77;85
10;AF;AF1009;NCE;CDG;;990;95;;1111111;A318;131;1;0;1;1;1;0;69;71;95
11;AF;AF1010;CDG;NCE;;1110;85;;1111111;A220-300;113;1;0;1;1;1;0;58;79;85
12;AF;AF1011;NCE;CDG;;1120;95;;1111111;A220-300;122;1;0;1;1;1;0;58;82;95
13;AF;AF1012;CDG;NCE;;1235;85;;1111111;A320;129;1;0;1;1;0;0;69;84;85
14;AF;AF1013;NCE;CDG;;1265;95;;1111111;A320;120;1;0;1;1;0;0;69;74;95
15;AF;AF1014;CDG;MRS;;495;85;;1111111;A320;133;1;0;1;1;0;0;65;85;85
16;AF;AF1015;MRS;CDG;;480;90;;1111111;A320;110;1;0;1;1;1;0;65;85;90
17;AF;AF1016;CDG;MRS;;685;85;;1111111;A321;132;1;0;1;1;0;0;65;79;85
18;AF;AF1017;MRS;CDG;;670;90;;1111111;A321;121;1;0;1;1;1;0;65;72;90
19;AF;AF1018;CDG;MRS;;840;85;;1111111;A318;120;1;0;1;1;0;0;65;74;85
20;AF;AF1019;MRS;CDG;;855;90;;1111111;A318;125;1;0;1;1;0;0;65;83;90
21;AF;AF1020;CDG;MRS;;1045;85;;1111111;A220-300;122;1;0;1;1;0;0;55;79;85
22;AF;AF1021;MRS;CDG;;1035;90;;1111111;A220-300;124;1;0;1;1;1;0;55;81;90
23;AF;AF1022;CDG;MRS;;1235;85;;1111111;A320;108;1;0;1;1;1;0;65;72;85
24;AF;AF1023;MRS;CDG;;1235;90;;1111111;A320;126;1;0;1;1;0;0;65;81;90
25;AF;AF1024;CDG;TLS;;505;85;;1111111;A220-300;103;1;0;1;1;0;0;51;84;85
26;AF;AF1025;TLS;CDG;;500;80;;1111111;A220-300;122;1;0;1;1;1;0;51;80;80
27;AF;AF1026;CDG;TLS;;755;85;;1111111;A320;112;1;0;1;1;0;0;61;82;85
28;AF;AF1027;TLS;CDG;;740;80;;1111111;A320;124;1;0;1;1;1;0;61;75;80
29;AF;AF1028;CDG;TLS;;975;85;;1111111;A321;105;1;0;1;1;0;0;61;75;85
30;AF;AF1029;TLS;CDG;;980;80;;1111111;A321;120;1;0;1;1;0;0;61;79;80
31;AF;AF1030;CDG;TLS;;1210;85;;1111111;A318;107;1;0;1;0;1;0;61;82;85
32;AF;AF1031;TLS;CDG;;1200;80;;1111111;A318;111;1;0;1;1;0;0;61;72;80
33;AF;AF1032;CDG;BOD;;620;75;;1111111;A321;97;1;0;1;1;0;0;53;81;75
34;AF;AF1033;BOD;CDG;;630;75;;1111111;A321;107;1;0;1;1;0;0;53;75;75
35;AF;AF1034;CDG;BOD;;1095;75;;1111111;A318;97;1;0;1;1;0;0;53;83;75
36;AF;AF1035;BOD;CDG;;1090;75;;1111111;A318;116;1;0;1;1;0;0;53;84;75
37;AF;AF1036;CDG;NTE;;615;65;;1111111;A220-300;99;1;0;1;1;0;0;31;75;65
38;AF;AF1037;NTE;CDG;;625;60;;1111111;A220-300;91;1;0;1;0;1;0;31;72;60
39;AF;AF1038;CDG;NTE;;1075;65;;1111111;A320;93;1;0;1;1;0;0;37;74;65
40;AF;AF1039;NTE;CDG;;1100;60;;1111111;A320;110;1;0;1;1;0;0;37;83;60
41;AF;AF1040;CDG;LHR;;485;60;;1111111;A318;94;1;0;1;1;0;0;35;73;60
42;AF;AF1041;LHR;CDG;;490;55;;1111111;A318;98;1;0;1;1;0;0;35;75;55
43;AF;AF1042;CDG;LHR;;660;60;;1111111;A220-300;86;1;0;1;1;1;0;29;84;60
44;AF;AF1043;LHR;CDG;;660;55;;1111111;A220-300;87;1;0;1;0;1;0;29;71;55
45;AF;AF1044;CDG;LHR;;845;60;;1111111;A320;104;1;0;1;1;0;0;35;72;60
46;AF;AF1045;LHR;CDG;;845;55;;1111111;A320;92;1;0;1;1;0;0;35;81;55
47;AF;AF1046;CDG;LHR;;1045;60;;1111111;A321;102;1;0;1;1;0;0;35;71;60
48;AF;AF1047;LHR;CDG;;1050;55;;1111111;A321;105;1;0;1;1;0;0;35;71;55
49;AF;AF1048;CDG;LHR;;1225;60;;1111111;A318;96;1;0;1;1;0;0;35;79;60
50;AF;AF1049;LHR;CDG;;1220;55;;1111111;A318;89;1;0;1;1;0;0;35;78;55
51;AF;AF1050;CDG;AMS;;480;60;;1111111;A220-300;105;1;0;1;1;1;0;33;73;60
52;AF;AF1051;AMS;CDG;;485;65;;1111111;A220-300;94;1;0;1;1;1;0;33;82;65
53;AF;AF1052;CDG;AMS;;690;60;;1111111;A320;93;1;0;1;1;0;0;40;78;60
54;AF;AF1053;AMS;CDG;;665;65;;1111111;A320;91;1;0;1;1;0;0;40;79;65
55;AF;AF1054;CDG;AMS;;855;60;;1111111;A321;92;1;0;1;0;0;0;40;79;60
56;AF;AF1055;AMS;CDG;;870;65;;1111111;A321;103;1;0;1;1;1;0;40;75;65
57;AF;AF1056;CDG;AMS;;1035;60;;1111111;A318;95;1;0;1;1;1;0;40;74;60
58;AF;AF1057;AMS;CDG;;1040;65;;1111111;A318;95;1;0;1;0;1;0;40;78;65
59;AF;AF1058;CDG;AMS;;1225;60;;1111111;A220-300;101;1;0;1;1;0;0;33;74;60
60;AF;AF1059;AMS;CDG;;1235;65;;1111111;A220-300;92;1;0;1;1;0;0;33;82;65
61;AF;AF1060;CDG;FRA;;505;65;;1111111;A321;93;1;0;1;1;0;0;45;83;65
62;AF;AF1061;FRA;CDG;;510;70;;1111111;A321;101;1;0;1;1;0;0;45;76;70
63;AF;AF1062;CDG;FRA;;745;65;;1111111;A318;113;1;0;1;1;0;0;45;71;65
64;AF;AF1063;FRA;CDG;;750;70;;1111111;A318;105;1;0;1;1;0;0;45;72;70
65;AF;AF1064;CDG;FRA;;980;65;;1111111;A220-300;109;1;0;1;1;1;0;38;85;65
66;AF;AF1065;FRA;CDG;;985;70;;1111111;A220-300;101;1;0;1;0;0;0;38;83;70
67;AF;AF1066;CDG;FRA;;1210;65;;1111111;A320;93;1;0;1;0;0;0;45;71;65
68;AF;AF1067;FRA;CDG;;1195;70;;1111111;A320;110;1;0;1;1;0;0;45;84;70
69;AF;AF1068;CDG;MUC;;550;85;;1111111;A321;112;1;0;1;0;0;0;68;77;85
70;AF;AF1069;MUC;CDG;;550;95;;1111111;A321;131;1;0;1;1;0;0;68;85;95
71;AF;AF1070;CDG;MUC;;870;85;;1111111;A318;116;1;0;1;1;0;0;68;81;85
72;AF;AF1071;MUC;CDG;;865;95;;1111111;A318;110;1;0;1;1;0;0;68;74;95
73;AF;AF1072;CDG;MUC;;1160;85;;1111111;A220-300;123;1;0;1;1;0;0;57;83;85
74;AF;AF1073;MUC;CDG;;1175;95;;1111111;A220-300;123;1;0;1;0;1;0;57;78;95
75;AF;AF1074;CDG;BER;;555;90;;1111111;A321;118;1;0;1;1;0;0;86;82;90
76;AF;AF1075;BER;CDG;;555;100;;1111111;A321;132;1;0;1;1;0;0;86;83;100
77;AF;AF1076;CDG;BER;;850;90;;1111111;A318;124;1;0;1;1;0;0;86;75;90
78;AF;AF1077;BER;CDG;;870;100;;1111111;A318;121;1;0;1;0;0;0;86;77;100
79;AF;AF1078;CDG;BER;;1165;90;;1111111;A220-300;123;1;0;1;1;1;0;72;77;90
80;AF;AF1079;BER;CDG;;1175;100;;1111111;A220-300;142;1;0;1;1;1;0;72;85;100
81;AF;AF1080;CDG;MAD;;515;115;;1111111;A318;151;1;0;1;1;0;0;106;72;115
82;AF;AF1081;MAD;CDG;;525;110;;1111111;A318;150;1;0;1;1;0;0;106;83;110
83;AF;AF1082;CDG;MAD;;755;115;;1111111;A220-300;154;1;0;1;1;1;0;89;79;115
84;AF;AF1083;MAD;CDG;;735;110;;1111111;A220-300;158;1;0;1;1;1;0;89;81;110
85;AF;AF1084;CDG;MAD;;965;115;;1111111;A320;146;1;0;1;1;0;0;106;74;115
86;AF;AF1085;MAD;CDG;;960;110;;1111111;A320;144;1;0;1;0;0;0;106;80;110
87;AF;AF1086;CDG;MAD;;1190;115;;1111111;A321;151;1;0;1;1;0;0;106;79;115
88;AF;AF1087;MAD;CDG;;1205;110;;1111111;A321;146;1;0;1;1;0;0;106;76;110
89;AF;AF1088;CDG;BCN;;505;95;;1111111;A220-300;138;1;0;1;1;1;0;72;76;95
90;AF;AF1089;BCN;CDG;;520;95;;1111111;A220-300;141;1;0;1;1;1;0;72;82;95
91;AF;AF1090;CDG;BCN;;735;95;;1111111;A320;140;1;0;1;1;0;0;86;72;95
92;AF;AF1091;BCN;CDG;;730;95;;1111111;A320;119;1;0;1;0;0;0;86;79;95
93;AF;AF1092;CDG;BCN;;970;95;;1111111;A321;120;1;0;1;1;0;0;86;84;95
94;AF;AF1093;BCN;CDG;;975;95;;1111111;A321;123;1;0;1;1;0;0;86;79;95
95;AF;AF1094;CDG;BCN;;1210;95;;1111111;A318;129;1;0;1;1;0;0;86;80;95
96;AF;AF1095;BCN;CDG;;1210;95;;1111111;A318;135;1;0;1;1;0;0;86;79;95
97;AF;AF1096;CDG;LIS;;565;150;;1111111;A320;152;1;0;1;1;0;0;147;74;150
98;AF;AF1097;LIS;CDG;;540;140;;1111111;A320;152;1;0;1;1;0;0;147;81;140
99;AF;AF1098;CDG;LIS;;845;150;;1111111;A321;152;1;0;1;1;0;0;147;84;150
100;AF;AF1099;LIS;CDG;;855;140;;1111111;A321;168;1;0;1;1;0;0;147;75;140
101;AF;AF1100;CDG;LIS;;1160;150;;1111111;A318;170;1;0;1;0;1;0;147;78;150
102;AF;AF1101;LIS;CDG;;1170;140;;1111111;A318;183;1;0;1;1;0;0;147;84;140
103;AF;AF1102;CDG;OPO;;555;130;;1111111;A320;173;1;0;1;0;0;0;123;83;130
104;AF;AF1103;OPO;CDG;;565;120;;1111111;A320;160;1;0;1;1;1;0;123;75;120
105;AF;AF1104;CDG;OPO;;850;130;;1111111;A321;171;1;0;1;0;1;0;123;83;130
106;AF;AF1105;OPO;CDG;;845;120;;1111111;A321;147;1;0;1;0;0;0;123;76;120
107;AF;AF1106;CDG;OPO;;1165;130;;1111111;A318;169;1;0;1;1;0;0;123;73;130
108;AF;AF1107;OPO;CDG;;1160;120;;1111111;A318;142;1;0;1;1;0;0;123;83;120
109;AF;AF1108;CDG;FCO;;500;110;;1111111;A320;142;1;0;1;0;0;0;110;72;110
110;AF;AF1109;FCO;CDG;;520;120;;1111111;A320;135;1;0;1;1;0;0;110;76;120
111;AF;AF1110;CDG;FCO;;750;110;;1111111;A321;153;1;0;1;1;0;0;110;79;110
112;AF;AF1111;FCO;CDG;;740;120;;1111111;A321;143;1;0;1;1;0;0;110;72;120
113;AF;AF1112;CDG;FCO;;985;110;;1111111;A318;138;1;0;1;1;0;0;110;83;110
114;AF;AF1113;FCO;CDG;;960;120;;1111111;A318;146;1;0;1;1;0;0;110;73;120
115;AF;AF1114;CDG;FCO;;1205;110;;1111111;A220-300;134;1;0;1;1;1;0;92;78;110
116;AF;AF1115;FCO;CDG;;1215;120;;1111111;A220-300;153;1;0;1;1;1;0;92;85;120
117;AF;AF1116;CDG;MXP;;535;75;;1111111;A321;118;1;0;1;0;0;0;60;80;75
118;AF;AF1117;MXP;CDG;;550;85;;1111111;A321;115;1;0;1;1;0;0;60;82;85
119;AF;AF1118;CDG;MXP;;850;75;;1111111;A318;116;1;0;1;1;1;0;60;80;75
120;AF;AF1119;MXP;CDG;;860;85;;1111111;A318;116;1;0;1;1;1;0;60;83;85
121;AF;AF1120;CDG;MXP;;1150;75;;1111111;A220-300;119;1;0;1;1;1;0;50;79;75
122;AF;AF1121;MXP;CDG;;1160;85;;1111111;A220-300;113;1;0;1;1;1;0;50;72;85
123;AF;AF1122;CDG;ZRH;;560;65;;1111111;A320;93;1;0;1;0;1;0;48;80;65
124;AF;AF1123;ZRH;CDG;;545;75;;1111111;A320;104;1;0;1;1;0;0;48;80;75
125;AF;AF1124;CDG;ZRH;;855;65;;1111111;A321;102;1;0;1;1;0;0;48;73;65
126;AF;AF1125;ZRH;CDG;;850;75;;1111111;A321;112;1;0;1;1;0;0;48;79;75
127;AF;AF1126;CDG;ZRH;;1175;65;;1111111;A318;110;1;0;1;1;1;0;48;78;65
128;AF;AF1127;ZRH;CDG;;1170;75;;1111111;A318;114;1;0;1;1;0;0;48;73;75
129;AF;AF1128;CDG;GVA;;535;60;;1111111;A320;106;1;0;1;1;0;0;41;76;60
130;AF;AF1129;GVA;CDG;;535;65;;1111111;A320;109;1;0;1;1;0;0;41;77;65
131;AF;AF1130;CDG;GVA;;860;60;;1111111;A321;108;1;0;1;1;0;0;41;75;60
132;AF;AF1131;GVA;CDG;;865;65;;1111111;A321;108;1;0;1;1;1;0;41;75;65
133;AF;AF1132;CDG;GVA;;1155;60;;1111111;A318;110;1;0;1;1;0;0;41;75;60
134;AF;AF1133;GVA;CDG;;1175;65;;1111111;A318;108;1;0;1;1;0;0;41;76;65
135;AF;AF1134;CDG;VIE;;550;105;;1111111;A320;148;1;0;1;1;0;0;104;76;105
136;AF;AF1135;VIE;CDG;;555;120;;1111111;A320;131;1;0;1;1;0;0;104;77;120
137;AF;AF1136;CDG;VIE;;870;105;;1111111;A321;141;1;0;1;0;1;0;104;77;105
138;AF;AF1137;VIE;CDG;;860;120;;1111111;A321;148;1;0;1;0;0;0;104;79;120
139;AF;AF1138;CDG;VIE;;1150;105;;1111111;A318;151;1;0;1;1;0;0;104;74;105
140;AF;AF1139;VIE;CDG;;1155;120;;1111111;A318;131;1;0;1;1;1;0;104;74;120
141;AF;AF1140;CDG;CPH;;545;105;;1111111;A220-300;135;1;0;1;1;1;0;84;72;105
142;AF;AF1141;CPH;CDG;;540;115;;1111111;A220-300;150;1;0;1;1;1;0;84;80;115
143;AF;AF1142;CDG;CPH;;845;105;;1111111;A320;131;1;0;1;1;0;0;100;80;105
144;AF;AF1143;CPH;CDG;;860;115;;1111111;A320;151;1;0;1;1;1;0;100;72;115
145;AF;AF1144;CDG;CPH;;1150;105;;1111111;A321;153;1;0;1;1;0;0;100;78;105
146;AF;AF1145;CPH;CDG;;1170;115;;1111111;A321;134;1;0;1;1;0;0;100;82;115
147;AF;AF1146;CDG;DUB;;560;105;;1111111;A321;134;1;0;1;1;0;0;79;82;105
148;AF;AF1147;DUB;CDG;;565;95;;1111111;A321;132;1;0;1;1;0;0;79;73;95
149;AF;AF1148;CDG;DUB;;850;105;;1111111;A318;132;1;0;1;1;0;0;79;72;105
150;AF;AF1149;DUB;CDG;;865;95;;1111111;A318;129;1;0;1;1;1;0;79;73;95
151;AF;AF1150;CDG;DUB;;1150;105;;1111111;A220-300;137;1;0;1;1;1;0;66;78;105
152;AF;AF1151;DUB;CDG;;1150;95;;1111111;A220-300;136;1;0;1;0;0;0;66;78;95
153;AF;AF1152;CDG;PRG;;560;90;;1111111;A321;136;1;0;1;1;1;0;85;84;90
154;AF;AF1153;PRG;CDG;;550;100;;1111111;A321;137;1;0;1;1;0;0;85;81;100
155;AF;AF1154;CDG;PRG;;850;90;;1111111;A318;125;1;0;1;1;0;0;85;75;90
156;AF;AF1155;PRG;CDG;;865;100;;1111111;A318;121;1;0;1;1;1;0;85;85;100
157;AF;AF1156;CDG;PRG;;1160;90;;1111111;A220-300;139;1;0;1;0;1;0;72;80;90
158;AF;AF1157;PRG;CDG;;1150;100;;1111111;A220-300;133;1;0;1;0;1;0;72;83;100
159;AF;AF1158;CDG;ATH;;615;185;;1111111;A220-300;222;1;0;1;1;1;0;142;72;185
160;AF;AF1159;ATH;CDG;;625;210;;1111111;A220-300;188;1;0;1;1;1;0;142;78;210
161;AF;AF1160;CDG;ATH;;1090;185;;1111111;A320;208;1;0;1;1;1;0;169;79;185
162;AF;AF1161;ATH;CDG;;1100;210;;1111111;A320;214;1;0;1;1;0;0;169;72;210
163;AF;AF1162;CDG;IST;;615;195;;1111111;A320;229;1;0;1;1;0;0;177;72;195
164;AF;AF1163;IST;CDG;;620;220;;1111111;A320;203;1;0;1;1;0;0;177;78;220
165;AF;AF1164;CDG;IST;;1080;195;;1111111;A321;221;1;0;1;1;0;0;177;74;195
166;AF;AF1165;IST;CDG;;1075;220;;1111111;A321;223;1;0;1;1;0;0;177;75;220
167;AF;AF1166;CDG;CMN;;635;190;;1111111;A318;184;1;0;1;1;1;0;154;80;190
168;AF;AF1167;CMN;CDG;;635;180;;1111111;A318;186;1;0;1;1;0;0;154;78;180
169;AF;AF1168;CDG;CMN;;1100;190;;1111111;A220-300;211;1;0;1;1;1;0;130;80;190
170;AF;AF1169;CMN;CDG;;1080;180;;1111111;A220-300;177;1;0;1;1;1;0;130;84;180
171;AF;AF1170;CDG;RAK;;635;210;;1111111;A318;219;1;0;1;1;0;0;170;79;210
172;AF;AF1171;RAK;CDG;;625;195;;1111111;A318;197;1;0;1;1;1;0;170;74;195
173;AF;AF1172;CDG;RAK;;1090;210;;1111111;A220-300;222;1;0;1;1;1;0;143;76;210
174;AF;AF1173;RAK;CDG;;1090;195;;1111111;A220-300;215;1;0;1;1;0;0;143;72;195
175;AF;AF1174;CDG;TUN;;560;140;;1111111;A321;186;1;0;1;1;1;0;149;79;140
176;AF;AF1175;TUN;CDG;;535;150;;1111111;A321;160;1;0;1;1;1;0;149;73;150
177;AF;AF1176;CDG;TUN;;845;140;;1111111;A318;185;1;0;1;0;0;0;149;78;140
178;AF;AF1177;TUN;CDG;;845;150;;1111111;A318;164;1;0;1;1;0;0;149;84;150
179;AF;AF1178;CDG;TUN;;1155;140;;1111111;A220-300;182;1;0;1;1;0;0;125;77;140
180;AF;AF1179;TUN;CDG;;1180;150;;1111111;A220-300;154;1;0;1;1;0;0;125;75;150
181;AF;AF1180;CDG;ALG;;555;135;;1111111;A318;179;1;0;1;1;0;0;137;84;135
182;AF;AF1181;ALG;CDG;;550;135;;1111111;A318;177;1;0;1;1;0;0;137;75;135
183;AF;AF1182;CDG;ALG;;860;135;;1111111;A220-300;175;1;0;1;1;1;0;115;78;135
184;AF;AF1183;ALG;CDG;;860;135;;1111111;A220-300;163;1;0;1;0;1;0;115;75;135
185;AF;AF1184;CDG;ALG;;1180;135;;1111111;A320;179;1;0;1;1;0;0;137;72;135
186;AF;AF1185;ALG;CDG;;1150;135;;1111111;A320;155;1;0;1;1;0;0;137;76;135
187;AF;AF1186;CDG;CAI;;635;255;;1111111;A220-300;297;1;0;1;1;1;0;216;82;255
188;AF;AF1187;CAI;CDG;;640;280;;1111111;A220-300;304;1;0;1;1;0;0;216;76;280
189;AF;AF1188;CDG;CAI;;1085;255;;1111111;A320;314;1;0;1;1;0;0;257;80;255
190;AF;AF1189;CAI;CDG;;1100;280;;1111111;A320;308;1;0;1;1;0;0;257;79;280
191;AF;AF014;CDG;DSS;;830;360;;1111111;A330-200;406;1;1;1;1;1;0;274;78;360
192;AF;AF015;DSS;CDG;;1330;340;;1111111;A330-200;399;1;1;1;0;1;0;274;81;340
193;AF;AF016;CDG;ABJ;;845;405;;1111111;Boeing 777-300ER;377;1;1;1;1;1;1;319;78;405
194;AF;AF017;ABJ;CDG;;1345;395;;1111111;Boeing 777-300ER;349;1;1;1;1;1;1;319;78;395
195;AF;AF018;CDG;JNB;;835;670;;1111111;A330-200;654;1;1;1;1;1;0;568;77;670
196;AF;AF019;JNB;CDG;;1355;685;;1111111;A330-200;609;1;1;1;1;0;1;568;72;685
197;AF;AF020;CDG;RUN;;845;710;;1111111;Boeing 777-300ER;540;1;1;1;0;1;0;609;75;710
198;AF;AF021;RUN;CDG;;1340;735;;1111111;Boeing 777-300ER;589;1;1;1;1;1;0;609;71;735
199;AF;AF024;CDG;DXB;;715;395;;1111111;A330-200;429;1;1;1;1;1;0;341;83;395
200;AF;AF025;DXB;CDG;;260;445;;1111111;A330-200;402;1;1;1;1;0;0;341;79;445
201;AF;AF026;CDG;DXB;;1145;395;;1111111;Boeing 777-300ER;407;1;1;1;1;1;0;341;75;395
202;AF;AF027;DXB;CDG;;820;445;;1111111;Boeing 777-300ER;368;1;1;1;1;1;0;341;83;445
203;AF;AF028;CDG;MLE;;1195;600;;1111111;A350-900;510;1;1;1;0;1;0;452;73;600
204;AF;AF029;MLE;CDG;;655;680;;1111111;A350-900;510;1;1;1;1;0;0;452;74;680
205;AF;AF030;CDG;DEL;;1195;485;;1111111;Boeing 777-300ER;496;1;1;1;1;1;1;427;81;485
206;AF;AF031;DEL;CDG;;635;550;;1111111;Boeing 777-300ER;506;1;1;1;1;0;0;427;75;550
207;AF;AF032;CDG;BKK;;805;680;;1111111;A350-900;596;1;1;1;1;1;1;516;80;680
208;AF;AF033;BKK;CDG;;115;770;;1111111;A350-900;545;1;1;1;1;1;0;516;81;770
209;AF;AF034;CDG;BKK;;1315;680;;1111111;Boeing 787-9;593;1;1;1;1;1;0;516;82;680
210;AF;AF035;BKK;CDG;;750;770;;1111111;Boeing 787-9;570;1;1;1;1;1;0;516;84;770
211;AF;AF036;CDG;SIN;;815;765;;1111111;A330-200;621;1;1;1;0;1;1;697;81;765
212;AF;AF037;SIN;CDG;;125;870;;1111111;A330-200;660;1;1;1;1;1;1;697;74;870
213;AF;AF038;CDG;SIN;;1305;765;;1111111;Boeing 777-300ER;612;1;1;1;0;1;0;697;76;765
214;AF;AF039;SIN;CDG;;730;870;;1111111;Boeing 777-300ER;676;1;1;1;1;1;0;697;71;870
215;AF;AF040;CDG;HKG;;1180;720;;1111111;A330-200;609;1;1;1;1;1;1;623;80;720
216;AF;AF041;HKG;CDG;;655;810;;1111111;A330-200;563;1;1;1;1;1;1;623;76;810
217;AF;AF042;CDG;ICN;;1175;765;;1111111;A330-200;538;1;1;1;1;1;0;580;81;765
218;AF;AF043;ICN;CDG;;640;845;;1111111;A330-200;623;1;1;1;0;1;0;580;77;845
219;AF;AF044;CDG;HND;;810;840;;1111111;A330-200;544;1;1;1;1;1;0;631;80;840
220;AF;AF045;HND;CDG;;145;905;;1111111;A330-200;593;1;1;1;1;1;0;631;74;905
221;AF;AF046;CDG;HND;;1310;840;;1111111;Boeing 777-300ER;580;1;1;1;0;0;0;631;82;840
222;AF;AF047;HND;CDG;;750;905;;1111111;Boeing 777-300ER;630;1;1;1;1;1;1;631;76;905
223;AF;AF006;CDG;JFK;;670;500;;1111111;Boeing 777-300ER;430;1;1;1;1;1;1;379;74;500
224;AF;AF007;JFK;CDG;;1060;440;;1111111;Boeing 777-300ER;443;1;1;1;1;1;0;379;72;440
225;AF;AF008;CDG;JFK;;755;500;;1111111;A350-900;405;1;1;1;1;1;1;319;78;500
226;AF;AF009;JFK;CDG;;1125;440;;1111111;A350-900;389;1;1;1;1;1;0;319;72;440
227;AF;AF010;CDG;JFK;;845;500;;1111111;Boeing 787-9;408;1;1;1;1;0;0;319;83;500
228;AF;AF011;JFK;CDG;;1220;440;;1111111;Boeing 787-9;382;1;1;1;1;1;0;319;77;440
229;AF;AF022;CDG;JFK;;940;500;;1111111;A330-200;414;1;1;1;1;1;0;379;75;500
230;AF;AF023;JFK;CDG;;1290;440;;1111111;A330-200;443;1;1;1;1;1;0;379;76;440
231;AF;AF012;CDG;JFK;;1025;500;;1111111;Boeing 777-300ER;376;1;1;1;1;1;0;379;72;500
232;AF;AF013;JFK;CDG;;1375;440;;1111111;Boeing 777-300ER;424;1;1;1;0;1;0;379;75;440
233;AF;AF048;CDG;MIA;;745;625;;1111111;Boeing 777-300ER;518;1;1;1;0;1;0;479;83;625
234;AF;AF049;MIA;CDG;;1105;550;;1111111;Boeing 777-300ER;545;1;1;1;1;0;0;479;78;550
235;AF;AF050;CDG;MIA;;960;625;;1111111;A350-900;499;1;1;1;0;1;0;402;82;625
236;AF;AF051;MIA;CDG;;1320;550;;1111111;A350-900;467;1;1;1;0;1;0;402;84;550
237;AF;AF052;CDG;LAX;;735;750;;1111111;Boeing 777-300ER;638;1;1;1;1;1;1;592;83;750
238;AF;AF053;LAX;CDG;;1110;675;;1111111;Boeing 777-300ER;664;1;1;1;1;1;0;592;83;675
239;AF;AF054;CDG;LAX;;960;750;;1111111;A350-900;571;1;1;1;1;1;0;497;80;750
240;AF;AF055;LAX;CDG;;1325;675;;1111111;A350-900;550;1;1;1;1;1;0;497;77;675
241;AF;AF056;CDG;SFO;;850;735;;1111111;A330-200;594;1;1;1;1;1;1;583;82;735
242;AF;AF057;SFO;CDG;;1220;670;;1111111;A330-200;626;1;1;1;1;1;0;583;84;670
243;AF;AF058;CDG;YUL;;705;475;;1111111;A330-200;413;1;1;1;1;1;1;359;77;475
244;AF;AF059;YUL;CDG;;1080;415;;1111111;A330-200;409;1;1;1;1;1;1;359;77;415
245;AF;AF060;CDG;YUL;;860;475;;1111111;Boeing 777-300ER;436;1;1;1;1;1;0;359;74;475
246;AF;AF061;YUL;CDG;;1215;415;;1111111;Boeing 777-300ER;397;1;1;1;1;1;0;359;78;415
247;AF;AF062;CDG;YUL;;1015;475;;1111111;A350-900;415;1;1;1;1;1;1;302;82;475
248;AF;AF063;YUL;CDG;;1335;415;;1111111;A350-900;375;1;1;1;1;1;1;302;82;415
249;AF;AF064;CDG;MEX;;855;770;;1111111;A330-200;650;1;1;1;1;0;0;598;83;770
250;AF;AF065;MEX;CDG;;1210;680;;1111111;A330-200;634;1;1;1;1;0;1;598;81;680
251;AF;AF066;CDG;CUN;;855;695;;1111111;A330-200;574;1;1;1;1;1;0;534;74;695
252;AF;AF067;CUN;CDG;;1215;610;;1111111;A330-200;584;1;1;1;1;1;0;534;82;610
253;AF;AF068;CDG;PTP;;835;580;;1111111;A350-900;517;1;1;1;1;0;1;370;77;580
254;AF;AF069;PTP;CDG;;1205;510;;1111111;A350-900;452;1;1;1;1;1;0;370;80;510
255;AF;AF070;CDG;FDF;;855;585;;1111111;A350-900;497;1;1;1;1;1;1;375;77;585
256;AF;AF071;FDF;CDG;;1220;515;;1111111;A350-900;481;1;1;1;1;1;0;375;80;515
257;AF;AF072;CDG;GRU;;840;745;;1111111;A350-900;572;1;1;1;1;1;0;513;76;745
258;AF;AF073;GRU;CDG;;1225;720;;1111111;A350-900;567;1;1;1;1;1;0;513;71;720
259;AF;AF074;CDG;EZE;;865;870;;1101010;A330-200;785;1;1;1;0;0;0;722;74;870
260;AF;AF075;EZE;CDG;;1205;840;;0110101;A330-200;654;1;1;1;1;1;0;722;80;840
261;AF;AF076;ORY;PTP;;840;580;;1001001;A350-900;492;1;1;1;1;1;1;369;72;580
262;AF;AF077;PTP;ORY;;1220;505;;1100100;A350-900;429;1;1;1;1;1;0;369;76;505
263;AF;AF078;ORY;FDF;;860;585;;1010100;A350-900;438;1;1;1;0;1;0;374;80;585
264;AF;AF079;FDF;ORY;;1210;515;;0101010;A350-900;434;1;1;1;1;0;1;374;80;515
265;AF;AF080;ORY;RUN;;850;710;;1111111;Boeing 777-300ER;612;1;1;1;1;1;0;608;78;710
266;AF;AF081;RUN;ORY;;1355;735;;1111111;Boeing 777-300ER;650;1;1;1;1;1;0;608;80;735
267;AF;AF1190;ORY;NCE;;495;85;;1111111;A318;113;1;0;1;1;0;0;67;83;85
268;AF;AF1191;NCE;ORY;;475;90;;1111111;A318;110;1;0;1;1;1;0;67;76;90
269;AF;AF1192;ORY;NCE;;680;85;;1111111;A220-300;105;1;0;1;1;0;0;57;75;85
270;AF;AF1193;NCE;ORY;;660;90;;1111111;A220-300;113;1;0;1;1;1;0;57;73;90
271;AF;AF1194;ORY;NCE;;870;85;;1111111;A320;108;1;0;1;1;0;0;67;78;85
272;AF;AF1195;NCE;ORY;;860;90;;1111111;A320;126;1;0;1;1;0;0;67;72;90
273;AF;AF1196;ORY;NCE;;1040;85;;1111111;A321;126;1;0;1;0;0;0;67;85;85
274;AF;AF1197;NCE;ORY;;1050;90;;1111111;A321;107;1;0;1;1;0;0;67;76;90
275;AF;AF1198;ORY;NCE;;1215;85;;1111111;A318;106;1;0;1;1;1;0;67;73;85
276;AF;AF1199;NCE;ORY;;1230;90;;1111111;A318;112;1;0;1;1;0;0;67;73;90
277;AF;AF1200;ORY;TLS;;485;80;;1111111;A220-300;105;1;0;1;1;0;0;48;81;80
278;AF;AF1201;TLS;ORY;;500;80;;1111111;A220-300;106;1;0;1;0;1;0;48;74;80
279;AF;AF1202;ORY;TLS;;665;80;;1111111;A320;105;1;0;1;1;0;0;57;85;80
280;AF;AF1203;TLS;ORY;;685;80;;1111111;A320;116;1;0;1;1;0;0;57;81;80
281;AF;AF1204;ORY;TLS;;850;80;;1111111;A321;101;1;0;1;1;0;0;57;74;80
282;AF;AF1205;TLS;ORY;;865;80;;1111111;A321;105;1;0;1;1;0;0;57;81;80
283;AF;AF1206;ORY;TLS;;1035;80;;1111111;A318;114;1;0;1;0;0;0;57;75;80
284;AF;AF1207;TLS;ORY;;1035;80;;1111111;A318;103;1;0;1;1;0;0;57;82;80
285;AF;AF1208;ORY;TLS;;1235;80;;1111111;A220-300;116;1;0;1;1;1;0;48;71;80
286;AF;AF1209;TLS;ORY;;1235;80;;1111111;A220-300;115;1;0;1;1;0;0;48;81;80
287;KL;KL1200;AMS;CDG;;460;65;;1111111;Boeing 737-800;98;1;0;0;1;1;0;40;79;65
288;KL;KL1201;CDG;AMS;;445;60;;1111111;Boeing 737-800;97;1;0;0;0;0;0;40;79;60
289;KL;KL1202;AMS;CDG;;620;65;;1111111;Embraer 195-E2;106;1;0;0;0;1;0;33;76;65
290;KL;KL1203;CDG;AMS;;645;60;;1111111;Embraer 195-E2;93;1;0;0;0;1;0;33;75;60
291;KL;KL1204;AMS;CDG;;805;65;;1111111;Boeing 737-900;100;1;0;0;0;0;0;40;80;65
292;KL;KL1205;CDG;AMS;;825;60;;1111111;Boeing 737-900;97;1;0;0;0;0;0;40;74;60
293;KL;KL1206;AMS;CDG;;990;65;;1111111;Boeing 737-800;102;1;0;0;1;1;0;40;73;65
294;KL;KL1207;CDG;AMS;;1015;60;;1111111;Boeing 737-800;91;1;0;0;1;0;0;40;77;60
295;KL;KL1208;AMS;CDG;;1195;65;;1111111;Embraer 195-E2;104;1;0;0;0;1;0;33;81;65
296;KL;KL1209;CDG;AMS;;1200;60;;1111111;Embraer 195-E2;102;1;0;0;1;1;0;33;69;60
297;KL;KL1210;AMS;NCE;;505;105;;1111111;Boeing 737-800;127;1;0;0;1;0;0;98;77;105
298;KL;KL1211;NCE;AMS;;525;105;;1111111;Boeing 737-800;145;1;0;0;0;0;0;98;73;105
299;KL;KL1212;AMS;NCE;;825;105;;1111111;Embraer 195-E2;136;1;0;0;1;1;0;82;70;105
300;KL;KL1213;NCE;AMS;;815;105;;1111111;Embraer 195-E2;137;1;0;0;1;1;0;82;72;105
301;KL;KL1214;AMS;NCE;;1130;105;;1111111;Boeing 737-900;142;1;0;0;0;0;0;98;72;105
302;KL;KL1215;NCE;AMS;;1110;105;;1111111;Boeing 737-900;124;1;0;0;1;0;0;98;70;105
303;KL;KL1216;AMS;LYS;;580;95;;1111111;Boeing 737-800;119;1;0;0;0;0;0;73;76;95
304;KL;KL1217;LYS;AMS;;595;95;;1111111;Boeing 737-800;106;1;0;0;1;0;0;73;74;95
305;KL;KL1218;AMS;LYS;;1040;95;;1111111;Embraer 195-E2;117;1;0;0;1;1;0;62;80;95
306;KL;KL1219;LYS;AMS;;1055;95;;1111111;Embraer 195-E2;115;1;0;0;1;1;0;62;76;95
307;KL;KL1220;AMS;MRS;;600;105;;1111111;Boeing 737-900;134;1;0;0;1;0;0;99;80;105
308;KL;KL1221;MRS;AMS;;595;105;;1111111;Boeing 737-900;134;1;0;0;1;1;0;99;75;105
309;KL;KL1222;AMS;MRS;;1060;105;;1111111;Boeing 737-800;135;1;0;0;1;0;0;99;80;105
310;KL;KL1223;MRS;AMS;;1060;105;;1111111;Boeing 737-800;130;1;0;0;0;0;0;99;74;105
311;KL;KL1224;AMS;TLS;;580;110;;1111111;Boeing 737-800;132;1;0;0;1;0;0;100;69;110
312;KL;KL1225;TLS;AMS;;595;105;;1111111;Boeing 737-800;157;1;0;0;1;0;0;100;79;105
313;KL;KL1226;AMS;TLS;;1050;110;;1111111;Embraer 195-E2;148;1;0;0;1;1;0;84;80;110
314;KL;KL1227;TLS;AMS;;1040;105;;1111111;Embraer 195-E2;143;1;0;0;1;0;0;84;71;105
315;KL;KL1228;AMS;BOD;;585;105;;1111111;Embraer 195-E2;145;1;0;0;1;0;0;78;79;105
316;KL;KL1229;BOD;AMS;;590;100;;1111111;Embraer 195-E2;132;1;0;0;1;0;0;78;73;100
317;KL;KL1230;AMS;BOD;;1050;105;;1111111;Boeing 737-900;131;1;0;0;1;0;0;92;77;105
318;KL;KL1231;BOD;AMS;;1065;100;;1111111;Boeing 737-900;147;1;0;0;0;1;0;92;71;100
319;KL;KL1232;AMS;NTE;;585;100;;1111111;Embraer 195-E2;110;1;0;0;0;1;0;62;76;100
320;KL;KL1233;NTE;AMS;;590;90;;1111111;Embraer 195-E2;106;1;0;0;0;0;0;62;73;90
321;KL;KL1234;AMS;NTE;;1055;100;;1111111;Boeing 737-900;106;1;0;0;1;1;0;73;75;100
322;KL;KL1235;NTE;AMS;;1045;90;;1111111;Boeing 737-900;131;1;0;0;1;1;0;73;76;90
323;KL;KL1236;AMS;LHR;;430;65;;1111111;Boeing 737-800;107;1;0;0;1;0;0;37;78;65
324;KL;KL1237;LHR;AMS;;420;60;;1111111;Boeing 737-800;96;1;0;0;1;0;0;37;81;60
325;KL;KL1238;AMS;LHR;;545;65;;1111111;Embraer 195-E2;87;1;0;0;1;1;0;31;79;65
326;KL;KL1239;LHR;AMS;;565;60;;1111111;Embraer 195-E2;101;1;0;0;0;0;0;31;81;60
327;KL;KL1240;AMS;LHR;;675;65;;1111111;Boeing 737-900;93;1;0;0;1;0;0;37;72;65
328;KL;KL1241;LHR;AMS;;680;60;;1111111;Boeing 737-900;87;1;0;0;1;0;0;37;70;60
329;KL;KL1242;AMS;LHR;;815;65;;1111111;Boeing 737-800;105;1;0;0;0;1;0;37;72;65
330;KL;KL1243;LHR;AMS;;805;60;;1111111;Boeing 737-800;97;1;0;0;1;0;0;37;74;60
331;KL;KL1244;AMS;LHR;;950;65;;1111111;Embraer 195-E2;105;1;0;0;0;0;0;31;72;65
332;KL;KL1245;LHR;AMS;;950;60;;1111111;Embraer 195-E2;105;1;0;0;1;0;0;31;73;60
333;KL;KL1246;AMS;LHR;;1070;65;;1111111;Boeing 737-900;87;1;0;0;0;1;0;37;81;65
334;KL;KL1247;LHR;AMS;;1075;60;;1111111;Boeing 737-900;93;1;0;0;0;0;0;37;70;60
335;KL;KL1248;AMS;LHR;;1210;65;;1111111;Boeing 737-800;95;1;0;0;1;0;0;37;79;65
336;KL;KL1249;LHR;AMS;;1225;60;;1111111;Boeing 737-800;105;1;0;0;1;0;0;37;77;60
337;KL;KL1250;AMS;FRA;;525;60;;1111111;Embraer 195-E2;93;1;0;0;1;1;0;31;79;60
338;KL;KL1251;FRA;AMS;;505;65;;1111111;Embraer 195-E2;99;1;0;0;0;0;0;31;70;65
339;KL;KL1252;AMS;FRA;;805;60;;1111111;Boeing 737-900;92;1;0;0;1;1;0;37;71;60
340;KL;KL1253;FRA;AMS;;810;65;;1111111;Boeing 737-900;101;1;0;0;1;0;0;37;80;65
341;KL;KL1254;AMS;FRA;;1120;60;;1111111;Boeing 737-800;96;1;0;0;1;0;0;37;78;60
342;KL;KL1255;FRA;AMS;;1140;65;;1111111;Boeing 737-800;97;1;0;0;1;0;0;37;79;65
343;KL;KL1256;AMS;MUC;;515;85;;1111111;Boeing 737-800;122;1;0;0;1;0;0;66;81;85
344;KL;KL1257;MUC;AMS;;520;90;;1111111;Boeing 737-800;126;1;0;0;0;0;0;66;78;90
345;KL;KL1258;AMS;MUC;;835;85;;1111111;Embraer 195-E2;128;1;0;0;1;1;0;56;76;85
346;KL;KL1259;MUC;AMS;;810;90;;1111111;Embraer 195-E2;124;1;0;0;1;0;0;56;82;90
347;KL;KL1260;AMS;MUC;;1115;85;;1111111;Boeing 737-900;127;1;0;0;1;1;0;66;75;85
348;KL;KL1261;MUC;AMS;;1130;90;;1111111;Boeing 737-900;118;1;0;0;0;0;0;66;79;90
349;KL;KL1262;AMS;BER;;525;75;;1111111;Boeing 737-900;109;1;0;0;1;0;0;59;80;75
350;KL;KL1263;BER;AMS;;505;85;;1111111;Boeing 737-900;113;1;0;0;1;0;0;59;78;85
351;KL;KL1264;AMS;BER;;825;75;;1111111;Boeing 737-800;112;1;0;0;1;0;0;59;68;75
352;KL;KL1265;BER;AMS;;835;85;;1111111;Boeing 737-800;116;1;0;0;1;0;0;59;75;85
353;KL;KL1266;AMS;BER;;1140;75;;1111111;Embraer 195-E2;121;1;0;0;1;1;0;50;71;75
354;KL;KL1267;BER;AMS;;1140;85;;1111111;Embraer 195-E2;117;1;0;0;0;1;0;50;74;85
355;KL;KL1268;AMS;MAD;;465;150;;1111111;Embraer 195-E2;184;1;0;0;0;0;0;123;75;150
356;KL;KL1269;MAD;AMS;;485;140;;1111111;Embraer 195-E2;173;1;0;0;0;0;0;123;73;140
357;KL;KL1270;AMS;MAD;;710;150;;1111111;Boeing 737-900;157;1;0;0;1;0;0;146;74;150
358;KL;KL1271;MAD;AMS;;695;140;;1111111;Boeing 737-900;166;1;0;0;1;1;0;146;79;140
359;KL;KL1272;AMS;MAD;;935;150;;1111111;Boeing 737-800;157;1;0;0;1;0;0;146;69;150
360;KL;KL1273;MAD;AMS;;945;140;;1111111;Boeing 737-800;150;1;0;0;0;0;0;146;79;140
361;KL;KL1274;AMS;MAD;;1155;150;;1111111;Embraer 195-E2;161;1;0;0;0;1;0;123;74;150
362;KL;KL1275;MAD;AMS;;1165;140;;1111111;Embraer 195-E2;153;1;0;0;0;0;0;123;76;140
363;KL;KL1276;AMS;BCN;;465;130;;1111111;Boeing 737-900;161;1;0;0;0;0;0;124;76;130
364;KL;KL1277;BCN;AMS;;480;125;;1111111;Boeing 737-900;166;1;0;0;1;0;0;124;75;125
365;KL;KL1278;AMS;BCN;;690;130;;1111111;Boeing 737-800;164;1;0;0;1;1;0;124;71;130
366;KL;KL1279;BCN;AMS;;710;125;;1111111;Boeing 737-800;159;1;0;0;1;0;0;124;77;125
367;KL;KL1280;AMS;BCN;;920;130;;1111111;Embraer 195-E2;161;1;0;0;1;1;0;104;74;130
368;KL;KL1281;BCN;AMS;;945;125;;1111111;Embraer 195-E2;151;1;0;0;1;0;0;104;78;125
369;KL;KL1282;AMS;BCN;;1175;130;;1111111;Boeing 737-900;168;1;0;0;1;1;0;124;78;130
370;KL;KL1283;BCN;AMS;;1170;125;;1111111;Boeing 737-900;153;1;0;0;0;1;0;124;72;125
371;KL;KL1284;AMS;LIS;;580;190;;1111111;Embraer 195-E2;183;1;0;0;1;1;0;124;81;190
372;KL;KL1285;LIS;AMS;;600;175;;1111111;Embraer 195-E2;190;1;0;0;1;0;0;124;69;175
373;KL;KL1286;AMS;LIS;;1050;190;;1111111;Boeing 737-900;204;1;0;0;1;0;0;148;79;190
374;KL;KL1287;LIS;AMS;;1055;175;;1111111;Boeing 737-900;175;1;0;0;1;0;0;148;73;175
375;KL;KL1288;AMS;OPO;;810;165;;1111111;Embraer 195-E2;179;1;0;0;1;1;0;107;71;165
376;KL;KL1289;OPO;AMS;;830;155;;1111111;Embraer 195-E2;177;1;0;0;0;1;0;107;82;155
377;KL;KL1290;AMS;FCO;;470;125;;1111111;Boeing 737-800;171;1;0;0;1;0;0;130;76;125
378;KL;KL1291;FCO;AMS;;485;135;;1111111;Boeing 737-800;174;1;0;0;1;0;0;130;79;135
379;KL;KL1292;AMS;FCO;;690;125;;1111111;Embraer 195-E2;166;1;0;0;1;1;0;109;79;125
380;KL;KL1293;FCO;AMS;;705;135;;1111111;Embraer 195-E2;154;1;0;0;1;1;0;109;69;135
381;KL;KL1294;AMS;FCO;;940;125;;1111111;Boeing 737-900;153;1;0;0;1;0;0;130;70;125
382;KL;KL1295;FCO;AMS;;930;135;;1111111;Boeing 737-900;144;1;0;0;0;0;0;130;71;135
383;KL;KL1296;AMS;FCO;;1170;125;;1111111;Boeing 737-800;153;1;0;0;1;1;0;130;71;125
384;KL;KL1297;FCO;AMS;;1170;135;;1111111;Boeing 737-800;162;1;0;0;0;0;0;130;70;135
385;KL;KL1298;AMS;MXP;;520;95;;1111111;Boeing 737-800;119;1;0;0;0;0;0;80;81;95
386;KL;KL1299;MXP;AMS;;510;100;;1111111;Boeing 737-800;120;1;0;0;1;0;0;80;78;100
387;KL;KL1300;AMS;MXP;;830;95;;1111111;Embraer 195-E2;129;1;0;0;0;1;0;67;77;95
388;KL;KL1301;MXP;AMS;;825;100;;1111111;Embraer 195-E2;114;1;0;0;1;1;0;67;81;100
389;KL;KL1302;AMS;MXP;;1125;95;;1111111;Boeing 737-900;120;1;0;0;0;1;0;80;74;95
390;KL;KL1303;MXP;AMS;;1130;100;;1111111;Boeing 737-900;126;1;0;0;1;1;0;80;81;100
391;KL;KL1304;AMS;ZRH;;505;80;;1111111;Boeing 737-800;109;1;0;0;1;1;0;60;79;80
392;KL;KL1305;ZRH;AMS;;520;85;;1111111;Boeing 737-800;105;1;0;0;1;0;0;60;69;85
393;KL;KL1306;AMS;ZRH;;820;80;;1111111;Embraer 195-E2;107;1;0;0;1;0;0;51;77;80
394;KL;KL1307;ZRH;AMS;;835;85;;1111111;Embraer 195-E2;117;1;0;0;1;1;0;51;78;85
395;KL;KL1308;AMS;ZRH;;1115;80;;1111111;Boeing 737-900;101;1;0;0;1;1;0;60;77;80
396;KL;KL1309;ZRH;AMS;;1130;85;;1111111;Boeing 737-900;117;1;0;0;0;1;0;60;76;85
397;KL;KL1310;AMS;GVA;;590;90;;1111111;Embraer 195-E2;117;1;0;0;0;0;0;57;76;90
398;KL;KL1311;GVA;AMS;;580;90;;1111111;Embraer 195-E2;115;1;0;0;1;0;0;57;78;90
399;KL;KL1312;AMS;GVA;;1040;90;;1111111;Boeing 737-900;126;1;0;0;1;0;0;68;69;90
400;KL;KL1313;GVA;AMS;;1060;90;;1111111;Boeing 737-900;130;1;0;0;1;0;0;68;79;90
401;KL;KL1314;AMS;VIE;;580;100;;1111111;Boeing 737-900;139;1;0;0;0;1;0;96;80;100
402;KL;KL1315;VIE;AMS;;600;110;;1111111;Boeing 737-900;140;1;0;0;1;1;0;96;74;110
403;KL;KL1316;AMS;VIE;;1060;100;;1111111;Boeing 737-800;138;1;0;0;1;1;0;96;78;100
404;KL;KL1317;VIE;AMS;;1040;110;;1111111;Boeing 737-800;144;1;0;0;1;0;0;96;73;110
405;KL;KL1318;AMS;CPH;;600;80;;1111111;Embraer 195-E2;104;1;0;0;0;1;0;53;72;80
406;KL;KL1319;CPH;AMS;;600;90;;1111111;Embraer 195-E2;122;1;0;0;1;1;0;53;78;90
407;KL;KL1320;AMS;CPH;;1055;80;;1111111;Boeing 737-900;111;1;0;0;1;0;0;63;79;80
408;KL;KL1321;CPH;AMS;;1060;90;;1111111;Boeing 737-900;121;1;0;0;0;0;0;63;78;90
409;KL;KL1322;AMS;DUB;;600;100;;1111111;Boeing 737-800;109;1;0;0;1;0;0;75;72;100
410;KL;KL1323;DUB;AMS;;590;90;;1111111;Boeing 737-800;114;1;0;0;1;1;0;75;80;90
411;KL;KL1324;AMS;DUB;;1055;100;;1111111;Embraer 195-E2;112;1;0;0;0;0;0;63;80;100
412;KL;KL1325;DUB;AMS;;1050;90;;1111111;Embraer 195-E2;119;1;0;0;0;1;0;63;78;90
413;KL;KL1326;AMS;PRG;;590;85;;1111111;Boeing 737-800;133;1;0;0;1;0;0;71;80;85
414;KL;KL1327;PRG;AMS;;575;95;;1111111;Boeing 737-800;112;1;0;0;1;0;0;71;80;95
415;KL;KL1328;AMS;PRG;;1045;85;;1111111;Embraer 195-E2;108;1;0;0;0;1;0;59;80;85
416;KL;KL1329;PRG;AMS;;1060;95;;1111111;Embraer 195-E2;118;1;0;0;1;0;0;59;77;95
417;KL;KL1330;AMS;ATH;;600;195;;1111111;Boeing 737-800;208;1;0;0;1;0;0;175;69;195
418;KL;KL1331;ATH;AMS;;590;215;;1111111;Boeing 737-800;211;1;0;0;0;0;0;175;72;215
419;KL;KL1332;AMS;ATH;;1055;195;;1111111;Embraer 195-E2;214;1;0;0;1;1;0;147;72;195
420;KL;KL1333;ATH;AMS;;1040;215;;1111111;Embraer 195-E2;207;1;0;0;0;1;0;147;74;215
421;KL;KL1334;AMS;IST;;580;195;;1111111;Boeing 737-800;178;1;0;0;0;0;0;175;74;195
422;KL;KL1335;IST;AMS;;595;220;;1111111;Boeing 737-800;208;1;0;0;0;1;0;175;78;220
423;KL;KL1336;AMS;IST;;1045;195;;1111111;Embraer 195-E2;203;1;0;0;1;1;0;147;73;195
424;KL;KL1337;IST;AMS;;1060;220;;1111111;Embraer 195-E2;193;1;0;0;1;1;0;147;78;220
425;KL;KL1338;AMS;CAI;;600;260;;1111111;Embraer 195-E2;341;1;0;0;1;1;0;221;71;260
426;KL;KL1339;CAI;AMS;;595;285;;1111111;Embraer 195-E2;342;1;0;0;0;1;0;221;81;285
427;KL;KL1340;AMS;CAI;;1040;260;;1111111;Boeing 737-900;305;1;0;0;1;0;0;263;81;260
428;KL;KL1341;CAI;AMS;;1055;285;;1111111;Boeing 737-900;313;1;0;0;0;0;0;263;72;285
429;KL;KL500;AMS;DXB;;695;390;;1111111;Boeing 787-10;414;1;1;1;0;1;0;282;76;390
430;KL;KL501;DXB;AMS;;240;440;;1111111;Boeing 787-10;379;1;1;1;0;1;1;282;71;440
431;KL;KL502;AMS;DXB;;1130;390;;1111111;Boeing 777-300ER;431;1;1;1;0;1;0;336;79;390
432;KL;KL503;DXB;AMS;;795;440;;1111111;Boeing 777-300ER;406;1;1;1;1;1;1;336;73;440
433;KL;KL504;AMS;DEL;;1155;470;;1111111;A330-300;488;1;1;1;1;1;1;414;74;470
434;KL;KL505;DEL;AMS;;595;535;;1111111;A330-300;446;1;1;1;0;1;0;414;71;535
435;KL;KL506;AMS;SIN;;1135;750;;1111111;A330-300;637;1;1;1;1;1;1;683;69;750
436;KL;KL507;SIN;AMS;;605;850;;1111111;A330-300;711;1;1;1;0;1;1;683;76;850
437;KL;KL508;AMS;ICN;;1135;735;;1111111;Boeing 777-300ER;553;1;1;1;1;1;1;556;70;735
438;KL;KL509;ICN;AMS;;595;810;;1111111;Boeing 777-300ER;548;1;1;1;0;1;0;556;75;810
439;KL;KL510;AMS;HND;;765;805;;1111111;Boeing 787-10;605;1;1;1;1;1;0;509;79;805
440;KL;KL511;HND;AMS;;75;870;;1111111;Boeing 787-10;659;1;1;1;1;0;0;509;72;870
441;KL;KL512;AMS;HND;;1260;805;;1111111;Boeing 777-300ER;596;1;1;1;0;1;1;606;72;805
442;KL;KL513;HND;AMS;;705;870;;1111111;Boeing 777-300ER;612;1;1;1;0;1;1;606;81;870
443;KL;KL641;AMS;JFK;;660;505;;1111111;Boeing 777-300ER;451;1;1;1;0;1;0;380;77;505
444;KL;KL642;JFK;AMS;;1050;440;;1111111;Boeing 777-300ER;450;1;1;1;1;1;1;380;69;440
445;KL;KL643;AMS;JFK;;815;505;;1111111;A330-300;417;1;1;1;1;1;1;380;71;505
446;KL;KL644;JFK;AMS;;1180;440;;1111111;A330-300;426;1;1;1;1;1;0;380;75;440
447;KL;KL645;AMS;JFK;;970;505;;1111111;Boeing 787-10;443;1;1;1;0;1;0;319;77;505
448;KL;KL646;JFK;AMS;;1315;440;;1111111;Boeing 787-10;382;1;1;1;1;1;1;319;72;440
449;KL;KL514;AMS;MIA;;810;630;;1111111;A330-300;522;1;1;1;0;1;0;484;72;630
450;KL;KL515;MIA;AMS;;1170;555;;1111111;A330-300;569;1;1;1;1;1;0;484;72;555
451;KL;KL516;AMS;LAX;;810;735;;1111111;A330-300;571;1;1;1;1;1;1;582;73;735
452;KL;KL517;LAX;AMS;;1165;670;;1111111;A330-300;629;1;1;1;0;1;0;582;73;670
453;KL;KL518;AMS;SFO;;815;720;;1111111;Boeing 777-300ER;565;1;1;1;0;1;0;571;72;720
454;KL;KL519;SFO;AMS;;1175;660;;1111111;Boeing 777-300ER;535;1;1;1;1;1;1;571;73;660
455;KL;KL520;AMS;YUL;;815;475;;1111111;Boeing 777-300ER;386;1;1;1;1;1;1;358;73;475
456;KL;KL521;YUL;AMS;;1190;415;;1111111;Boeing 777-300ER;439;1;1;1;0;1;0;358;80;415
457;KL;KL522;AMS;MEX;;805;770;;1111111;Boeing 777-300ER;625;1;1;1;1;1;0;598;78;770
458;KL;KL523;MEX;AMS;;1170;680;;1111111;Boeing 777-300ER;540;1;1;1;1;1;1;598;73;680
459;KL;KL524;AMS;CUN;;820;700;;1111111;A330-300;593;1;1;1;0;1;1;538;69;700
460;KL;KL525;CUN;AMS;;1160;615;;1111111;A330-300;578;1;1;1;1;1;1;538;68;615
461;KL;KL526;AMS;GRU;;805;770;;1111111;A330-300;634;1;1;1;1;1;1;635;76;770
462;KL;KL527;GRU;AMS;;1160;745;;1111111;A330-300;682;1;1;1;1;1;0;635;80;745
463;KL;KL528;AMS;EZE;;820;900;;0111011;Boeing 787-10;792;1;1;1;1;0;0;626;75;900
464;KL;KL529;EZE;AMS;;1175;865;;1011101;Boeing 787-10;735;1;1;1;1;1;0;626;80;865
465;KL;KL530;AMS;JNB;;790;695;;1111111;Boeing 777-300ER;649;1;1;1;0;1;0;586;70;695
466;KL;KL531;JNB;AMS;;1320;705;;1111111;Boeing 777-300ER;590;1;1;1;1;1;0;586;78;705
467;LH;LH1000;FRA;CDG;;460;70;;1111111;A319;106;1;0;0;1;0;0;45;63;70
468;LH;LH1001;CDG;FRA;;450;65;;1111111;A319;93;1;0;0;0;1;0;45;64;65
469;LH;LH1002;FRA;CDG;;635;70;;1111111;Embraer 190;99;1;0;0;1;0;0;45;74;70
470;LH;LH1003;CDG;FRA;;650;65;;1111111;Embraer 190;107;1;0;0;1;0;0;45;69;65
471;LH;LH1004;FRA;CDG;;830;70;;1111111;A320neo;110;1;0;0;1;1;0;38;66;70
472;LH;LH1005;CDG;FRA;;810;65;;1111111;A320neo;96;1;0;0;1;1;0;38;64;65
473;LH;LH1006;FRA;CDG;;1015;70;;1111111;A321;110;1;0;0;1;1;0;45;62;70
474;LH;LH1007;CDG;FRA;;1005;65;;1111111;A321;106;1;0;0;1;0;0;45;62;65
475;LH;LH1008;FRA;CDG;;1190;70;;1111111;A319;103;1;0;0;1;0;0;45;72;70
476;LH;LH1009;CDG;FRA;;1190;65;;1111111;A319;106;1;0;0;1;0;0;45;61;65
477;LH;LH1010;FRA;NCE;;580;95;;1111111;A319;123;1;0;0;1;0;0;72;62;95
478;LH;LH1011;NCE;FRA;;605;90;;1111111;A319;129;1;0;0;0;0;0;72;64;90
479;LH;LH1012;FRA;NCE;;1060;95;;1111111;Embraer 190;136;1;0;0;1;0;0;72;67;95
480;LH;LH1013;NCE;FRA;;1060;90;;1111111;Embraer 190;114;1;0;0;1;1;0;72;72;90
481;LH;LH1014;FRA;LYS;;595;80;;1111111;A320neo;117;1;0;0;1;1;0;46;72;80
482;LH;LH1015;LYS;FRA;;590;75;;1111111;A320neo;113;1;0;0;0;0;0;46;61;75
483;LH;LH1016;FRA;LYS;;1045;80;;1111111;A321;107;1;0;0;1;0;0;54;69;80
484;LH;LH1017;LYS;FRA;;1050;75;;1111111;A321;106;1;0;0;1;0;0;54;68;75
485;LH;LH1018;FRA;MRS;;595;100;;1111111;A320neo;139;1;0;0;0;1;0;65;62;100
486;LH;LH1019;MRS;FRA;;600;95;;1111111;A320neo;130;1;0;0;1;1;0;65;69;95
487;LH;LH1020;FRA;MRS;;1055;100;;1111111;A321;135;1;0;0;1;1;0;78;74;100
488;LH;LH1021;MRS;FRA;;1045;95;;1111111;A321;126;1;0;0;1;0;0;78;61;95
489;LH;LH1022;FRA;TLS;;585;105;;1111111;A321;139;1;0;0;0;0;0;90;62;105
490;LH;LH1023;TLS;FRA;;595;95;;1111111;A321;151;1;0;0;1;0;0;90;68;95
491;LH;LH1024;FRA;TLS;;1040;105;;1111111;A319;152;1;0;0;0;1;0;90;72;105
492;LH;LH1025;TLS;FRA;;1050;95;;1111111;A319;153;1;0;0;0;0;0;90;65;95
493;LH;LH1026;FRA;LHR;;430;90;;1111111;A319;119;1;0;0;0;1;0;65;70;90
494;LH;LH1027;LHR;FRA;;445;80;;1111111;A319;108;1;0;0;1;0;0;65;71;80
495;LH;LH1028;FRA;LHR;;605;90;;1111111;Embraer 190;109;1;0;0;0;0;0;65;68;90
496;LH;LH1029;LHR;FRA;;580;80;;1111111;Embraer 190;110;1;0;0;1;1;0;65;63;80
497;LH;LH1030;FRA;LHR;;740;90;;1111111;A320neo;112;1;0;0;0;1;0;55;68;90
498;LH;LH1031;LHR;FRA;;750;80;;1111111;A320neo;119;1;0;0;1;0;0;55;70;80
499;LH;LH1032;FRA;LHR;;890;90;;1111111;A321;123;1;0;0;0;0;0;65;68;90
500;LH;LH1033;LHR;FRA;;910;80;;1111111;A321;124;1;0;0;1;0;0;65;72;80
501;LH;LH1034;FRA;LHR;;1060;90;;1111111;A319;128;1;0;0;1;1;0;65;69;90
502;LH;LH1035;LHR;FRA;;1065;80;;1111111;A319;118;1;0;0;0;1;0;65;65;80
503;LH;LH1036;FRA;LHR;;1220;90;;1111111;Embraer 190;115;1;0;0;1;0;0;65;64;90
504;LH;LH1037;LHR;FRA;;1200;80;;1111111;Embraer 190;109;1;0;0;0;0;0;65;65;80
505;LH;LH1038;FRA;AMS;;520;65;;1111111;Embraer 190;103;1;0;0;1;0;0;37;75;65
506;LH;LH1039;AMS;FRA;;525;60;;1111111;Embraer 190;94;1;0;0;1;0;0;37;70;60
507;LH;LH1040;FRA;AMS;;820;65;;1111111;A320neo;105;1;0;0;1;0;0;31;64;65
508;LH;LH1041;AMS;FRA;;825;60;;1111111;A320neo;92;1;0;0;0;1;0;31;70;60
509;LH;LH1042;FRA;AMS;;1115;65;;1111111;A321;101;1;0;0;0;0;0;37;71;65
510;LH;LH1043;AMS;FRA;;1125;60;;1111111;A321;106;1;0;0;1;0;0;37;73;60
511;LH;LH1044;FRA;MUC;;590;55;;1111111;Embraer 190;95;1;0;0;1;1;0;30;61;55
512;LH;LH1045;MUC;FRA;;580;55;;1111111;Embraer 190;104;1;0;0;0;0;0;30;64;55
513;LH;LH1046;FRA;MUC;;1055;55;;1111111;A320neo;104;1;0;0;0;1;0;25;68;55
514;LH;LH1047;MUC;FRA;;1065;55;;1111111;A320neo;87;1;0;0;0;0;0;25;71;55
515;LH;LH1048;FRA;BER;;605;65;;1111111;A321;97;1;0;0;1;0;0;43;67;65
516;LH;LH1049;BER;FRA;;605;70;;1111111;A321;114;1;0;0;1;0;0;43;67;70
517;LH;LH1050;FRA;BER;;1065;65;;1111111;A319;97;1;0;0;1;0;0;43;72;65
518;LH;LH1051;BER;FRA;;1065;70;;1111111;A319;93;1;0;0;1;0;0;43;69;70
519;LH;LH1052;FRA;MAD;;530;150;;1111111;A319;182;1;0;0;1;0;0;142;64;150
520;LH;LH1053;MAD;FRA;;530;135;;1111111;A319;184;1;0;0;1;0;0;142;67;135
521;LH;LH1054;FRA;MAD;;830;150;;1111111;Embraer 190;185;1;0;0;0;1;0;142;67;150
522;LH;LH1055;MAD;FRA;;815;135;;1111111;Embraer 190;155;1;0;0;0;0;0;142;67;135
523;LH;LH1056;FRA;MAD;;1125;150;;1111111;A320neo;172;1;0;0;1;0;0;119;71;150
524;LH;LH1057;MAD;FRA;;1135;135;;1111111;A320neo;156;1;0;0;0;0;0;119;73;135
525;LH;LH1058;FRA;BCN;;510;120;;1111111;Embraer 190;148;1;0;0;0;1;0;109;72;120
526;LH;LH1059;BCN;FRA;;510;110;;1111111;Embraer 190;168;1;0;0;0;0;0;109;72;110
527;LH;LH1060;FRA;BCN;;810;120;;1111111;A320neo;137;1;0;0;0;1;0;92;70;120
528;LH;LH1061;BCN;FRA;;835;110;;1111111;A320neo;148;1;0;0;1;1;0;92;73;110
529;LH;LH1062;FRA;BCN;;1130;120;;1111111;A321;162;1;0;0;0;0;0;109;65;120
530;LH;LH1063;BCN;FRA;;1130;110;;1111111;A321;165;1;0;0;0;1;0;109;68;110
531;LH;LH1064;FRA;LIS;;600;195;;1111111;A320neo;210;1;0;0;1;1;0;126;68;195
532;LH;LH1065;LIS;FRA;;585;175;;1111111;A320neo;214;1;0;0;0;0;0;126;71;175
533;LH;LH1066;FRA;LIS;;1055;195;;1111111;A321;184;1;0;0;0;0;0;150;73;195
534;LH;LH1067;LIS;FRA;;1045;175;;1111111;A321;195;1;0;0;1;1;0;150;71;175
535;LH;LH1068;FRA;OPO;;830;175;;1111111;A320neo;168;1;0;0;0;1;0;111;69;175
536;LH;LH1069;OPO;FRA;;830;155;;1111111;A320neo;184;1;0;0;1;0;0;111;64;155
537;LH;LH1070;FRA;FCO;;530;100;;1111111;A319;146;1;0;0;1;1;0;96;61;100
538;LH;LH1071;FCO;FRA;;530;105;;1111111;A319;140;1;0;0;1;0;0;96;63;105
539;LH;LH1072;FRA;FCO;;815;100;;1111111;Embraer 190;127;1;0;0;0;1;0;96;63;100
540;LH;LH1073;FCO;FRA;;815;105;;1111111;Embraer 190;144;1;0;0;0;0;0;96;63;105
541;LH;LH1074;FRA;FCO;;1130;100;;1111111;A320neo;140;1;0;0;1;0;0;80;62;100
542;LH;LH1075;FCO;FRA;;1140;105;;1111111;A320neo;148;1;0;0;0;1;0;80;69;105
543;LH;LH1076;FRA;MXP;;590;70;;1111111;Embraer 190;115;1;0;0;0;0;0;49;64;70
544;LH;LH1077;MXP;FRA;;590;70;;1111111;Embraer 190;110;1;0;0;0;0;0;49;61;70
545;LH;LH1078;FRA;MXP;;1050;70;;1111111;A320neo;101;1;0;0;0;1;0;41;74;70
546;LH;LH1079;MXP;FRA;;1050;70;;1111111;A320neo;103;1;0;0;1;0;0;41;64;70
547;LH;LH1080;FRA;ZRH;;595;55;;1111111;A320neo;86;1;0;0;1;0;0;24;61;55
548;LH;LH1081;ZRH;FRA;;595;55;;1111111;A320neo;88;1;0;0;0;1;0;24;75;55
549;LH;LH1082;FRA;ZRH;;1065;55;;1111111;A321;96;1;0;0;1;0;0;29;66;55
550;LH;LH1083;ZRH;FRA;;1060;55;;1111111;A321;97;1;0;0;1;1;0;29;66;55
551;LH;LH1084;FRA;GVA;;600;70;;1111111;A320neo;95;1;0;0;1;1;0;39;72;70
552;LH;LH1085;GVA;FRA;;580;65;;1111111;A320neo;111;1;0;0;0;1;0;39;62;65
553;LH;LH1086;FRA;GVA;;1055;70;;1111111;A321;107;1;0;0;0;0;0;46;62;70
554;LH;LH1087;GVA;FRA;;1045;65;;1111111;A321;111;1;0;0;1;0;0;46;64;65
555;LH;LH1088;FRA;BRU;;580;60;;1111111;Embraer 190;97;1;0;0;1;1;0;30;68;60
556;LH;LH1089;BRU;FRA;;595;55;;1111111;Embraer 190;101;1;0;0;1;1;0;30;75;55
557;LH;LH1090;FRA;BRU;;1060;60;;1111111;A320neo;88;1;0;0;1;1;0;26;67;60
558;LH;LH1091;BRU;FRA;;1045;55;;1111111;A320neo;83;1;0;0;0;0;0;26;73;55
559;LH;LH1092;FRA;VIE;;595;80;;1111111;A320neo;107;1;0;0;1;0;0;52;74;80
560;LH;LH1093;VIE;FRA;;610;90;;1111111;A320neo;111;1;0;0;1;0;0;52;68;90
561;LH;LH1094;FRA;VIE;;1065;80;;1111111;A321;124;1;0;0;1;1;0;62;67;80
562;LH;LH1095;VIE;FRA;;1055;90;;1111111;A321;107;1;0;0;1;0;0;62;66;90
563;LH;LH1096;FRA;CPH;;610;85;;1111111;A321;120;1;0;0;1;0;0;68;67;85
564;LH;LH1097;CPH;FRA;;610;90;;1111111;A321;112;1;0;0;0;1;0;68;75;90
565;LH;LH1098;FRA;CPH;;1045;85;;1111111;A319;117;1;0;0;0;0;0;68;69;85
566;LH;LH1099;CPH;FRA;;1065;90;;1111111;A319;110;1;0;0;1;0;0;68;64;90
567;LH;LH1100;FRA;DUB;;590;120;;1111111;Embraer 190;162;1;0;0;1;1;0;109;74;120
568;LH;LH1101;DUB;FRA;;585;105;;1111111;Embraer 190;160;1;0;0;0;0;0;109;72;105
569;LH;LH1102;FRA;DUB;;1050;120;;1111111;A320neo;136;1;0;0;1;1;0;91;70;120
570;LH;LH1103;DUB;FRA;;1065;105;;1111111;A320neo;140;1;0;0;0;1;0;91;74;105
571;LH;LH1104;FRA;PRG;;590;60;;1111111;Embraer 190;97;1;0;0;0;1;0;41;68;60
572;LH;LH1105;PRG;FRA;;600;70;;1111111;Embraer 190;114;1;0;0;1;0;0;41;73;70
573;LH;LH1106;FRA;PRG;;1045;60;;1111111;A320neo;97;1;0;0;1;1;0;34;65;60
574;LH;LH1107;PRG;FRA;;1060;70;;1111111;A320neo;99;1;0;0;1;1;0;34;68;70
575;LH;LH1108;FRA;ATH;;825;170;;1111111;Embraer 190;198;1;0;0;1;0;0;145;72;170
576;LH;LH1109;ATH;FRA;;825;185;;1111111;Embraer 190;177;1;0;0;1;0;0;145;64;185
577;LH;LH1110;FRA;IST;;580;165;;1111111;A320neo;171;1;0;0;0;1;0;124;68;165
578;LH;LH1111;IST;FRA;;590;190;;1111111;A320neo;178;1;0;0;1;0;0;124;68;190
579;LH;LH1112;FRA;IST;;1055;165;;1111111;A321;183;1;0;0;1;0;0;147;65;165
580;LH;LH1113;IST;FRA;;1055;190;;1111111;A321;198;1;0;0;1;0;0;147;64;190
581;LH;LH1114;FRA;CMN;;835;225;;1111111;A320neo;223;1;0;0;1;1;0;153;65;225
582;LH;LH1115;CMN;FRA;;835;205;;1111111;A320neo;212;1;0;0;0;1;0;153;69;205
583;LH;LH1116;FRA;TUN;;580;145;;1111111;Embraer 190;164;1;0;0;1;0;0;147;65;145
584;LH;LH1117;TUN;FRA;;610;145;;1111111;Embraer 190;159;1;0;0;1;0;0;147;69;145
585;LH;LH1118;FRA;TUN;;1040;145;;1111111;A320neo;174;1;0;0;1;1;0;124;65;145
586;LH;LH1119;TUN;FRA;;1040;145;;1111111;A320neo;186;1;0;0;0;1;0;124;65;145
587;LH;LH1120;FRA;ALG;;820;160;;1111111;A320neo;161;1;0;0;1;1;0;104;67;160
588;LH;LH1121;ALG;FRA;;825;150;;1111111;A320neo;172;1;0;0;0;1;0;104;71;150
589;LH;LH1122;FRA;CAI;;830;235;;1111111;Embraer 190;249;1;0;0;1;0;0;234;63;235
590;LH;LH1123;CAI;FRA;;835;260;;1111111;Embraer 190;249;1;0;0;1;0;0;234;62;260
591;LH;LH406;FRA;JNB;;815;670;;1001001;A340-600;582;1;1;1;0;1;1;650;67;670
592;LH;LH407;JNB;FRA;;1300;680;;1100100;A340-600;592;1;1;1;1;1;0;650;63;680
593;LH;LH408;FRA;DXB;;920;370;;1111111;A350-900;421;1;1;1;0;1;1;264;64;370
594;LH;LH409;DXB;FRA;;385;415;;1111111;A350-900;370;1;1;1;0;1;0;264;72;415
595;LH;LH410;FRA;DEL;;1135;455;;1111111;Boeing 747-8;496;1;1;1;1;0;0;458;68;455
596;LH;LH411;DEL;FRA;;620;515;;1111111;Boeing 747-8;484;1;1;1;0;1;0;458;70;515
597;LH;LH412;FRA;BKK;;1155;650;;1111111;A340-600;596;1;1;1;0;1;1;673;64;650
598;LH;LH413;BKK;FRA;;605;735;;1111111;A340-600;548;1;1;1;1;1;0;673;66;735
599;LH;LH414;FRA;SIN;;1145;735;;1111111;A340-600;695;1;1;1;1;1;1;768;63;735
600;LH;LH415;SIN;FRA;;625;835;;1111111;A340-600;662;1;1;1;1;1;1;768;67;835
601;LH;LH416;FRA;HKG;;1145;690;;1111111;A340-600;561;1;1;1;0;1;0;684;69;690
602;LH;LH417;HKG;FRA;;625;775;;1111111;A340-600;582;1;1;1;1;1;0;684;74;775
603;LH;LH418;FRA;ICN;;1165;735;;1111111;A340-600;616;1;1;1;0;1;0;639;64;735
604;LH;LH419;ICN;FRA;;625;810;;1111111;A340-600;509;1;1;1;1;1;0;639;62;810
605;LH;LH420;FRA;HND;;1150;805;;1111111;A340-600;608;1;1;1;1;1;0;700;64;805
606;LH;LH421;HND;FRA;;610;880;;1111111;A340-600;530;1;1;1;1;1;0;700;66;880
607;LH;LH400;FRA;JFK;;665;530;;1111111;Boeing 747-8;418;1;1;1;1;1;0;463;73;530
608;LH;LH401;JFK;FRA;;1040;465;;1111111;Boeing 747-8;431;1;1;1;1;1;1;463;65;465
609;LH;LH402;FRA;JFK;;810;530;;1111111;A340-600;422;1;1;1;1;1;0;463;68;530
610;LH;LH403;JFK;FRA;;1170;465;;1111111;A340-600;477;1;1;1;1;1;0;463;66;465
611;LH;LH404;FRA;JFK;;970;530;;1111111;Boeing 787-9;456;1;1;1;0;1;0;338;69;530
612;LH;LH405;JFK;FRA;;1315;465;;1111111;Boeing 787-9;435;1;1;1;1;1;0;338;68;465
613;LH;LH422;FRA;MIA;;820;655;;1111111;Boeing 747-8;526;1;1;1;1;1;1;580;62;655
614;LH;LH423;MIA;FRA;;1185;580;;1111111;Boeing 747-8;500;1;1;1;1;1;1;580;72;580
615;LH;LH424;FRA;LAX;;810;760;;1111111;Boeing 747-8;641;1;1;1;1;1;0;697;73;760
616;LH;LH425;LAX;FRA;;1185;695;;1111111;Boeing 747-8;598;1;1;1;1;1;1;697;65;695
617;LH;LH426;FRA;SFO;;815;745;;1111111;A340-600;588;1;1;1;1;1;1;684;65;745
618;LH;LH427;SFO;FRA;;1185;685;;1111111;A340-600;546;1;1;1;1;1;0;684;72;685
619;LH;LH428;FRA;YUL;;835;500;;1111111;A340-600;417;1;1;1;1;1;0;438;74;500
620;LH;LH429;YUL;FRA;;1185;440;;1111111;A340-600;422;1;1;1;1;1;0;438;68;440
621;LH;LH430;FRA;MEX;;830;795;;1111111;A340-600;642;1;1;1;1;1;1;714;65;795
622;LH;LH431;MEX;FRA;;1190;705;;1111111;A340-600;670;1;1;1;1;1;0;714;64;705
623;LH;LH432;FRA;CUN;;820;725;;1111111;A350-900;582;1;1;1;1;1;0;470;63;725
624;LH;LH433;CUN;FRA;;1170;635;;1111111;A350-900;566;1;1;1;1;1;0;470;65;635
625;LH;LH434;FRA;GRU;;810;775;;1010101;A350-900;624;1;1;1;1;1;0;535;63;775
626;LH;LH435;GRU;FRA;;1180;745;;1101010;A350-900;592;1;1;1;1;1;0;535;62;745
627;LH;LH436;FRA;EZE;;820;900;;1111111;A350-900;655;1;1;1;1;1;1;628;67;900
628;LH;LH437;EZE;FRA;;1190;870;;1111111;A350-900;660;1;1;1;1;0;0;628;74;870
629;LH;LH1124;MUC;CDG;;485;95;;1111111;A319;119;1;0;0;0;0;0;68;69;95
630;LH;LH1125;CDG;MUC;;480;85;;1111111;A319;107;1;0;0;1;0;0;68;65;85
631;LH;LH1126;MUC;CDG;;725;95;;1111111;Embraer 190;107;1;0;0;1;1;0;68;67;95
632;LH;LH1127;CDG;MUC;;705;85;;1111111;Embraer 190;128;1;0;0;1;0;0;68;61;85
633;LH;LH1128;MUC;CDG;;950;95;;1111111;A320neo;116;1;0;0;1;0;0;57;69;95
634;LH;LH1129;CDG;MUC;;940;85;;1111111;A320neo;110;1;0;0;1;0;0;57;63;85
635;LH;LH1130;MUC;CDG;;1165;95;;1111111;A321;114;1;0;0;1;0;0;68;71;95
636;LH;LH1131;CDG;MUC;;1175;85;;1111111;A321;121;1;0;0;1;0;0;68;61;85
637;LH;LH1132;MUC;NCE;;595;90;;1111111;A319;122;1;0;0;0;0;0;63;70;90
638;LH;LH1133;NCE;MUC;;585;80;;1111111;A319;109;1;0;0;1;0;0;63;62;80
639;LH;LH1134;MUC;NCE;;1055;90;;1111111;Embraer 190;110;1;0;0;1;0;0;63;75;90
640;LH;LH1135;NCE;MUC;;1045;80;;1111111;Embraer 190;108;1;0;0;0;1;0;63;72;80
641;LH;LH1136;MUC;LYS;;585;85;;1111111;A319;111;1;0;0;1;0;0;59;73;85
642;LH;LH1137;LYS;MUC;;580;75;;1111111;A319;106;1;0;0;0;1;0;59;72;75
643;LH;LH1138;MUC;LYS;;1045;85;;1111111;Embraer 190;114;1;0;0;1;0;0;59;66;85
644;LH;LH1139;LYS;MUC;;1055;75;;1111111;Embraer 190;117;1;0;0;1;0;0;59;63;75
645;LH;LH1140;MUC;MRS;;600;100;;1111111;A319;139;1;0;0;1;0;0;75;62;100
646;LH;LH1141;MRS;MUC;;590;90;;1111111;A319;122;1;0;0;1;1;0;75;71;90
647;LH;LH1142;MUC;MRS;;1055;100;;1111111;Embraer 190;138;1;0;0;0;1;0;75;73;100
648;LH;LH1143;MRS;MUC;;1040;90;;1111111;Embraer 190;127;1;0;0;1;1;0;75;62;90
649;LH;LH1144;MUC;TLS;;810;110;;1011111;A321;147;1;0;0;1;1;0;96;72;110
650;LH;LH1145;TLS;MUC;;830;100;;1011111;A321;151;1;0;0;0;0;0;96;63;100
651;LH;LH1146;MUC;BOD;;830;115;;1010101;A321;151;1;0;0;1;0;0;103;72;115
652;LH;LH1147;BOD;MUC;;835;105;;1010101;A321;141;1;0;0;0;0;0;103;62;105
653;LH;LH1148;MUC;LHR;;515;110;;1111111;A320neo;137;1;0;0;1;0;0;79;75;110
654;LH;LH1149;LHR;MUC;;515;95;;1111111;A320neo;142;1;0;0;0;1;0;79;67;95
655;LH;LH1150;MUC;LHR;;835;110;;1111111;A321;144;1;0;0;1;0;0;94;73;110
656;LH;LH1151;LHR;MUC;;825;95;;1111111;A321;124;1;0;0;1;1;0;94;65;95
657;LH;LH1152;MUC;LHR;;1140;110;;1111111;A319;145;1;0;0;1;1;0;94;70;110
658;LH;LH1153;LHR;MUC;;1140;95;;1111111;A319;137;1;0;0;1;0;0;94;74;95
659;LH;LH1154;MUC;AMS;;515;90;;1111111;Embraer 190;111;1;0;0;1;0;0;66;65;90
660;LH;LH1155;AMS;MUC;;505;85;;1111111;Embraer 190;112;1;0;0;1;0;0;66;62;85
661;LH;LH1156;MUC;AMS;;835;90;;1111111;A320neo;127;1;0;0;1;1;0;56;68;90
662;LH;LH1157;AMS;MUC;;825;85;;1111111;A320neo;108;1;0;0;1;1;0;56;65;85
663;LH;LH1158;MUC;AMS;;1120;90;;1111111;A321;126;1;0;0;0;0;0;66;70;90
664;LH;LH1159;AMS;MUC;;1125;85;;1111111;A321;130;1;0;0;0;1;0;66;69;85
665;LH;LH1160;MUC;BER;;610;70;;1111111;A321;104;1;0;0;1;0;0;46;61;70
666;LH;LH1161;BER;MUC;;595;70;;1111111;A321;110;1;0;0;1;1;0;46;74;70
667;LH;LH1162;MUC;BER;;1055;70;;1111111;A319;109;1;0;0;0;0;0;46;64;70
668;LH;LH1163;BER;MUC;;1055;70;;1111111;A319;111;1;0;0;1;0;0;46;73;70
669;LH;LH1164;MUC;MAD;;505;155;;1111111;A320neo;182;1;0;0;1;1;0;126;68;155
670;LH;LH1165;MAD;MUC;;525;140;;1111111;A320neo;158;1;0;0;1;1;0;126;63;140
671;LH;LH1166;MUC;MAD;;825;155;;1111111;A321;173;1;0;0;0;1;0;150;68;155
672;LH;LH1167;MAD;MUC;;810;140;;1111111;A321;193;1;0;0;1;0;0;150;64;140
673;LH;LH1168;MUC;MAD;;1130;155;;1111111;A319;193;1;0;0;1;0;0;150;65;155
674;LH;LH1169;MAD;MUC;;1135;140;;1111111;A319;189;1;0;0;1;1;0;150;71;140
675;LH;LH1170;MUC;BCN;;520;120;;1111111;Embraer 190;155;1;0;0;0;0;0;109;63;120
676;LH;LH1171;BCN;MUC;;505;110;;1111111;Embraer 190;137;1;0;0;0;0;0;109;64;110
677;LH;LH1172;MUC;BCN;;835;120;;1111111;A320neo;156;1;0;0;1;0;0;92;72;120
678;LH;LH1173;BCN;MUC;;830;110;;1111111;A320neo;160;1;0;0;0;1;0;92;64;110
679;LH;LH1174;MUC;BCN;;1135;120;;1111111;A321;168;1;0;0;0;0;0;109;66;120
680;LH;LH1175;BCN;MUC;;1140;110;;1111111;A321;148;1;0;0;0;0;0;109;73;110
681;LH;LH1176;MUC;LIS;;830;205;;1111111;A319;213;1;0;0;1;0;0;159;66;205
682;LH;LH1177;LIS;MUC;;825;180;;1111111;A319;197;1;0;0;1;0;0;159;66;180
683;LH;LH1178;MUC;OPO;;820;185;;1111111;A320neo;199;1;0;0;1;0;0;120;73;185
684;LH;LH1179;OPO;MUC;;820;165;;1111111;A320neo;179;1;0;0;1;1;0;120;67;165
685;LH;LH1180;MUC;FCO;;510;95;;1111111;A319;135;1;0;0;1;1;0;73;72;95
686;LH;LH1181;FCO;MUC;;520;95;;1111111;A319;122;1;0;0;0;1;0;73;61;95
687;LH;LH1182;MUC;FCO;;810;95;;1111111;Embraer 190;130;1;0;0;1;0;0;73;71;95
688;LH;LH1183;FCO;MUC;;825;95;;1111111;Embraer 190;116;1;0;0;0;0;0;73;67;95
689;LH;LH1184;MUC;FCO;;1120;95;;1111111;A320neo;110;1;0;0;0;0;0;61;63;95
690;LH;LH1185;FCO;MUC;;1115;95;;1111111;A320neo;134;1;0;0;1;1;0;61;65;95
691;LH;LH1186;MUC;MXP;;600;65;;1111111;Embraer 190;102;1;0;0;1;0;0;38;72;65
692;LH;LH1187;MXP;MUC;;590;60;;1111111;Embraer 190;108;1;0;0;1;0;0;38;72;60
693;LH;LH1188;MUC;MXP;;1055;65;;1111111;A320neo;104;1;0;0;0;1;0;32;72;65
694;LH;LH1189;MXP;MUC;;1050;60;;1111111;A320neo;96;1;0;0;1;1;0;32;72;60
695;LH;LH1190;MUC;ZRH;;600;55;;1111111;A320neo;84;1;0;0;0;1;0;22;68;55
696;LH;LH1191;ZRH;MUC;;585;50;;1111111;A320neo;95;1;0;0;1;1;0;22;74;50
697;LH;LH1192;MUC;ZRH;;1055;55;;1111111;A321;82;1;0;0;1;1;0;26;68;55
698;LH;LH1193;ZRH;MUC;;1065;50;;1111111;A321;91;1;0;0;1;1;0;26;74;50
699;LH;LH1194;MUC;GVA;;585;75;;1111111;A319;115;1;0;0;1;0;0;49;74;75
700;LH;LH1195;GVA;MUC;;585;70;;1111111;A319;110;1;0;0;1;0;0;49;61;70
701;LH;LH1196;MUC;GVA;;1045;75;;1111111;Embraer 190;99;1;0;0;0;1;0;49;74;75
702;LH;LH1197;GVA;MUC;;1040;70;;1111111;Embraer 190;104;1;0;0;0;0;0;49;69;70
703;LH;LH1198;MUC;BRU;;595;85;;1111111;Embraer 190;104;1;0;0;1;1;0;60;68;85
704;LH;LH1199;BRU;MUC;;600;75;;1111111;Embraer 190;125;1;0;0;1;0;0;60;64;75
705;LH;LH1200;MUC;BRU;;1040;85;;1111111;A320neo;102;1;0;0;0;1;0;50;75;85
706;LH;LH1201;BRU;MUC;;1070;75;;1111111;A320neo;112;1;0;0;1;1;0;50;72;75
707;LH;LH1202;MUC;VIE;;590;55;;1111111;A320neo;92;1;0;0;1;0;0;30;75;55
708;LH;LH1203;VIE;MUC;;600;65;;1111111;A320neo;94;1;0;0;1;1;0;30;69;65
709;LH;LH1204;MUC;VIE;;1050;55;;1111111;A321;93;1;0;0;0;0;0;36;68;55
710;LH;LH1205;VIE;MUC;;1055;65;;1111111;A321;104;1;0;0;1;0;0;36;72;65
711;LH;LH1206;MUC;CPH;;585;90;;1111111;A321;138;1;0;0;0;1;0;81;68;90
712;LH;LH1207;CPH;MUC;;595;90;;1111111;A321;139;1;0;0;1;1;0;81;62;90
713;LH;LH1208;MUC;CPH;;1055;90;;1111111;A319;128;1;0;0;1;0;0;81;75;90
714;LH;LH1209;CPH;MUC;;1045;90;;1111111;A319;134;1;0;0;0;0;0;81;67;90
715;LH;LH1210;MUC;DUB;;605;145;;1111111;Embraer 190;178;1;0;0;1;1;0;138;74;145
716;LH;LH1211;DUB;MUC;;580;130;;1111111;Embraer 190;183;1;0;0;1;1;0;138;70;130
717;LH;LH1212;MUC;DUB;;1065;145;;1111111;A320neo;180;1;0;0;1;1;0;116;65;145
718;LH;LH1213;DUB;MUC;;1050;130;;1111111;A320neo;172;1;0;0;1;0;0;116;66;130
719;LH;LH1214;MUC;PRG;;580;50;;1111111;Embraer 190;96;1;0;0;1;0;0;26;63;50
720;LH;LH1215;PRG;MUC;;595;55;;1111111;Embraer 190;89;1;0;0;1;0;0;26;65;55
721;LH;LH1216;MUC;PRG;;1045;50;;1111111;A320neo;93;1;0;0;1;1;0;22;68;50
722;LH;LH1217;PRG;MUC;;1065;55;;1111111;A320neo;83;1;0;0;0;0;0;22;64;55
723;LH;LH1218;MUC;ATH;;820;145;;1111111;Embraer 190;178;1;0;0;0;0;0;121;73;145
724;LH;LH1219;ATH;MUC;;825;160;;1111111;Embraer 190;190;1;0;0;1;0;0;121;61;160
725;LH;LH1220;MUC;IST;;605;145;;1111111;A319;164;1;0;0;1;0;0;124;63;145
726;LH;LH1221;IST;MUC;;595;165;;1111111;A319;161;1;0;0;1;0;0;124;72;165
727;LH;LH1222;MUC;IST;;1050;145;;1111111;Embraer 190;171;1;0;0;1;0;0;124;64;145
728;LH;LH1223;IST;MUC;;1060;165;;1111111;Embraer 190;178;1;0;0;0;0;0;124;73;165
729;LH;LH1224;MUC;CAI;;825;215;;1111111;Embraer 190;231;1;0;0;0;0;0;210;65;215
730;LH;LH1225;CAI;MUC;;815;235;;1111111;Embraer 190;253;1;0;0;1;0;0;210;68;235
731;LH;LH438;MUC;DXB;;915;350;;1111111;A350-900;347;1;1;1;0;1;1;249;72;350
732;LH;LH439;DXB;MUC;;400;395;;1111111;A350-900;398;1;1;1;0;1;0;249;74;395
733;LH;LH440;MUC;DEL;;1160;440;;0110110;Boeing 747-8;451;1;1;1;1;1;1;441;73;440
734;LH;LH441;DEL;MUC;;610;500;;0011011;Boeing 747-8;465;1;1;1;1;1;0;441;65;500
735;LH;LH442;MUC;BKK;;1155;635;;1111111;A340-600;615;1;1;1;1;1;0;658;67;635
736;LH;LH443;BKK;MUC;;595;720;;1111111;A340-600;562;1;1;1;1;1;1;658;65;720
737;LH;LH444;MUC;SIN;;1140;720;;1111111;A340-600;600;1;1;1;1;1;1;752;69;720
738;LH;LH445;SIN;MUC;;615;820;;1111111;A340-600;660;1;1;1;1;1;1;752;71;820
739;LH;LH446;MUC;HND;;1160;805;;1111111;A350-900;648;1;1;1;0;1;0;511;63;805
740;LH;LH447;HND;MUC;;605;880;;1111111;A350-900;604;1;1;1;0;1;0;511;73;880
741;LH;LH448;MUC;ICN;;1155;730;;0101010;A350-900;538;1;1;1;0;1;0;464;72;730
742;LH;LH449;ICN;MUC;;615;810;;0010101;A350-900;635;1;1;1;0;1;0;464;65;810
743;LH;LH450;MUC;JFK;;810;550;;1111111;Boeing 747-8;452;1;1;1;1;1;0;484;70;550
744;LH;LH451;JFK;MUC;;1170;485;;1111111;Boeing 747-8;428;1;1;1;1;1;0;484;63;485
745;LH;LH452;MUC;MIA;;830;680;;0101010;Boeing 747-8;544;1;1;1;1;1;0;601;69;680
746;LH;LH453;MIA;MUC;;1195;595;;0010101;Boeing 747-8;599;1;1;1;0;1;1;601;74;595
747;LH;LH454;MUC;LAX;;820;785;;1111111;Boeing 747-8;571;1;1;1;1;1;0;719;67;785
748;LH;LH455;LAX;MUC;;1165;715;;1111111;Boeing 747-8;702;1;1;1;1;1;1;719;68;715
749;LH;LH456;MUC;SFO;;810;765;;1011101;A340-600;577;1;1;1;1;0;0;705;65;765
750;LH;LH457;SFO;MUC;;1165;705;;1101110;A340-600;594;1;1;1;1;1;0;705;72;705
751;LH;LH458;MUC;YUL;;820;525;;1111111;A340-600;410;1;1;1;0;0;0;460;68;525
752;LH;LH459;YUL;MUC;;1170;460;;1111111;A340-600;480;1;1;1;1;1;1;460;70;460
753;LH;LH460;MUC;MEX;;825;815;;1101010;A350-900;694;1;1;1;0;0;1;538;67;815
754;LH;LH461;MEX;MUC;;1185;725;;0110101;A350-900;579;1;1;1;1;1;1;538;74;725
755;LH;LH462;MUC;CUN;;825;745;;1010100;A350-900;656;1;1;1;1;1;1;485;68;745
756;LH;LH463;CUN;MUC;;1170;655;;0101010;A350-900;561;1;1;1;1;1;0;485;62;655
757;BA;BA1400;LHR;CDG;;490;55;;1111111;A320neo;92;1;0;0;1;1;0;29;70;55
758;BA;BA1401;CDG;LHR;;475;60;;1111111;A320neo;90;1;0;0;1;1;0;29;77;60
759;BA;BA1402;LHR;CDG;;710;55;;1111111;A321neo;85;1;0;0;1;1;0;29;66;55
760;BA;BA1403;CDG;LHR;;715;60;;1111111;A321neo;101;1;0;0;1;0;0;29;79;60
761;BA;BA1404;LHR;CDG;;930;55;;1111111;A319;88;1;0;0;0;0;0;35;71;55
762;BA;BA1405;CDG;LHR;;935;60;;1111111;A319;93;1;0;0;1;0;0;35;78;60
763;BA;BA1406;LHR;CDG;;1165;55;;1111111;A320neo;91;1;0;0;1;1;0;29;67;55
764;BA;BA1407;CDG;LHR;;1160;60;;1111111;A320neo;90;1;0;0;1;1;0;29;78;60
765;BA;BA1408;LHR;NCE;;530;105;;1111111;A321neo;152;1;0;0;1;0;0;87;69;105
766;BA;BA1409;NCE;LHR;;525;115;;1111111;A321neo;144;1;0;0;1;1;0;87;76;115
767;BA;BA1410;LHR;NCE;;820;105;;1111111;A319;140;1;0;0;0;1;0;104;66;105
768;BA;BA1411;NCE;LHR;;820;115;;1111111;A319;151;1;0;0;1;0;0;104;65;115
769;BA;BA1412;LHR;NCE;;1140;105;;1111111;A320neo;152;1;0;0;0;1;0;87;67;105
770;BA;BA1413;NCE;LHR;;1145;115;;1111111;A320neo;158;1;0;0;1;1;0;87;78;115
771;BA;BA1414;LHR;LYS;;525;90;;1111111;A321neo;132;1;0;0;0;1;0;64;78;90
772;BA;BA1415;LYS;LHR;;510;100;;1111111;A321neo;137;1;0;0;1;1;0;64;75;100
773;BA;BA1416;LHR;LYS;;825;90;;1111111;A319;132;1;0;0;1;0;0;76;67;90
774;BA;BA1417;LYS;LHR;;825;100;;1111111;A319;130;1;0;0;1;0;0;76;67;100
775;BA;BA1418;LHR;LYS;;1115;90;;1111111;A320neo;124;1;0;0;0;1;0;64;73;90
776;BA;BA1419;LYS;LHR;;1120;100;;1111111;A320neo;123;1;0;0;1;1;0;64;77;100
777;BA;BA1420;LHR;MRS;;515;105;;1111111;A319;158;1;0;0;1;0;0;99;77;105
778;BA;BA1421;MRS;LHR;;505;110;;1111111;A319;155;1;0;0;0;0;0;99;72;110
779;BA;BA1422;LHR;MRS;;815;105;;1111111;A320neo;157;1;0;0;1;0;0;83;66;105
780;BA;BA1423;MRS;LHR;;810;110;;1111111;A320neo;142;1;0;0;0;0;0;83;71;110
781;BA;BA1424;LHR;MRS;;1135;105;;1111111;A321neo;149;1;0;0;1;0;0;83;78;105
782;BA;BA1425;MRS;LHR;;1120;110;;1111111;A321neo;144;1;0;0;1;1;0;83;73;110
783;BA;BA1426;LHR;TLS;;600;95;;1111111;A320neo;149;1;0;0;1;1;0;74;76;95
784;BA;BA1427;TLS;LHR;;590;100;;1111111;A320neo;122;1;0;0;1;1;0;74;67;100
785;BA;BA1428;LHR;TLS;;1065;95;;1111111;A321neo;148;1;0;0;1;1;0;74;66;95
786;BA;BA1429;TLS;LHR;;1060;100;;1111111;A321neo;132;1;0;0;1;1;0;74;76;100
787;BA;BA1430;LHR;BOD;;590;95;;1111111;A319;115;1;0;0;1;0;0;74;71;95
788;BA;BA1431;BOD;LHR;;585;95;;1111111;A319;116;1;0;0;1;0;0;74;73;95
789;BA;BA1432;LHR;BOD;;1065;95;;1111111;A320neo;136;1;0;0;1;1;0;62;76;95
790;BA;BA1433;BOD;LHR;;1045;95;;1111111;A320neo;137;1;0;0;1;0;0;62;68;95
791;BA;BA1434;LHR;AMS;;445;60;;1111111;A320neo;104;1;0;0;1;1;0;31;67;60
792;BA;BA1435;AMS;LHR;;450;65;;1111111;A320neo;88;1;0;0;0;1;0;31;79;65
793;BA;BA1436;LHR;AMS;;590;60;;1111111;A321neo;107;1;0;0;1;1;0;31;68;60
794;BA;BA1437;AMS;LHR;;600;65;;1111111;A321neo;96;1;0;0;0;1;0;31;75;65
795;BA;BA1438;LHR;AMS;;740;60;;1111111;A319;93;1;0;0;1;1;0;37;69;60
796;BA;BA1439;AMS;LHR;;750;65;;1111111;A319;102;1;0;0;1;1;0;37;69;65
797;BA;BA1440;LHR;AMS;;900;60;;1111111;A320neo;99;1;0;0;1;1;0;31;75;60
798;BA;BA1441;AMS;LHR;;900;65;;1111111;A320neo;94;1;0;0;1;1;0;31;79;65
799;BA;BA1442;LHR;AMS;;1045;60;;1111111;A321neo;99;1;0;0;1;1;0;31;72;60
800;BA;BA1443;AMS;LHR;;1045;65;;1111111;A321neo;97;1;0;0;0;1;0;31;69;65
801;BA;BA1444;LHR;AMS;;1205;60;;1111111;A319;94;1;0;0;1;1;0;37;73;60
802;BA;BA1445;AMS;LHR;;1200;65;;1111111;A319;92;1;0;0;1;1;0;37;75;65
803;BA;BA1446;LHR;FRA;;490;80;;1111111;A321neo;112;1;0;0;1;1;0;55;77;80
804;BA;BA1447;FRA;LHR;;480;90;;1111111;A321neo;121;1;0;0;0;0;0;55;70;90
805;BA;BA1448;LHR;FRA;;695;80;;1111111;A319;109;1;0;0;1;1;0;65;66;80
806;BA;BA1449;FRA;LHR;;720;90;;1111111;A319;110;1;0;0;0;0;0;65;67;90
807;BA;BA1450;LHR;FRA;;955;80;;1111111;A320neo;121;1;0;0;1;1;0;55;72;80
808;BA;BA1451;FRA;LHR;;940;90;;1111111;A320neo;115;1;0;0;0;1;0;55;69;90
809;BA;BA1452;LHR;FRA;;1160;80;;1111111;A321neo;109;1;0;0;0;1;0;55;69;80
810;BA;BA1453;FRA;LHR;;1160;90;;1111111;A321neo;114;1;0;0;0;1;0;55;67;90
811;BA;BA1454;LHR;MUC;;510;95;;1111111;A320neo;148;1;0;0;1;1;0;79;65;95
812;BA;BA1455;MUC;LHR;;520;110;;1111111;A320neo;138;1;0;0;0;0;0;79;68;110
813;BA;BA1456;LHR;MUC;;810;95;;1111111;A321neo;123;1;0;0;1;1;0;79;77;95
814;BA;BA1457;MUC;LHR;;810;110;;1111111;A321neo;139;1;0;0;1;1;0;79;77;110
815;BA;BA1458;LHR;MUC;;1145;95;;1111111;A319;133;1;0;0;1;0;0;94;74;95
816;BA;BA1459;MUC;LHR;;1135;110;;1111111;A319;144;1;0;0;1;0;0;94;67;110
817;BA;BA1460;LHR;BER;;505;100;;1111111;A320neo;139;1;0;0;1;1;0;81;72;100
818;BA;BA1461;BER;LHR;;505;110;;1111111;A320neo;145;1;0;0;1;1;0;81;75;110
819;BA;BA1462;LHR;BER;;830;100;;1111111;A321neo;143;1;0;0;1;1;0;81;76;100
820;BA;BA1463;BER;LHR;;815;110;;1111111;A321neo;140;1;0;0;0;1;0;81;78;110
821;BA;BA1464;LHR;BER;;1135;100;;1111111;A319;137;1;0;0;0;0;0;96;79;100
822;BA;BA1465;BER;LHR;;1125;110;;1111111;A319;154;1;0;0;1;1;0;96;75;110
823;BA;BA1466;LHR;MAD;;465;130;;1111111;A321neo;146;1;0;0;1;0;0;105;75;130
824;BA;BA1467;MAD;LHR;;450;125;;1111111;A321neo;154;1;0;0;1;0;0;105;73;125
825;BA;BA1468;LHR;MAD;;635;130;;1111111;A319;162;1;0;0;1;0;0;125;72;130
826;BA;BA1469;MAD;LHR;;630;125;;1111111;A319;145;1;0;0;1;0;0;125;74;125
827;BA;BA1470;LHR;MAD;;830;130;;1111111;A320neo;164;1;0;0;1;1;0;105;76;130
828;BA;BA1471;MAD;LHR;;835;125;;1111111;A320neo;175;1;0;0;1;1;0;105;73;125
829;BA;BA1472;LHR;MAD;;1005;130;;1111111;A321neo;172;1;0;0;0;0;0;105;75;130
830;BA;BA1473;MAD;LHR;;1005;125;;1111111;A321neo;148;1;0;0;1;1;0;105;77;125
831;BA;BA1474;LHR;MAD;;1185;130;;1111111;A319;156;1;0;0;1;0;0;125;67;130
832;BA;BA1475;MAD;LHR;;1185;125;;1111111;A319;148;1;0;0;0;0;0;125;68;125
833;BA;BA1476;LHR;BCN;;490;115;;1111111;A321neo;169;1;0;0;1;1;0;96;79;115
834;BA;BA1477;BCN;LHR;;485;120;;1111111;A321neo;146;1;0;0;1;1;0;96;70;120
835;BA;BA1478;LHR;BCN;;720;115;;1111111;A319;166;1;0;0;1;0;0;115;74;115
836;BA;BA1479;BCN;LHR;;715;120;;1111111;A319;139;1;0;0;1;0;0;115;77;120
837;BA;BA1480;LHR;BCN;;935;115;;1111111;A320neo;162;1;0;0;1;1;0;96;73;115
838;BA;BA1481;BCN;LHR;;940;120;;1111111;A320neo;162;1;0;0;1;1;0;96;73;120
839;BA;BA1482;LHR;BCN;;1160;115;;1111111;A321neo;150;1;0;0;0;1;0;96;77;115
840;BA;BA1483;BCN;LHR;;1170;120;;1111111;A321neo;159;1;0;0;0;1;0;96;78;120
841;BA;BA1484;LHR;LIS;;590;160;;1111111;A319;178;1;0;0;0;0;0;125;72;160
842;BA;BA1485;LIS;LHR;;585;155;;1111111;A319;176;1;0;0;0;0;0;125;77;155
843;BA;BA1486;LHR;LIS;;1050;160;;1111111;A320neo;193;1;0;0;1;0;0;105;73;160
844;BA;BA1487;LIS;LHR;;1040;155;;1111111;A320neo;193;1;0;0;1;0;0;105;72;155
845;BA;BA1488;LHR;OPO;;530;135;;1111111;A320neo;153;1;0;0;1;0;0;109;66;135
846;BA;BA1489;OPO;LHR;;510;125;;1111111;A320neo;161;1;0;0;1;1;0;109;66;125
847;BA;BA1490;LHR;OPO;;835;135;;1111111;A321neo;165;1;0;0;0;1;0;109;76;135
848;BA;BA1491;OPO;LHR;;835;125;;1111111;A321neo;150;1;0;0;0;0;0;109;76;125
849;BA;BA1492;LHR;OPO;;1130;135;;1111111;A319;173;1;0;0;1;0;0;130;77;135
850;BA;BA1493;OPO;LHR;;1125;125;;1111111;A319;173;1;0;0;0;1;0;130;69;125
851;BA;BA1494;LHR;FCO;;480;135;;1111111;A321neo;187;1;0;0;0;1;0;121;68;135
852;BA;BA1495;FCO;LHR;;480;150;;1111111;A321neo;175;1;0;0;1;0;0;121;66;150
853;BA;BA1496;LHR;FCO;;720;135;;1111111;A319;185;1;0;0;1;0;0;144;68;135
854;BA;BA1497;FCO;LHR;;700;150;;1111111;A319;178;1;0;0;1;0;0;144;70;150
855;BA;BA1498;LHR;FCO;;925;135;;1111111;A320neo;157;1;0;0;1;1;0;121;69;135
856;BA;BA1499;FCO;LHR;;930;150;;1111111;A320neo;187;1;0;0;1;1;0;121;68;150
857;BA;BA1500;LHR;FCO;;1160;135;;1111111;A321neo;179;1;0;0;0;1;0;121;68;135
858;BA;BA1501;FCO;LHR;;1175;150;;1111111;A321neo;189;1;0;0;1;0;0;121;69;150
859;BA;BA1502;LHR;MXP;;505;95;;1111111;A321neo;146;1;0;0;1;0;0;79;66;95
860;BA;BA1503;MXP;LHR;;515;105;;1111111;A321neo;140;1;0;0;1;0;0;79;73;105
861;BA;BA1504;LHR;MXP;;835;95;;1111111;A319;136;1;0;0;0;0;0;94;79;95
862;BA;BA1505;MXP;LHR;;820;105;;1111111;A319;129;1;0;0;0;0;0;94;67;105
863;BA;BA1506;LHR;MXP;;1125;95;;1111111;A320neo;155;1;0;0;0;1;0;79;68;95
864;BA;BA1507;MXP;LHR;;1140;105;;1111111;A320neo;143;1;0;0;1;1;0;79;72;105
865;BA;BA1508;LHR;ZRH;;510;95;;1111111;A321neo;114;1;0;0;1;1;0;66;77;95
866;BA;BA1509;ZRH;LHR;;520;105;;1111111;A321neo;117;1;0;0;1;1;0;66;67;105
867;BA;BA1510;LHR;ZRH;;820;95;;1111111;A319;118;1;0;0;1;1;0;79;67;95
868;BA;BA1511;ZRH;LHR;;815;105;;1111111;A319;131;1;0;0;1;0;0;79;65;105
869;BA;BA1512;LHR;ZRH;;1140;95;;1111111;A320neo;115;1;0;0;1;0;0;66;76;95
870;BA;BA1513;ZRH;LHR;;1120;105;;1111111;A320neo;121;1;0;0;1;1;0;66;74;105
871;BA;BA1514;LHR;GVA;;505;90;;1111111;A320neo;117;1;0;0;1;1;0;63;77;90
872;BA;BA1515;GVA;LHR;;505;100;;1111111;A320neo;113;1;0;0;1;0;0;63;74;100
873;BA;BA1516;LHR;GVA;;815;90;;1111111;A321neo;135;1;0;0;1;1;0;63;68;90
874;BA;BA1517;GVA;LHR;;830;100;;1111111;A321neo;136;1;0;0;1;1;0;63;66;100
875;BA;BA1518;LHR;GVA;;1140;90;;1111111;A319;123;1;0;0;1;0;0;75;75;90
876;BA;BA1519;GVA;LHR;;1125;100;;1111111;A319;122;1;0;0;1;0;0;75;69;100
877;BA;BA1520;LHR;BRU;;520;55;;1111111;A319;88;1;0;0;1;1;0;35;79;55
878;BA;BA1521;BRU;LHR;;515;65;;1111111;A319;100;1;0;0;1;1;0;35;70;65
879;BA;BA1522;LHR;BRU;;825;55;;1111111;A320neo;95;1;0;0;0;1;0;29;73;55
880;BA;BA1523;BRU;LHR;;835;65;;1111111;A320neo;85;1;0;0;1;0;0;29;65;65
881;BA;BA1524;LHR;BRU;;1140;55;;1111111;A321neo;91;1;0;0;1;0;0;29;70;55
882;BA;BA1525;BRU;LHR;;1130;65;;1111111;A321neo;89;1;0;0;1;1;0;29;76;65
883;BA;BA1526;LHR;VIE;;515;120;;1111111;A319;168;1;0;0;1;1;0;127;68;120
884;BA;BA1527;VIE;LHR;;520;140;;1111111;A319;160;1;0;0;0;0;0;127;69;140
885;BA;BA1528;LHR;VIE;;815;120;;1111111;A320neo;157;1;0;0;1;1;0;107;72;120
886;BA;BA1529;VIE;LHR;;835;140;;1111111;A320neo;144;1;0;0;1;0;0;107;68;140
887;BA;BA1530;LHR;VIE;;1115;120;;1111111;A321neo;154;1;0;0;0;1;0;107;74;120
888;BA;BA1531;VIE;LHR;;1120;140;;1111111;A321neo;145;1;0;0;1;1;0;107;74;140
889;BA;BA1532;LHR;CPH;;530;100;;1111111;A319;146;1;0;0;1;0;0;98;77;100
890;BA;BA1533;CPH;LHR;;520;110;;1111111;A319;153;1;0;0;1;1;0;98;73;110
891;BA;BA1534;LHR;CPH;;810;100;;1111111;A320neo;131;1;0;0;1;1;0;82;72;100
892;BA;BA1535;CPH;LHR;;820;110;;1111111;A320neo;131;1;0;0;1;0;0;82;79;110
893;BA;BA1536;LHR;CPH;;1135;100;;1111111;A321neo;150;1;0;0;1;1;0;82;65;100
894;BA;BA1537;CPH;LHR;;1140;110;;1111111;A321neo;147;1;0;0;1;1;0;82;70;110
895;BA;BA1538;LHR;DUB;;520;70;;1111111;A320neo;100;1;0;0;1;1;0;38;68;70
896;BA;BA1539;DUB;LHR;;505;65;;1111111;A320neo;107;1;0;0;1;1;0;38;79;65
897;BA;BA1540;LHR;DUB;;810;70;;1111111;A321neo;98;1;0;0;0;1;0;38;71;70
898;BA;BA1541;DUB;LHR;;825;65;;1111111;A321neo;95;1;0;0;1;1;0;38;67;65
899;BA;BA1542;LHR;DUB;;1120;70;;1111111;A319;104;1;0;0;1;0;0;45;68;70
900;BA;BA1543;DUB;LHR;;1130;65;;1111111;A319;113;1;0;0;0;0;0;45;67;65
901;BA;BA1544;LHR;PRG;;515;105;;1111111;A319;161;1;0;0;1;1;0;104;75;105
902;BA;BA1545;PRG;LHR;;510;120;;1111111;A319;170;1;0;0;0;0;0;104;65;120
903;BA;BA1546;LHR;PRG;;835;105;;1111111;A320neo;140;1;0;0;1;0;0;88;74;105
904;BA;BA1547;PRG;LHR;;810;120;;1111111;A320neo;164;1;0;0;0;1;0;88;69;120
905;BA;BA1548;LHR;PRG;;1140;105;;1111111;A321neo;165;1;0;0;1;1;0;88;77;105
906;BA;BA1549;PRG;LHR;;1140;120;;1111111;A321neo;160;1;0;0;1;1;0;88;66;120
907;BA;BA1550;LHR;ATH;;600;210;;1111111;A319;213;1;0;0;1;0;0;194;76;210
908;BA;BA1551;ATH;LHR;;580;235;;1111111;A319;210;1;0;0;1;0;0;194;68;235
909;BA;BA1552;LHR;ATH;;1045;210;;1111111;A320neo;254;1;0;0;0;1;0;163;75;210
910;BA;BA1553;ATH;LHR;;1050;235;;1111111;A320neo;243;1;0;0;1;1;0;163;65;235
911;BA;BA1554;LHR;IST;;580;215;;1111111;A320neo;247;1;0;0;1;0;0;167;77;215
912;BA;BA1555;IST;LHR;;600;245;;1111111;A320neo;248;1;0;0;1;0;0;167;70;245
913;BA;BA1556;LHR;IST;;1050;215;;1111111;A321neo;232;1;0;0;0;0;0;167;74;215
914;BA;BA1557;IST;LHR;;1040;245;;1111111;A321neo;205;1;0;0;1;1;0;167;68;245
915;BA;BA1558;LHR;CMN;;605;205;;1111111;A321neo;211;1;0;0;1;1;0;141;67;205
916;BA;BA1559;CMN;LHR;;585;195;;1111111;A321neo;194;1;0;0;1;0;0;141;78;195
917;BA;BA1560;LHR;CMN;;1055;205;;1111111;A319;217;1;0;0;1;0;0;168;72;205
918;BA;BA1561;CMN;LHR;;1045;195;;1111111;A319;222;1;0;0;0;1;0;168;73;195
919;BA;BA1562;LHR;RAK;;605;220;;1111111;A319;204;1;0;0;0;0;0;184;71;220
920;BA;BA1563;RAK;LHR;;600;210;;1111111;A319;227;1;0;0;0;0;0;184;76;210
921;BA;BA1564;LHR;RAK;;1055;220;;1111111;A320neo;244;1;0;0;1;0;0;154;70;220
922;BA;BA1565;RAK;LHR;;1050;210;;1111111;A320neo;219;1;0;0;0;1;0;154;78;210
923;BA;BA1566;LHR;CAI;;600;275;;1111111;A321neo;328;1;0;0;1;1;0;237;76;275
924;BA;BA1567;CAI;LHR;;600;305;;1111111;A321neo;339;1;0;0;1;1;0;237;66;305
925;BA;BA1568;LHR;CAI;;1040;275;;1111111;A319;314;1;0;0;1;0;0;283;77;275
926;BA;BA1569;CAI;LHR;;1050;305;;1111111;A319;292;1;0;0;1;0;0;283;69;305
927;BA;BA014;LHR;JNB;;805;695;;1111111;A350-1000;583;1;1;1;1;1;1;495;71;695
928;BA;BA015;JNB;LHR;;1300;710;;1111111;A350-1000;674;1;1;1;1;1;1;495;65;710
929;BA;BA016;LHR;DXB;;625;410;;1111111;A350-1000;459;1;1;1;0;1;1;300;67;410
930;BA;BA017;DXB;LHR;;190;465;;1111111;A350-1000;412;1;1;1;1;1;0;300;79;465
931;BA;BA018;LHR;DXB;;915;410;;1111111;Boeing 787-9;456;1;1;1;1;1;0;300;70;410
932;BA;BA019;DXB;LHR;;405;465;;1111111;Boeing 787-9;428;1;1;1;0;1;1;300;72;465
933;BA;BA020;LHR;DXB;;1210;410;;1111111;A380-800;447;1;1;1;1;1;0;411;72;410
934;BA;BA021;DXB;LHR;;845;465;;1111111;A380-800;411;1;1;1;1;1;1;411;71;465
935;BA;BA022;LHR;DOH;;920;395;;1111111;Boeing 787-9;385;1;1;1;1;0;0;286;70;395
936;BA;BA023;DOH;LHR;;385;445;;1111111;Boeing 787-9;418;1;1;1;0;1;1;286;69;445
937;BA;BA024;LHR;MLE;;1135;620;;1111111;A380-800;625;1;1;1;0;0;1;638;66;620
938;BA;BA025;MLE;LHR;;620;700;;1111111;A380-800;559;1;1;1;1;0;1;638;67;700
939;BA;BA026;LHR;DEL;;1140;495;;1111111;Boeing 777-300ER;453;1;1;1;1;1;0;438;71;495
940;BA;BA027;DEL;LHR;;620;560;;1111111;Boeing 777-300ER;453;1;1;1;1;0;0;438;65;560
941;BA;BA028;LHR;BKK;;770;690;;1111111;A380-800;617;1;1;1;1;1;0;716;65;690
942;BA;BA029;BKK;LHR;;85;780;;1111111;A380-800;625;1;1;1;1;1;1;716;67;780
943;BA;BA030;LHR;BKK;;1290;690;;1111111;Boeing 777-300ER;572;1;1;1;1;1;1;622;72;690
944;BA;BA031;BKK;LHR;;690;780;;1111111;Boeing 777-300ER;638;1;1;1;1;0;0;622;70;780
945;BA;BA032;LHR;SIN;;775;775;;1111111;A350-1000;683;1;1;1;1;1;0;594;76;775
946;BA;BA033;SIN;LHR;;85;880;;1111111;A350-1000;607;1;1;1;1;1;0;594;75;880
947;BA;BA034;LHR;SIN;;1290;775;;1111111;Boeing 787-9;750;1;1;1;1;1;1;594;67;775
948;BA;BA035;SIN;LHR;;700;880;;1111111;Boeing 787-9;681;1;1;1;1;1;0;594;73;880
949;BA;BA036;LHR;HKG;;1135;725;;1111111;A350-1000;640;1;1;1;1;1;1;526;76;725
950;BA;BA037;HKG;LHR;;625;810;;1111111;A350-1000;666;1;1;1;1;1;0;526;70;810
951;BA;BA038;LHR;HND;;775;830;;1111111;A350-1000;652;1;1;1;0;1;0;524;75;830
952;BA;BA039;HND;LHR;;100;890;;1111111;A350-1000;583;1;1;1;0;1;1;524;69;890
953;BA;BA040;LHR;HND;;1270;830;;1111111;Boeing 787-9;646;1;1;1;1;0;0;524;78;830
954;BA;BA041;HND;LHR;;710;890;;1111111;Boeing 787-9;639;1;1;1;1;1;1;524;72;890
955;BA;BA042;LHR;ICN;;1145;765;;1111111;A350-1000;614;1;1;1;1;0;0;484;66;765
956;BA;BA043;ICN;LHR;;600;835;;1111111;A350-1000;595;1;1;1;0;1;0;484;79;835
957;BA;BA117;LHR;JFK;;620;480;;1111111;Boeing 777-300ER;368;1;1;1;0;1;1;360;72;480
958;BA;BA112;JFK;LHR;;1000;420;;1111111;Boeing 777-300ER;403;1;1;1;1;1;1;360;71;420
959;BA;BA115;LHR;JFK;;685;480;;1111111;A350-1000;437;1;1;1;1;1;1;303;78;480
960;BA;BA114;JFK;LHR;;1060;420;;1111111;A350-1000;422;1;1;1;1;1;0;303;71;420
961;BA;BA173;LHR;JFK;;760;480;;1111111;Boeing 787-9;408;1;1;1;1;0;0;303;66;480
962;BA;BA172;JFK;LHR;;1130;420;;1111111;Boeing 787-9;374;1;1;1;1;1;1;303;77;420
963;BA;BA175;LHR;JFK;;810;480;;1111111;A380-800;393;1;1;1;1;1;0;414;77;480
964;BA;BA174;JFK;LHR;;1190;420;;1111111;A380-800;391;1;1;1;1;1;1;414;76;420
965;BA;BA177;LHR;JFK;;870;480;;1111111;Boeing 777-300ER;426;1;1;1;1;1;0;360;69;480
966;BA;BA176;JFK;LHR;;1240;420;;1111111;Boeing 777-300ER;385;1;1;1;1;1;0;360;67;420
967;BA;BA179;LHR;JFK;;940;480;;1111111;A350-1000;409;1;1;1;1;1;0;303;78;480
968;BA;BA178;JFK;LHR;;1295;420;;1111111;A350-1000;408;1;1;1;0;1;0;303;74;420
969;BA;BA113;LHR;JFK;;1015;480;;1111111;Boeing 787-9;378;1;1;1;1;1;0;303;70;480
970;BA;BA116;JFK;LHR;;1330;420;;1111111;Boeing 787-9;416;1;1;1;1;1;0;303;78;420
971;BA;BA044;LHR;MIA;;805;605;;1111111;Boeing 787-9;469;1;1;1;1;1;0;388;75;605
972;BA;BA045;MIA;LHR;;1180;530;;1111111;Boeing 787-9;512;1;1;1;1;1;0;388;65;530
973;BA;BA046;LHR;LAX;;715;725;;1111111;Boeing 777-300ER;573;1;1;1;1;0;0;569;78;725
974;BA;BA047;LAX;LHR;;1090;655;;1111111;Boeing 777-300ER;588;1;1;1;1;1;0;569;71;655
975;BA;BA048;LHR;LAX;;935;725;;1111111;A350-1000;600;1;1;1;0;1;0;478;75;725
976;BA;BA049;LAX;LHR;;1290;655;;1111111;A350-1000;599;1;1;1;1;1;0;478;77;655
977;BA;BA050;LHR;SFO;;825;710;;1111111;A350-1000;564;1;1;1;1;1;1;470;68;710
978;BA;BA051;SFO;LHR;;1165;645;;1111111;A350-1000;548;1;1;1;0;1;0;470;77;645
979;BA;BA052;LHR;YUL;;700;450;;1111111;A350-1000;363;1;1;1;1;1;0;285;69;450
980;BA;BA053;YUL;LHR;;1095;395;;1111111;A350-1000;394;1;1;1;1;1;0;285;68;395
981;BA;BA054;LHR;YUL;;930;450;;1111111;Boeing 787-9;413;1;1;1;1;1;0;285;66;450
982;BA;BA055;YUL;LHR;;1275;395;;1111111;Boeing 787-9;361;1;1;1;1;1;0;285;70;395
983;BA;BA056;LHR;MEX;;810;745;;1111111;A350-1000;610;1;1;1;1;1;0;486;75;745
984;BA;BA057;MEX;LHR;;1175;660;;1111111;A350-1000;522;1;1;1;1;1;1;486;66;660
985;BA;BA058;LHR;GRU;;820;745;;1111111;A380-800;568;1;1;1;1;1;0;707;77;745
986;BA;BA059;GRU;LHR;;1170;725;;1111111;A380-800;594;1;1;1;1;1;1;707;76;725
987;BA;BA1570;LGW;NCE;;585;105;;1111111;A319;148;1;0;0;1;1;0;100;66;105
988;BA;BA1571;NCE;LGW;;595;110;;1111111;A319;156;1;0;0;1;1;0;100;75;110
989;BA;BA1572;LGW;NCE;;1045;105;;1111111;A320neo;145;1;0;0;0;1;0;84;69;105
990;BA;BA1573;NCE;LGW;;1065;110;;1111111;A320neo;162;1;0;0;1;1;0;84;75;110
991;BA;BA1574;LGW;BCN;;515;115;;1111111;A320neo;157;1;0;0;1;1;0;93;70;115
992;BA;BA1575;BCN;LGW;;515;115;;1111111;A320neo;140;1;0;0;1;0;0;93;74;115
993;BA;BA1576;LGW;BCN;;810;115;;1111111;A321neo;139;1;0;0;1;0;0;93;66;115
994;BA;BA1577;BCN;LGW;;825;115;;1111111;A321neo;143;1;0;0;1;1;0;93;76;115
995;BA;BA1578;LGW;BCN;;1120;115;;1111111;A319;142;1;0;0;0;0;0;111;76;115
996;BA;BA1579;BCN;LGW;;1125;115;;1111111;A319;135;1;0;0;1;0;0;111;77;115
997;BA;BA1580;LGW;PMI;;605;130;;1111111;A319;153;1;0;0;1;1;0;131;70;130
998;BA;BA1581;PMI;LGW;;580;135;;1111111;A319;160;1;0;0;1;0;0;131;76;135
999;BA;BA1582;LGW;PMI;;1060;130;;1111111;A320neo;147;1;0;0;1;1;0;110;73;130
1000;BA;BA1583;PMI;LGW;;1060;135;;1111111;A320neo;146;1;0;0;0;0;0;110;67;135
1001;BA;BA1584;LGW;LIS;;825;160;;1111111;A321neo;163;1;0;0;0;0;0;104;75;160
1002;BA;BA1585;LIS;LGW;;810;150;;1111111;A321neo;163;1;0;0;0;1;0;104;78;150
1003;BA;BA1586;LGW;OPO;;585;135;;1111111;A321neo;160;1;0;0;0;0;0;107;70;135
1004;BA;BA1587;OPO;LGW;;610;125;;1111111;A321neo;172;1;0;0;1;1;0;107;74;125
1005;BA;BA1588;LGW;OPO;;1045;135;;1111111;A319;171;1;0;0;1;0;0;128;68;135
1006;BA;BA1589;OPO;LGW;;1040;125;;1111111;A319;174;1;0;0;1;0;0;128;67;125
1007;BA;BA1590;LGW;FCO;;515;130;;1111111;A321neo;182;1;0;0;1;1;0;118;65;130
1008;BA;BA1591;FCO;LGW;;515;145;;1111111;A321neo;165;1;0;0;1;1;0;118;75;145
1009;BA;BA1592;LGW;FCO;;810;130;;1111111;A319;166;1;0;0;1;1;0;141;72;130
1010;BA;BA1593;FCO;LGW;;835;145;;1111111;A319;166;1;0;0;0;0;0;141;69;145
1011;BA;BA1594;LGW;FCO;;1140;130;;1111111;A320neo;174;1;0;0;1;1;0;118;72;130
1012;BA;BA1595;FCO;LGW;;1135;145;;1111111;A320neo;173;1;0;0;1;1;0;118;72;145
1013;BA;BA1596;LGW;ATH;;830;210;;1111111;A319;229;1;0;0;1;1;0;191;75;210
1014;BA;BA1597;ATH;LGW;;825;235;;1111111;A319;217;1;0;0;1;0;0;191;68;235
1015;BA;BA1598;LGW;RAK;;830;215;;1111111;A321neo;218;1;0;0;0;0;0;152;67;215
1016;BA;BA1599;RAK;LGW;;825;210;;1111111;A321neo;206;1;0;0;1;0;0;152;78;210
1017;BA;BA060;LGW;CUN;;830;675;;1010100;A350-1000;555;1;1;1;1;1;1;436;65;675
1018;BA;BA061;CUN;LGW;;1185;595;;0101010;A350-1000;509;1;1;1;1;1;0;436;67;595
1019;BA;BA1600;LGW;GVA;;585;90;;1111111;A320neo;113;1;0;0;1;0;0;60;66;90
1020;BA;BA1601;GVA;LGW;;600;95;;1111111;A320neo;113;1;0;0;1;1;0;60;66;95
1021;BA;BA1602;LGW;GVA;;1050;90;;1111111;A321neo;132;1;0;0;1;1;0;60;77;90
1022;BA;BA1603;GVA;LGW;;1065;95;;1111111;A321neo;129;1;0;0;1;1;0;60;67;95
1023;IB;IB1200;MAD;CDG;;505;110;;1111111;A320neo;134;1;0;0;0;1;0;89;81;110
1024;IB;IB1201;CDG;MAD;;510;115;;1111111;A320neo;136;1;0;0;1;1;0;89;82;115
1025;IB;IB1202;MAD;CDG;;730;110;;1111111;A321neo;156;1;0;0;1;0;0;89;91;110
1026;IB;IB1203;CDG;MAD;;740;115;;1111111;A321neo;158;1;0;0;1;0;0;89;82;115
1027;IB;IB1204;MAD;CDG;;945;110;;1111111;A321XLR;156;1;0;0;1;1;0;89;92;110
1028;IB;IB1205;CDG;MAD;;945;115;;1111111;A321XLR;132;1;0;0;1;1;0;89;91;115
1029;IB;IB1206;MAD;CDG;;1180;110;;1111111;A320neo;144;1;0;0;1;1;0;89;83;110
1030;IB;IB1207;CDG;MAD;;1175;115;;1111111;A320neo;137;1;0;0;1;0;0;89;87;115
1031;IB;IB1208;MAD;ORY;;525;105;;1111111;A321neo;149;1;0;0;1;1;0;87;89;105
1032;IB;IB1209;ORY;MAD;;545;115;;1111111;A321neo;130;1;0;0;0;1;0;87;78;115
1033;IB;IB1210;MAD;ORY;;840;105;;1111111;A321XLR;145;1;0;0;1;1;0;87;88;105
1034;IB;IB1211;ORY;MAD;;850;115;;1111111;A321XLR;147;1;0;0;1;0;0;87;80;115
1035;IB;IB1212;MAD;ORY;;1140;105;;1111111;A320neo;128;1;0;0;1;1;0;87;85;105
1036;IB;IB1213;ORY;MAD;;1160;115;;1111111;A320neo;126;1;0;0;0;0;0;87;91;115
1037;IB;IB1214;MAD;NCE;;540;100;;1111111;A320neo;129;1;0;0;0;1;0;80;85;100
1038;IB;IB1215;NCE;MAD;;550;110;;1111111;A320neo;150;1;0;0;1;0;0;80;89;110
1039;IB;IB1216;MAD;NCE;;850;100;;1111111;A321neo;124;1;0;0;0;1;0;80;86;100
1040;IB;IB1217;NCE;MAD;;830;110;;1111111;A321neo;125;1;0;0;1;1;0;80;90;110
1041;IB;IB1218;MAD;NCE;;1135;100;;1111111;A321XLR;143;1;0;0;1;0;0;80;84;100
1042;IB;IB1219;NCE;MAD;;1145;110;;1111111;A321XLR;137;1;0;0;1;0;0;80;84;110
1043;IB;IB1220;MAD;LYS;;600;95;;1111111;A321neo;121;1;0;0;0;1;0;77;82;95
1044;IB;IB1221;LYS;MAD;;610;105;;1111111;A321neo;130;1;0;0;0;1;0;77;86;105
1045;IB;IB1222;MAD;LYS;;1080;95;;1111111;A321XLR;140;1;0;0;0;1;0;77;89;95
1046;IB;IB1223;LYS;MAD;;1080;105;;1111111;A321XLR;140;1;0;0;1;1;0;77;85;105
1047;IB;IB1224;MAD;MRS;;615;95;;1111111;A321neo;116;1;0;0;1;1;0;67;81;95
1048;IB;IB1225;MRS;MAD;;630;105;;1111111;A321neo;112;1;0;0;1;1;0;67;82;105
1049;IB;IB1226;MAD;MRS;;1070;95;;1111111;A321XLR;133;1;0;0;1;1;0;67;86;95
1050;IB;IB1227;MRS;MAD;;1065;105;;1111111;A321XLR;135;1;0;0;1;1;0;67;88;105
1051;IB;IB1228;MAD;TLS;;620;75;;1111111;A321neo;100;1;0;0;0;1;0;45;88;75
1052;IB;IB1229;TLS;MAD;;605;80;;1111111;A321neo;99;1;0;0;0;1;0;45;84;80
1053;IB;IB1230;MAD;TLS;;1075;75;;1111111;A321XLR;115;1;0;0;1;0;0;45;82;75
1054;IB;IB1231;TLS;MAD;;1065;80;;1111111;A321XLR;104;1;0;0;1;0;0;45;83;80
1055;IB;IB1232;MAD;BOD;;610;75;;1111111;A321neo;102;1;0;0;1;0;0;45;86;75
1056;IB;IB1233;BOD;MAD;;625;80;;1111111;A321neo;119;1;0;0;1;1;0;45;82;80
1057;IB;IB1234;MAD;BOD;;1070;75;;1111111;A321XLR;105;1;0;0;1;0;0;45;84;75
1058;IB;IB1235;BOD;MAD;;1065;80;;1111111;A321XLR;120;1;0;0;0;1;0;45;85;80
1059;IB;IB1236;MAD;NTE;;615;95;;1111111;A321neo;128;1;0;0;1;1;0;64;85;95
1060;IB;IB1237;NTE;MAD;;610;95;;1111111;A321neo;115;1;0;0;1;0;0;64;82;95
1061;IB;IB1238;MAD;NTE;;1060;95;;1111111;A321XLR;125;1;0;0;1;0;0;64;88;95
1062;IB;IB1239;NTE;MAD;;1080;95;;1111111;A321XLR;109;1;0;0;1;0;0;64;90;95
1063;IB;IB1240;MAD;LHR;;500;125;;1111111;A321neo;156;1;0;0;0;0;0;105;87;125
1064;IB;IB1241;LHR;MAD;;485;130;;1111111;A321neo;153;1;0;0;0;0;0;105;83;130
1065;IB;IB1242;MAD;LHR;;730;125;;1111111;A321XLR;145;1;0;0;0;0;0;105;89;125
1066;IB;IB1243;LHR;MAD;;730;130;;1111111;A321XLR;172;1;0;0;0;1;0;105;79;130
1067;IB;IB1244;MAD;LHR;;955;125;;1111111;A320neo;151;1;0;0;1;1;0;105;78;125
1068;IB;IB1245;LHR;MAD;;965;130;;1111111;A320neo;175;1;0;0;1;1;0;105;81;130
1069;IB;IB1246;MAD;LHR;;1200;125;;1111111;A321neo;152;1;0;0;1;1;0;105;82;125
1070;IB;IB1247;LHR;MAD;;1175;130;;1111111;A321neo;165;1;0;0;0;0;0;105;86;130
1071;IB;IB1248;MAD;AMS;;510;140;;1111111;A321neo;171;1;0;0;0;1;0;123;79;140
1072;IB;IB1249;AMS;MAD;;500;150;;1111111;A321neo;174;1;0;0;1;0;0;123;92;150
1073;IB;IB1250;MAD;AMS;;735;140;;1111111;A321XLR;162;1;0;0;1;1;0;123;80;140
1074;IB;IB1251;AMS;MAD;;745;150;;1111111;A321XLR;166;1;0;0;1;1;0;123;85;150
1075;IB;IB1252;MAD;AMS;;955;140;;1111111;A320neo;173;1;0;0;1;0;0;123;87;140
1076;IB;IB1253;AMS;MAD;;960;150;;1111111;A320neo;159;1;0;0;1;0;0;123;85;150
1077;IB;IB1254;MAD;AMS;;1175;140;;1111111;A321neo;164;1;0;0;1;0;0;123;84;140
1078;IB;IB1255;AMS;MAD;;1190;150;;1111111;A321neo;170;1;0;0;1;0;0;123;91;150
1079;IB;IB1256;MAD;FRA;;530;135;;1111111;A321XLR;186;1;0;0;1;1;0;119;79;135
1080;IB;IB1257;FRA;MAD;;550;150;;1111111;A321XLR;167;1;0;0;1;1;0;119;90;150
1081;IB;IB1258;MAD;FRA;;835;135;;1111111;A320neo;168;1;0;0;1;1;0;119;81;135
1082;IB;IB1259;FRA;MAD;;845;150;;1111111;A320neo;184;1;0;0;1;1;0;119;78;150
1083;IB;IB1260;MAD;FRA;;1150;135;;1111111;A321neo;175;1;0;0;1;0;0;119;86;135
1084;IB;IB1261;FRA;MAD;;1150;150;;1111111;A321neo;188;1;0;0;0;1;0;119;80;150
1085;IB;IB1262;MAD;MUC;;535;140;;1111111;A321XLR;169;1;0;0;1;1;0;126;89;140
1086;IB;IB1263;MUC;MAD;;545;155;;1111111;A321XLR;170;1;0;0;0;0;0;126;84;155
1087;IB;IB1264;MAD;MUC;;850;140;;1111111;A320neo;171;1;0;0;1;1;0;126;86;140
1088;IB;IB1265;MUC;MAD;;840;155;;1111111;A320neo;179;1;0;0;0;0;0;126;88;155
1089;IB;IB1266;MAD;MUC;;1160;140;;1111111;A321neo;173;1;0;0;1;1;0;126;82;140
1090;IB;IB1267;MUC;MAD;;1135;155;;1111111;A321neo;155;1;0;0;1;0;0;126;88;155
1091;IB;IB1268;MAD;BER;;610;170;;1111111;A320neo;183;1;0;0;1;1;0;124;85;170
1092;IB;IB1269;BER;MAD;;600;190;;1111111;A320neo;208;1;0;0;1;1;0;124;90;190
1093;IB;IB1270;MAD;BER;;1060;170;;1111111;A321neo;180;1;0;0;0;1;0;124;81;170
1094;IB;IB1271;BER;MAD;;1085;190;;1111111;A321neo;205;1;0;0;0;1;0;124;91;190
1095;IB;IB1272;MAD;BCN;;430;65;;1111111;A321neo;98;1;0;0;1;1;0;41;84;65
1096;IB;IB1273;BCN;MAD;;430;75;;1111111;A321neo;99;1;0;0;0;1;0;41;88;75
1097;IB;IB1274;MAD;BCN;;555;65;;1111111;A321XLR;98;1;0;0;1;0;0;41;84;65
1098;IB;IB1275;BCN;MAD;;550;75;;1111111;A321XLR;98;1;0;0;1;1;0;41;88;75
1099;IB;IB1276;MAD;BCN;;680;65;;1111111;A320neo;100;1;0;0;1;1;0;41;88;65
1100;IB;IB1277;BCN;MAD;;665;75;;1111111;A320neo;95;1;0;0;1;1;0;41;78;75
1101;IB;IB1278;MAD;BCN;;780;65;;1111111;A321neo;111;1;0;0;1;1;0;41;86;65
1102;IB;IB1279;BCN;MAD;;790;75;;1111111;A321neo;111;1;0;0;0;1;0;41;86;75
1103;IB;IB1280;MAD;BCN;;905;65;;1111111;A321XLR;106;1;0;0;1;1;0;41;85;65
1104;IB;IB1281;BCN;MAD;;900;75;;1111111;A321XLR;91;1;0;0;1;1;0;41;91;75
1105;IB;IB1282;MAD;BCN;;1005;65;;1111111;A320neo;97;1;0;0;1;1;0;41;89;65
1106;IB;IB1283;BCN;MAD;;1025;75;;1111111;A320neo;108;1;0;0;0;1;0;41;85;75
1107;IB;IB1284;MAD;BCN;;1120;65;;1111111;A321neo;110;1;0;0;1;0;0;41;89;65
1108;IB;IB1285;BCN;MAD;;1130;75;;1111111;A321neo;106;1;0;0;1;1;0;41;87;75
1109;IB;IB1286;MAD;BCN;;1245;65;;1111111;A321XLR;92;1;0;0;0;1;0;41;91;65
1110;IB;IB1287;BCN;MAD;;1255;75;;1111111;A321XLR;108;1;0;0;1;1;0;41;85;75
1111;IB;IB1288;MAD;PMI;;615;70;;1111111;A321neo;98;1;0;0;1;1;0;46;80;70
1112;IB;IB1289;PMI;MAD;;625;80;;1111111;A321neo;102;1;0;0;1;1;0;46;90;80
1113;IB;IB1290;MAD;PMI;;1070;70;;1111111;A321XLR;115;1;0;0;1;1;0;46;78;70
1114;IB;IB1291;PMI;MAD;;1075;80;;1111111;A321XLR;108;1;0;0;0;0;0;46;82;80
1115;IB;IB1292;MAD;LIS;;470;80;;1111111;A321neo;109;1;0;0;0;1;0;43;81;80
1116;IB;IB1293;LIS;MAD;;470;70;;1111111;A321neo;99;1;0;0;1;0;0;43;92;70
1117;IB;IB1294;MAD;LIS;;655;80;;1111111;A321XLR;104;1;0;0;1;0;0;43;85;80
1118;IB;IB1295;LIS;MAD;;670;70;;1111111;A321XLR;115;1;0;0;1;1;0;43;86;70
1119;IB;IB1296;MAD;LIS;;855;80;;1111111;A320neo;107;1;0;0;1;1;0;43;89;80
1120;IB;IB1297;LIS;MAD;;835;70;;1111111;A320neo;94;1;0;0;1;0;0;43;86;70
1121;IB;IB1298;MAD;LIS;;1020;80;;1111111;A321neo;110;1;0;0;1;1;0;43;88;80
1122;IB;IB1299;LIS;MAD;;1020;70;;1111111;A321neo;108;1;0;0;1;1;0;43;81;70
1123;IB;IB1300;MAD;LIS;;1220;80;;1111111;A321XLR;93;1;0;0;1;1;0;43;86;80
1124;IB;IB1301;LIS;MAD;;1210;70;;1111111;A321XLR;100;1;0;0;0;1;0;43;86;70
1125;IB;IB1302;MAD;OPO;;600;70;;1111111;A320neo;93;1;0;0;1;0;0;37;86;70
1126;IB;IB1303;OPO;MAD;;610;65;;1111111;A320neo;108;1;0;0;0;1;0;37;87;65
1127;IB;IB1304;MAD;OPO;;1075;70;;1111111;A321neo;109;1;0;0;1;0;0;37;78;70
1128;IB;IB1305;OPO;MAD;;1065;65;;1111111;A321neo;92;1;0;0;1;0;0;37;84;65
1129;IB;IB1306;MAD;FCO;;490;125;;1111111;A321neo;139;1;0;0;1;1;0;112;80;125
1130;IB;IB1307;FCO;MAD;;505;145;;1111111;A321neo;158;1;0;0;1;0;0;112;79;145
1131;IB;IB1308;MAD;FCO;;735;125;;1111111;A321XLR;163;1;0;0;1;1;0;112;84;125
1132;IB;IB1309;FCO;MAD;;715;145;;1111111;A321XLR;168;1;0;0;1;1;0;112;89;145
1133;IB;IB1310;MAD;FCO;;945;125;;1111111;A320neo;168;1;0;0;0;1;0;112;84;125
1134;IB;IB1311;FCO;MAD;;950;145;;1111111;A320neo;152;1;0;0;0;0;0;112;88;145
1135;IB;IB1312;MAD;FCO;;1200;125;;1111111;A321neo;156;1;0;0;1;1;0;112;81;125
1136;IB;IB1313;FCO;MAD;;1185;145;;1111111;A321neo;147;1;0;0;1;0;0;112;83;145
1137;IB;IB1314;MAD;MXP;;530;115;;1111111;A321XLR;144;1;0;0;1;1;0;97;82;115
1138;IB;IB1315;MXP;MAD;;550;125;;1111111;A321XLR;132;1;0;0;1;1;0;97;90;125
1139;IB;IB1316;MAD;MXP;;855;115;;1111111;A320neo;152;1;0;0;1;0;0;97;90;115
1140;IB;IB1317;MXP;MAD;;840;125;;1111111;A320neo;140;1;0;0;1;0;0;97;84;125
1141;IB;IB1318;MAD;MXP;;1140;115;;1111111;A321neo;144;1;0;0;1;0;0;97;84;115
1142;IB;IB1319;MXP;MAD;;1155;125;;1111111;A321neo;134;1;0;0;1;1;0;97;81;125
1143;IB;IB1320;MAD;ZRH;;540;120;;1111111;A321XLR;155;1;0;0;0;1;0;104;92;120
1144;IB;IB1321;ZRH;MAD;;540;135;;1111111;A321XLR;177;1;0;0;1;1;0;104;90;135
1145;IB;IB1322;MAD;ZRH;;845;120;;1111111;A320neo;153;1;0;0;0;1;0;104;91;120
1146;IB;IB1323;ZRH;MAD;;850;135;;1111111;A320neo;153;1;0;0;1;0;0;104;82;135
1147;IB;IB1324;MAD;ZRH;;1160;120;;1111111;A321neo;155;1;0;0;1;1;0;104;82;120
1148;IB;IB1325;ZRH;MAD;;1145;135;;1111111;A321neo;144;1;0;0;0;0;0;104;89;135
1149;IB;IB1326;MAD;GVA;;610;105;;1111111;A320neo;129;1;0;0;0;1;0;85;81;105
1150;IB;IB1327;GVA;MAD;;625;115;;1111111;A320neo;128;1;0;0;1;1;0;85;88;115
1151;IB;IB1328;MAD;GVA;;1080;105;;1111111;A321neo;130;1;0;0;1;0;0;85;82;105
1152;IB;IB1329;GVA;MAD;;1060;115;;1111111;A321neo;144;1;0;0;1;0;0;85;80;115
1153;IB;IB1330;MAD;BRU;;615;130;;1111111;A320neo;167;1;0;0;1;1;0;111;86;130
1154;IB;IB1331;BRU;MAD;;605;135;;1111111;A320neo;164;1;0;0;0;1;0;111;83;135
1155;IB;IB1332;MAD;BRU;;1065;130;;1111111;A321neo;177;1;0;0;1;0;0;111;91;130
1156;IB;IB1333;BRU;MAD;;1085;135;;1111111;A321neo;149;1;0;0;1;1;0;111;89;135
1157;IB;IB1334;MAD;VIE;;855;165;;1111111;A321neo;167;1;0;0;0;1;0;121;85;165
1158;IB;IB1335;VIE;MAD;;845;190;;1111111;A321neo;193;1;0;0;1;1;0;121;87;190
1159;IB;IB1336;MAD;CPH;;840;190;;1111111;A320neo;198;1;0;0;1;1;0;138;78;190
1160;IB;IB1337;CPH;MAD;;850;205;;1111111;A320neo;213;1;0;0;0;0;0;138;86;205
1161;IB;IB1338;MAD;DUB;;610;145;;1111111;A321neo;153;1;0;0;1;1;0;122;88;145
1162;IB;IB1339;DUB;MAD;;600;140;;1111111;A321neo;157;1;0;0;1;1;0;122;87;140
1163;IB;IB1340;MAD;DUB;;1080;145;;1111111;A321XLR;155;1;0;0;1;1;0;122;88;145
1164;IB;IB1341;DUB;MAD;;1060;140;;1111111;A321XLR;152;1;0;0;0;1;0;122;84;140
1165;IB;IB1342;MAD;PRG;;830;165;;1111111;A321XLR;180;1;0;0;1;1;0;118;86;165
1166;IB;IB1343;PRG;MAD;;855;185;;1111111;A321XLR;176;1;0;0;0;0;0;118;81;185
1167;IB;IB1344;MAD;ATH;;615;205;;1111111;A321XLR;230;1;0;0;0;1;0;160;87;205
1168;IB;IB1345;ATH;MAD;;615;240;;1111111;A321XLR;218;1;0;0;1;1;0;160;85;240
1169;IB;IB1346;MAD;ATH;;1075;205;;1111111;A320neo;244;1;0;0;1;1;0;160;83;205
1170;IB;IB1347;ATH;MAD;;1060;240;;1111111;A320neo;221;1;0;0;0;1;0;160;83;240
1171;IB;IB1348;MAD;IST;;620;215;;1111111;A320neo;236;1;0;0;0;1;0;182;89;215
1172;IB;IB1349;IST;MAD;;620;250;;1111111;A320neo;233;1;0;0;1;1;0;182;85;250
1173;IB;IB1350;MAD;IST;;1080;215;;1111111;A321neo;219;1;0;0;1;1;0;182;84;215
1174;IB;IB1351;IST;MAD;;1065;250;;1111111;A321neo;210;1;0;0;1;1;0;182;90;250
1175;IB;IB1352;MAD;CMN;;535;100;;1111111;A321XLR;131;1;0;0;1;1;0;73;81;100
1176;IB;IB1353;CMN;MAD;;530;95;;1111111;A321XLR;121;1;0;0;1;0;0;73;91;95
1177;IB;IB1354;MAD;CMN;;850;100;;1111111;A320neo;116;1;0;0;1;1;0;73;78;100
1178;IB;IB1355;CMN;MAD;;850;95;;1111111;A320neo;117;1;0;0;1;1;0;73;92;95
1179;IB;IB1356;MAD;CMN;;1160;100;;1111111;A321neo;136;1;0;0;1;1;0;73;82;100
1180;IB;IB1357;CMN;MAD;;1150;95;;1111111;A321neo;134;1;0;0;0;1;0;73;81;95
1181;IB;IB1358;MAD;RAK;;545;115;;1111111;A320neo;139;1;0;0;1;1;0;89;82;115
1182;IB;IB1359;RAK;MAD;;550;110;;1111111;A320neo;149;1;0;0;1;1;0;89;87;110
1183;IB;IB1360;MAD;RAK;;855;115;;1111111;A321neo;150;1;0;0;1;0;0;89;83;115
1184;IB;IB1361;RAK;MAD;;850;110;;1111111;A321neo;138;1;0;0;1;1;0;89;83;110
1185;IB;IB1362;MAD;RAK;;1145;115;;1111111;A321XLR;153;1;0;0;1;0;0;89;90;115
1186;IB;IB1363;RAK;MAD;;1140;110;;1111111;A321XLR;148;1;0;0;1;1;0;89;80;110
1187;IB;IB1364;MAD;TUN;;610;120;;1111111;A321XLR;172;1;0;0;1;1;0;106;84;120
1188;IB;IB1365;TUN;MAD;;620;135;;1111111;A321XLR;177;1;0;0;1;0;0;106;86;135
1189;IB;IB1366;MAD;TUN;;1085;120;;1111111;A320neo;173;1;0;0;1;1;0;106;84;120
1190;IB;IB1367;TUN;MAD;;1080;135;;1111111;A320neo;165;1;0;0;1;1;0;106;85;135
1191;IB;IB1368;MAD;ALG;;620;90;;1111111;A321neo;133;1;0;0;1;1;0;61;79;90
1192;IB;IB1369;ALG;MAD;;620;100;;1111111;A321neo;132;1;0;0;0;0;0;61;82;100
1193;IB;IB1370;MAD;ALG;;1065;90;;1111111;A321XLR;131;1;0;0;1;1;0;61;85;90
1194;IB;IB1371;ALG;MAD;;1070;100;;1111111;A321XLR;120;1;0;0;0;0;0;61;91;100
1195;IB;IB1372;MAD;CAI;;605;260;;1111111;A320neo;327;1;0;0;1;0;0;225;80;260
1196;IB;IB1373;CAI;MAD;;605;300;;1111111;A320neo;297;1;0;0;1;1;0;225;92;300
1197;IB;IB1374;MAD;CAI;;1060;260;;1111111;A321neo;287;1;0;0;1;0;0;225;81;260
1198;IB;IB1375;CAI;MAD;;1065;300;;1111111;A321neo;296;1;0;0;1;1;0;225;81;300
1199;IB;IB1376;MAD;DSS;;840;275;;1111111;A321neo;290;1;0;0;0;1;0;212;82;275
1200;IB;IB1377;DSS;MAD;;840;260;;1111111;A321neo;338;1;0;0;1;1;0;212;79;260
1201;IB;IB500;MAD;DOH;;930;400;;1111111;A330-200;444;1;1;1;0;1;0;347;90;400
1202;IB;IB501;DOH;MAD;;430;460;;1111111;A330-200;419;1;1;1;1;1;0;347;83;460
1203;IB;IB502;MAD;JFK;;730;495;;1111111;A350-900;379;1;1;1;1;1;0;315;83;495
1204;IB;IB503;JFK;MAD;;1110;430;;1111111;A350-900;376;1;1;1;1;1;0;315;79;430
1205;IB;IB504;MAD;JFK;;945;495;;1111111;A330-200;386;1;1;1;1;1;0;375;88;495
1206;IB;IB505;JFK;MAD;;1300;430;;1111111;A330-200;438;1;1;1;0;1;0;375;91;430
1207;IB;IB506;MAD;MIA;;845;605;;1111111;A330-200;506;1;1;1;0;1;0;462;90;605
1208;IB;IB507;MIA;MAD;;1200;525;;1111111;A330-200;486;1;1;1;1;1;0;462;89;525
1209;IB;IB508;MAD;LAX;;840;775;;1111111;A330-200;569;1;1;1;1;1;1;610;88;775
1210;IB;IB509;LAX;MAD;;1195;690;;1111111;A330-200;675;1;1;1;1;1;1;610;89;690
1211;IB;IB510;MAD;SFO;;850;765;;1111111;A330-200;614;1;1;1;1;1;1;607;80;765
1212;IB;IB511;SFO;MAD;;1210;685;;1111111;A330-200;573;1;1;1;1;1;0;607;87;685
1213;IB;IB512;MAD;MEX;;845;760;;1111111;A350-900;637;1;1;1;0;0;1;495;78;760
1214;IB;IB513;MEX;MAD;;1185;665;;1111111;A350-900;547;1;1;1;1;0;0;495;83;665
1215;IB;IB514;MAD;CUN;;825;675;;1111111;A330-300;614;1;1;1;1;0;0;517;85;675
1216;IB;IB515;CUN;MAD;;1200;585;;1111111;A330-300;588;1;1;1;0;1;0;517;83;585
1217;IB;IB516;MAD;GRU;;835;665;;1111111;A330-300;577;1;1;1;0;1;1;544;87;665
1218;IB;IB517;GRU;MAD;;1185;645;;1111111;A330-300;502;1;1;1;0;0;0;544;83;645
1219;IB;IB518;MAD;EZE;;825;795;;1011111;A330-300;700;1;1;1;1;1;1;656;85;795
1220;IB;IB519;EZE;MAD;;1190;765;;1101111;A330-300;712;1;1;1;1;1;0;656;90;765
1221;AZ;AZ1000;FCO;CDG;;495;120;;1111111;A321;152;1;0;0;1;0;0;110;84;120
1222;AZ;AZ1001;CDG;FCO;;495;110;;1111111;A321;146;1;0;0;1;0;0;110;76;110
1223;AZ;AZ1002;FCO;CDG;;720;120;;1111111;A220-100;145;1;0;0;0;1;0;92;79;120
1224;AZ;AZ1003;CDG;FCO;;730;110;;1111111;A220-100;147;1;0;0;1;1;0;92;86;110
1225;AZ;AZ1004;FCO;CDG;;950;120;;1111111;A320neo;155;1;0;0;0;1;0;92;76;120
1226;AZ;AZ1005;CDG;FCO;;950;110;;1111111;A320neo;133;1;0;0;1;1;0;92;75;110
1227;AZ;AZ1006;FCO;CDG;;1205;120;;1111111;A321;157;1;0;0;1;0;0;110;85;120
1228;AZ;AZ1007;CDG;FCO;;1190;110;;1111111;A321;146;1;0;0;1;0;0;110;80;110
1229;AZ;AZ1008;FCO;NCE;;540;75;;1111111;A220-100;112;1;0;0;0;1;0;39;77;75
1230;AZ;AZ1009;NCE;FCO;;545;65;;1111111;A220-100;99;1;0;0;0;0;0;39;77;65
1231;AZ;AZ1010;FCO;NCE;;840;75;;1111111;A320neo;97;1;0;0;1;1;0;39;87;75
1232;AZ;AZ1011;NCE;FCO;;840;65;;1111111;A320neo;105;1;0;0;0;1;0;39;86;65
1233;AZ;AZ1012;FCO;NCE;;1165;75;;1111111;A321;114;1;0;0;1;0;0;46;77;75
1234;AZ;AZ1013;NCE;FCO;;1160;65;;1111111;A321;102;1;0;0;1;0;0;46;77;65
1235;AZ;AZ1014;FCO;MRS;;625;85;;1111111;A220-100;102;1;0;0;0;1;0;51;87;85
1236;AZ;AZ1015;MRS;FCO;;615;75;;1111111;A220-100;125;1;0;0;0;0;0;51;79;75
1237;AZ;AZ1016;FCO;MRS;;1070;85;;1111111;A320neo;123;1;0;0;0;1;0;51;79;85
1238;AZ;AZ1017;MRS;FCO;;1075;75;;1111111;A320neo;124;1;0;0;1;1;0;51;85;75
1239;AZ;AZ1018;FCO;LHR;;510;150;;1111111;A320neo;186;1;0;0;1;1;0;121;78;150
1240;AZ;AZ1019;LHR;FCO;;510;135;;1111111;A320neo;173;1;0;0;0;1;0;121;73;135
1241;AZ;AZ1020;FCO;LHR;;720;150;;1111111;A321;181;1;0;0;1;0;0;144;77;150
1242;AZ;AZ1021;LHR;FCO;;745;135;;1111111;A321;162;1;0;0;1;0;0;144;81;135
1243;AZ;AZ1022;FCO;LHR;;975;150;;1111111;A220-100;174;1;0;0;0;1;0;121;83;150
1244;AZ;AZ1023;LHR;FCO;;950;135;;1111111;A220-100;182;1;0;0;1;1;0;121;73;135
1245;AZ;AZ1024;FCO;LHR;;1190;150;;1111111;A320neo;186;1;0;0;1;1;0;121;87;150
1246;AZ;AZ1025;LHR;FCO;;1200;135;;1111111;A320neo;162;1;0;0;0;1;0;121;84;135
1247;AZ;AZ1026;FCO;AMS;;490;135;;1111111;A220-100;164;1;0;0;0;1;0;109;85;135
1248;AZ;AZ1027;AMS;FCO;;505;125;;1111111;A220-100;163;1;0;0;0;0;0;109;79;125
1249;AZ;AZ1028;FCO;AMS;;720;135;;1111111;A320neo;141;1;0;0;1;1;0;109;78;135
1250;AZ;AZ1029;AMS;FCO;;720;125;;1111111;A320neo;159;1;0;0;0;1;0;109;81;125
1251;AZ;AZ1030;FCO;AMS;;970;135;;1111111;A321;165;1;0;0;1;0;0;130;83;135
1252;AZ;AZ1031;AMS;FCO;;975;125;;1111111;A321;144;1;0;0;0;1;0;130;78;125
1253;AZ;AZ1032;FCO;AMS;;1185;135;;1111111;A220-100;170;1;0;0;0;1;0;109;78;135
1254;AZ;AZ1033;AMS;FCO;;1175;125;;1111111;A220-100;150;1;0;0;0;1;0;109;74;125
1255;AZ;AZ1034;FCO;FRA;;550;105;;1111111;A220-100;135;1;0;0;0;1;0;80;73;105
1256;AZ;AZ1035;FRA;FCO;;550;100;;1111111;A220-100;126;1;0;0;0;1;0;80;84;100
1257;AZ;AZ1036;FCO;FRA;;850;105;;1111111;A320neo;142;1;0;0;0;0;0;80;82;105
1258;AZ;AZ1037;FRA;FCO;;850;100;;1111111;A320neo;144;1;0;0;1;1;0;80;84;100
1259;AZ;AZ1038;FCO;FRA;;1150;105;;1111111;A321;144;1;0;0;1;0;0;96;85;105
1260;AZ;AZ1039;FRA;FCO;;1150;100;;1111111;A321;126;1;0;0;1;0;0;96;76;100
1261;AZ;AZ1040;FCO;MUC;;535;95;;1111111;A220-100;133;1;0;0;0;1;0;61;84;95
1262;AZ;AZ1041;MUC;FCO;;540;95;;1111111;A220-100;122;1;0;0;0;1;0;61;75;95
1263;AZ;AZ1042;FCO;MUC;;850;95;;1111111;A320neo;123;1;0;0;1;1;0;61;85;95
1264;AZ;AZ1043;MUC;FCO;;835;95;;1111111;A320neo;110;1;0;0;1;1;0;61;86;95
1265;AZ;AZ1044;FCO;MUC;;1165;95;;1111111;A321;127;1;0;0;1;0;0;73;79;95
1266;AZ;AZ1045;MUC;FCO;;1160;95;;1111111;A321;131;1;0;0;0;0;0;73;79;95
1267;AZ;AZ1046;FCO;BER;;550;120;;1111111;A220-100;154;1;0;0;1;1;0;99;77;120
1268;AZ;AZ1047;BER;FCO;;540;120;;1111111;A220-100;134;1;0;0;1;1;0;99;78;120
1269;AZ;AZ1048;FCO;BER;;840;120;;1111111;A320neo;150;1;0;0;0;0;0;99;84;120
1270;AZ;AZ1049;BER;FCO;;850;120;;1111111;A320neo;135;1;0;0;0;1;0;99;84;120
1271;AZ;AZ1050;FCO;BER;;1140;120;;1111111;A321;147;1;0;0;0;0;0;118;82;120
1272;AZ;AZ1051;BER;FCO;;1155;120;;1111111;A321;141;1;0;0;0;0;0;118;82;120
1273;AZ;AZ1052;FCO;MAD;;500;145;;1111111;A320neo;138;1;0;0;1;0;0;112;79;145
1274;AZ;AZ1053;MAD;FCO;;505;125;;1111111;A320neo;165;1;0;0;0;1;0;112;85;125
1275;AZ;AZ1054;FCO;MAD;;735;145;;1111111;A321;159;1;0;0;1;0;0;133;78;145
1276;AZ;AZ1055;MAD;FCO;;745;125;;1111111;A321;160;1;0;0;1;0;0;133;75;125
1277;AZ;AZ1056;FCO;MAD;;955;145;;1111111;A220-100;140;1;0;0;0;1;0;112;84;145
1278;AZ;AZ1057;MAD;FCO;;970;125;;1111111;A220-100;171;1;0;0;1;1;0;112;86;125
1279;AZ;AZ1058;FCO;MAD;;1190;145;;1111111;A320neo;143;1;0;0;0;0;0;112;75;145
1280;AZ;AZ1059;MAD;FCO;;1185;125;;1111111;A320neo;154;1;0;0;0;0;0;112;80;125
1281;AZ;AZ1060;FCO;BCN;;490;100;;1111111;A321;132;1;0;0;0;0;0;85;87;100
1282;AZ;AZ1061;BCN;FCO;;495;90;;1111111;A321;130;1;0;0;0;0;0;85;75;90
1283;AZ;AZ1062;FCO;BCN;;740;100;;1111111;A220-100;134;1;0;0;0;0;0;71;86;100
1284;AZ;AZ1063;BCN;FCO;;730;90;;1111111;A220-100;133;1;0;0;0;1;0;71;77;90
1285;AZ;AZ1064;FCO;BCN;;965;100;;1111111;A320neo;127;1;0;0;1;0;0;71;76;100
1286;AZ;AZ1065;BCN;FCO;;960;90;;1111111;A320neo;113;1;0;0;1;0;0;71;85;90
1287;AZ;AZ1066;FCO;BCN;;1190;100;;1111111;A321;116;1;0;0;1;0;0;85;87;100
1288;AZ;AZ1067;BCN;FCO;;1190;90;;1111111;A321;125;1;0;0;1;0;0;85;84;90
1289;AZ;AZ1068;FCO;LIS;;630;190;;1111111;A220-100;180;1;0;0;0;0;0;124;84;190
1290;AZ;AZ1069;LIS;FCO;;610;165;;1111111;A220-100;197;1;0;0;0;0;0;124;82;165
1291;AZ;AZ1070;FCO;LIS;;1085;190;;1111111;A320neo;186;1;0;0;1;1;0;124;85;190
1292;AZ;AZ1071;LIS;FCO;;1085;165;;1111111;A320neo;187;1;0;0;1;1;0;124;77;165
1293;AZ;AZ1072;FCO;MXP;;525;75;;1111111;A320neo;111;1;0;0;1;1;0;43;82;75
1294;AZ;AZ1073;MXP;FCO;;540;70;;1111111;A320neo;113;1;0;0;1;1;0;43;86;70
1295;AZ;AZ1074;FCO;MXP;;860;75;;1111111;A321;109;1;0;0;0;0;0;51;81;75
1296;AZ;AZ1075;MXP;FCO;;830;70;;1111111;A321;103;1;0;0;1;0;0;51;82;70
1297;AZ;AZ1076;FCO;MXP;;1145;75;;1111111;A220-100;116;1;0;0;1;1;0;43;86;75
1298;AZ;AZ1077;MXP;FCO;;1145;70;;1111111;A220-100;117;1;0;0;1;0;0;43;85;70
1299;AZ;AZ1078;FCO;ZRH;;535;90;;1111111;A320neo;119;1;0;0;0;1;0;58;84;90
1300;AZ;AZ1079;ZRH;FCO;;530;85;;1111111;A320neo;123;1;0;0;0;1;0;58;75;85
1301;AZ;AZ1080;FCO;ZRH;;835;90;;1111111;A321;122;1;0;0;1;0;0;69;78;90
1302;AZ;AZ1081;ZRH;FCO;;855;85;;1111111;A321;128;1;0;0;1;0;0;69;77;85
1303;AZ;AZ1082;FCO;ZRH;;1160;90;;1111111;A220-100;124;1;0;0;1;0;0;58;81;90
1304;AZ;AZ1083;ZRH;FCO;;1145;85;;1111111;A220-100;132;1;0;0;0;1;0;58;85;85
1305;AZ;AZ1084;FCO;GVA;;625;95;;1111111;A321;113;1;0;0;1;0;0;70;83;95
1306;AZ;AZ1085;GVA;FCO;;625;85;;1111111;A321;108;1;0;0;1;0;0;70;86;85
1307;AZ;AZ1086;FCO;GVA;;1065;95;;1111111;A220-100;104;1;0;0;1;0;0;58;82;95
1308;AZ;AZ1087;GVA;FCO;;1070;85;;1111111;A220-100;112;1;0;0;1;1;0;58;77;85
1309;AZ;AZ1088;FCO;BRU;;605;125;;1111111;A321;140;1;0;0;0;1;0;117;80;125
1310;AZ;AZ1089;BRU;FCO;;620;115;;1111111;A321;149;1;0;0;1;0;0;117;77;115
1311;AZ;AZ1090;FCO;BRU;;1075;125;;1111111;A220-100;159;1;0;0;1;0;0;99;85;125
1312;AZ;AZ1091;BRU;FCO;;1080;115;;1111111;A220-100;142;1;0;0;0;0;0;99;78;115
1313;AZ;AZ1092;FCO;VIE;;620;95;;1111111;A220-100;110;1;0;0;0;1;0;65;77;95
1314;AZ;AZ1093;VIE;FCO;;615;100;;1111111;A220-100;126;1;0;0;0;1;0;65;78;100
1315;AZ;AZ1094;FCO;VIE;;1065;95;;1111111;A320neo;117;1;0;0;0;1;0;65;73;95
1316;AZ;AZ1095;VIE;FCO;;1085;100;;1111111;A320neo;111;1;0;0;0;1;0;65;86;100
1317;AZ;AZ1096;FCO;CPH;;850;155;;1111111;A320neo;145;1;0;0;0;1;0;103;86;155
1318;AZ;AZ1097;CPH;FCO;;830;155;;1111111;A320neo;164;1;0;0;0;0;0;103;83;155
1319;AZ;AZ1098;FCO;ATH;;540;105;;1111111;A321;151;1;0;0;0;0;0;108;73;105
1320;AZ;AZ1099;ATH;FCO;;525;120;;1111111;A321;137;1;0;0;1;0;0;108;87;120
1321;AZ;AZ1100;FCO;ATH;;855;105;;1111111;A220-100;144;1;0;0;0;0;0;91;81;105
1322;AZ;AZ1101;ATH;FCO;;855;120;;1111111;A220-100;151;1;0;0;0;1;0;91;78;120
1323;AZ;AZ1102;FCO;ATH;;1140;105;;1111111;A320neo;148;1;0;0;1;1;0;91;85;105
1324;AZ;AZ1103;ATH;FCO;;1145;120;;1111111;A320neo;160;1;0;0;0;1;0;91;87;120
1325;AZ;AZ1104;FCO;IST;;495;130;;1111111;A321;153;1;0;0;1;0;0;137;86;130
1326;AZ;AZ1105;IST;FCO;;495;145;;1111111;A321;141;1;0;0;1;1;0;137;83;145
1327;AZ;AZ1106;FCO;IST;;735;130;;1111111;A220-100;173;1;0;0;1;1;0;115;78;130
1328;AZ;AZ1107;IST;FCO;;745;145;;1111111;A220-100;141;1;0;0;0;1;0;115;74;145
1329;AZ;AZ1108;FCO;IST;;970;130;;1111111;A320neo;142;1;0;0;1;1;0;115;75;130
1330;AZ;AZ1109;IST;FCO;;950;145;;1111111;A320neo;150;1;0;0;1;1;0;115;82;145
1331;AZ;AZ1110;FCO;IST;;1200;130;;1111111;A321;144;1;0;0;1;0;0;137;86;130
1332;AZ;AZ1111;IST;FCO;;1180;145;;1111111;A321;144;1;0;0;1;0;0;137;74;145
1333;AZ;AZ1112;FCO;CMN;;600;205;;1111111;A320neo;175;1;0;0;0;1;0;133;83;205
1334;AZ;AZ1113;CMN;FCO;;620;180;;1111111;A320neo;209;1;0;0;0;0;0;133;86;180
1335;AZ;AZ1114;FCO;CMN;;1080;205;;1111111;A321;178;1;0;0;0;0;0;158;84;205
1336;AZ;AZ1115;CMN;FCO;;1075;180;;1111111;A321;201;1;0;0;0;1;0;158;86;180
1337;AZ;AZ1116;FCO;TUN;;620;80;;1111111;A320neo;102;1;0;0;0;1;0;48;83;80
1338;AZ;AZ1117;TUN;FCO;;625;80;;1111111;A320neo;118;1;0;0;1;1;0;48;78;80
1339;AZ;AZ1118;FCO;TUN;;1075;80;;1111111;A321;107;1;0;0;0;0;0;58;85;80
1340;AZ;AZ1119;TUN;FCO;;1080;80;;1111111;A321;98;1;0;0;0;0;0;58;84;80
1341;AZ;AZ1120;FCO;ALG;;625;110;;1111111;A320neo;152;1;0;0;1;1;0;81;85;110
1342;AZ;AZ1121;ALG;FCO;;615;100;;1111111;A320neo;143;1;0;0;1;1;0;81;79;100
1343;AZ;AZ1122;FCO;ALG;;1070;110;;1111111;A321;143;1;0;0;1;0;0;96;79;110
1344;AZ;AZ1123;ALG;FCO;;1075;100;;1111111;A321;131;1;0;0;1;0;0;96;79;100
1345;AZ;AZ1124;FCO;CAI;;605;190;;1111111;A220-100;190;1;0;0;1;1;0;145;78;190
1346;AZ;AZ1125;CAI;FCO;;615;215;;1111111;A220-100;189;1;0;0;1;1;0;145;76;215
1347;AZ;AZ1126;FCO;CAI;;1085;190;;1111111;A320neo;227;1;0;0;1;1;0;145;87;190
1348;AZ;AZ1127;CAI;FCO;;1060;215;;1111111;A320neo;218;1;0;0;0;1;0;145;77;215
1349;AZ;AZ100;FCO;JFK;;735;580;;1111111;A350-900;477;1;1;1;0;1;0;375;74;580
1350;AZ;AZ101;JFK;FCO;;1115;510;;1111111;A350-900;510;1;1;1;0;1;0;375;83;510
1351;AZ;AZ102;FCO;JFK;;960;580;;1111111;A330-900neo;430;1;1;1;1;1;0;375;79;580
1352;AZ;AZ103;JFK;FCO;;1285;510;;1111111;A330-900neo;511;1;1;1;0;1;0;375;77;510
1353;AZ;AZ104;FCO;MIA;;840;700;;1111111;A350-900;537;1;1;1;0;1;0;455;86;700
1354;AZ;AZ105;MIA;FCO;;1205;615;;1111111;A350-900;525;1;1;1;0;1;0;455;85;615
1355;AZ;AZ106;FCO;LAX;;830;830;;1111111;A350-900;672;1;1;1;1;1;0;557;76;830
1356;AZ;AZ107;LAX;FCO;;1205;755;;1111111;A350-900;603;1;1;1;0;1;1;557;83;755
1357;AZ;AZ108;FCO;SFO;;835;810;;1111111;A330-900neo;649;1;1;1;1;1;1;549;81;810
1358;AZ;AZ109;SFO;FCO;;1190;745;;1111111;A330-900neo;654;1;1;1;0;1;1;549;85;745
1359;AZ;AZ110;FCO;GRU;;845;745;;1111111;A330-900neo;599;1;1;1;0;1;1;515;73;745
1360;AZ;AZ111;GRU;FCO;;1200;720;;1111111;A330-900neo;550;1;1;1;1;1;1;515;86;720
1361;AZ;AZ112;FCO;EZE;;840;875;;1011111;A330-900neo;754;1;1;1;1;1;0;609;74;875
1362;AZ;AZ113;EZE;FCO;;1210;840;;1101111;A330-900neo;676;1;1;1;0;1;0;609;85;840
1363;AZ;AZ114;FCO;HND;;795;845;;1111111;A330-900neo;595;1;1;1;0;1;0;540;82;845
1364;AZ;AZ115;HND;FCO;;125;935;;1111111;A330-900neo;688;1;1;1;0;1;0;540;87;935
1365;AZ;AZ116;FCO;HND;;1290;845;;1111111;A350-900;721;1;1;1;0;1;0;540;83;845
1366;AZ;AZ117;HND;FCO;;745;935;;1111111;A350-900;588;1;1;1;0;1;1;540;86;935
1367;AZ;AZ118;FCO;DEL;;1175;440;;1111111;A350-900;430;1;1;1;0;1;0;324;81;440
1368;AZ;AZ119;DEL;FCO;;620;505;;1111111;A350-900;444;1;1;1;1;1;1;324;80;505
1369;LX;LX1400;ZRH;CDG;;505;75;;1111111;A220-300;106;1;0;1;0;0;0;40;71;75
1370;LX;LX1401;CDG;ZRH;;495;65;;1111111;A220-300;108;1;0;1;0;0;0;40;66;65
1371;LX;LX1402;ZRH;CDG;;810;75;;1111111;A320neo;115;1;0;1;1;1;0;40;75;75
1372;LX;LX1403;CDG;ZRH;;810;65;;1111111;A320neo;117;1;0;1;0;1;0;40;74;65
1373;LX;LX1404;ZRH;CDG;;1110;75;;1111111;A321neo;115;1;0;1;0;1;0;40;73;75
1374;LX;LX1405;CDG;ZRH;;1115;65;;1111111;A321neo;116;1;0;1;1;1;0;40;74;65
1375;LX;LX1406;ZRH;NCE;;590;70;;1111111;A220-300;114;1;0;1;0;1;0;37;77;70
1376;LX;LX1407;NCE;ZRH;;590;65;;1111111;A220-300;108;1;0;1;1;0;0;37;78;65
1377;LX;LX1408;ZRH;NCE;;1035;70;;1111111;A320neo;129;1;0;1;0;1;0;37;71;70
1378;LX;LX1409;NCE;ZRH;;1025;65;;1111111;A320neo;127;1;0;1;1;1;0;37;70;65
1379;LX;LX1410;ZRH;LYS;;575;60;;1111111;A220-300;97;1;0;1;1;1;0;28;68;60
1380;LX;LX1411;LYS;ZRH;;565;55;;1111111;A220-300;106;1;0;1;0;1;0;28;66;55
1381;LX;LX1412;ZRH;LYS;;1035;60;;1111111;A320neo;116;1;0;1;0;1;0;28;70;60
1382;LX;LX1413;LYS;ZRH;;1025;55;;1111111;A320neo;100;1;0;1;0;1;0;28;74;55
1383;LX;LX1414;ZRH;MRS;;590;75;;1111111;A320neo;117;1;0;1;1;1;0;43;76;75
1384;LX;LX1415;MRS;ZRH;;570;70;;1111111;A320neo;118;1;0;1;1;1;0;43;67;70
1385;LX;LX1416;ZRH;MRS;;1040;75;;1111111;A321neo;128;1;0;1;0;0;0;43;73;75
1386;LX;LX1417;MRS;ZRH;;1030;70;;1111111;A321neo;126;1;0;1;0;1;0;43;76;70
1387;LX;LX1418;ZRH;TLS;;800;95;;1011111;A321neo;126;1;0;1;0;1;0;59;76;95
1388;LX;LX1419;TLS;ZRH;;810;85;;1011111;A321neo;138;1;0;1;0;0;0;59;74;85
1389;LX;LX1420;ZRH;BOD;;815;105;;0111011;A321neo;143;1;0;1;1;1;0;65;76;105
1390;LX;LX1421;BOD;ZRH;;800;90;;0111011;A321neo;146;1;0;1;1;0;0;65;69;90
1391;LX;LX1422;ZRH;NTE;;810;105;;1111111;A220-300;140;1;0;1;1;1;0;64;73;105
1392;LX;LX1423;NTE;ZRH;;795;90;;1111111;A220-300;143;1;0;1;0;0;0;64;76;90
1393;LX;LX1424;ZRH;LHR;;500;105;;1111111;A320neo;145;1;0;1;1;1;0;66;73;105
1394;LX;LX1425;LHR;ZRH;;490;95;;1111111;A320neo;156;1;0;1;0;1;0;66;71;95
1395;LX;LX1426;ZRH;LHR;;795;105;;1111111;A321neo;150;1;0;1;0;1;0;66;73;105
1396;LX;LX1427;LHR;ZRH;;820;95;;1111111;A321neo;135;1;0;1;0;1;0;66;67;95
1397;LX;LX1428;ZRH;LHR;;1120;105;;1111111;A220-300;151;1;0;1;0;1;0;66;66;105
1398;LX;LX1429;LHR;ZRH;;1125;95;;1111111;A220-300;152;1;0;1;1;1;0;66;69;95
1399;LX;LX1430;ZRH;AMS;;505;85;;1111111;A220-300;137;1;0;1;1;1;0;51;76;85
1400;LX;LX1431;AMS;ZRH;;510;80;;1111111;A220-300;123;1;0;1;1;1;0;51;69;80
1401;LX;LX1432;ZRH;AMS;;810;85;;1111111;A320neo;127;1;0;1;1;1;0;51;68;85
1402;LX;LX1433;AMS;ZRH;;795;80;;1111111;A320neo;123;1;0;1;1;1;0;51;74;80
1403;LX;LX1434;ZRH;AMS;;1105;85;;1111111;A321neo;124;1;0;1;1;1;0;51;74;85
1404;LX;LX1435;AMS;ZRH;;1110;80;;1111111;A321neo;124;1;0;1;0;1;0;51;76;80
1405;LX;LX1436;ZRH;FRA;;575;55;;1111111;A321neo;94;1;0;1;0;0;0;24;78;55
1406;LX;LX1437;FRA;ZRH;;585;55;;1111111;A321neo;108;1;0;1;1;0;0;24;76;55
1407;LX;LX1438;ZRH;FRA;;1040;55;;1111111;A220-300;96;1;0;1;1;1;0;24;77;55
1408;LX;LX1439;FRA;ZRH;;1035;55;;1111111;A220-300;100;1;0;1;0;1;0;24;67;55
1409;LX;LX1440;ZRH;MUC;;570;50;;1111111;A220-300;94;1;0;1;0;0;0;22;76;50
1410;LX;LX1441;MUC;ZRH;;570;55;;1111111;A220-300;111;1;0;1;1;1;0;22;74;55
1411;LX;LX1442;ZRH;MUC;;1050;50;;1111111;A320neo;93;1;0;1;0;1;0;22;75;50
1412;LX;LX1443;MUC;ZRH;;1025;55;;1111111;A320neo;104;1;0;1;1;1;0;22;73;55
1413;LX;LX1444;ZRH;BER;;590;85;;1111111;A320neo;140;1;0;1;1;1;0;55;72;85
1414;LX;LX1445;BER;ZRH;;565;90;;1111111;A320neo;147;1;0;1;1;1;0;55;79;90
1415;LX;LX1446;ZRH;BER;;1030;85;;1111111;A321neo;130;1;0;1;1;1;0;55;70;85
1416;LX;LX1447;BER;ZRH;;1040;90;;1111111;A321neo;147;1;0;1;1;1;0;55;76;90
1417;LX;LX1448;ZRH;MAD;;505;135;;1111111;A321neo;191;1;0;1;1;0;0;104;69;135
1418;LX;LX1449;MAD;ZRH;;490;120;;1111111;A321neo;187;1;0;1;0;1;0;104;77;120
1419;LX;LX1450;ZRH;MAD;;820;135;;1111111;A220-300;172;1;0;1;0;1;0;104;67;135
1420;LX;LX1451;MAD;ZRH;;795;120;;1111111;A220-300;164;1;0;1;0;0;0;104;75;120
1421;LX;LX1452;ZRH;MAD;;1120;135;;1111111;A320neo;170;1;0;1;0;1;0;104;74;135
1422;LX;LX1453;MAD;ZRH;;1105;120;;1111111;A320neo;179;1;0;1;0;1;0;104;66;120
1423;LX;LX1454;ZRH;BCN;;490;100;;1111111;A320neo;148;1;0;1;1;0;0;72;72;100
1424;LX;LX1455;BCN;ZRH;;515;90;;1111111;A320neo;139;1;0;1;1;1;0;72;65;90
1425;LX;LX1456;ZRH;BCN;;805;100;;1111111;A321neo;143;1;0;1;0;1;0;72;73;100
1426;LX;LX1457;BCN;ZRH;;800;90;;1111111;A321neo;141;1;0;1;0;0;0;72;75;90
1427;LX;LX1458;ZRH;BCN;;1125;100;;1111111;A220-300;151;1;0;1;1;1;0;72;72;100
1428;LX;LX1459;BCN;ZRH;;1120;90;;1111111;A220-300;160;1;0;1;1;0;0;72;73;90
1429;LX;LX1460;ZRH;LIS;;820;180;;1111111;A320neo;208;1;0;1;1;1;0;116;78;180
1430;LX;LX1461;LIS;ZRH;;795;160;;1111111;A320neo;224;1;0;1;1;1;0;116;78;160
1431;LX;LX1462;ZRH;OPO;;795;165;;1111111;A321neo;202;1;0;1;0;0;0;103;76;165
1432;LX;LX1463;OPO;ZRH;;800;145;;1111111;A321neo;213;1;0;1;1;1;0;103;75;145
1433;LX;LX1464;ZRH;FCO;;505;85;;1111111;A320neo;142;1;0;1;0;1;0;58;68;85
1434;LX;LX1465;FCO;ZRH;;500;90;;1111111;A320neo;134;1;0;1;1;1;0;58;72;90
1435;LX;LX1466;ZRH;FCO;;805;85;;1111111;A321neo;142;1;0;1;1;1;0;58;67;85
1436;LX;LX1467;FCO;ZRH;;820;90;;1111111;A321neo;145;1;0;1;0;1;0;58;66;90
1437;LX;LX1468;ZRH;FCO;;1110;85;;1111111;A220-300;128;1;0;1;0;0;0;58;65;85
1438;LX;LX1469;FCO;ZRH;;1125;90;;1111111;A220-300;136;1;0;1;1;1;0;58;70;90
1439;LX;LX1470;ZRH;MXP;;565;45;;1111111;A321neo;108;1;0;1;0;0;0;17;68;45
1440;LX;LX1471;MXP;ZRH;;575;45;;1111111;A321neo;108;1;0;1;0;0;0;17;77;45
1441;LX;LX1472;ZRH;MXP;;1025;45;;1111111;A220-300;97;1;0;1;1;0;0;17;69;45
1442;LX;LX1473;MXP;ZRH;;1035;45;;1111111;A220-300;92;1;0;1;0;0;0;17;76;45
1443;LX;LX1474;ZRH;VIE;;575;75;;1111111;A320neo;134;1;0;1;0;1;0;51;77;75
1444;LX;LX1475;VIE;ZRH;;580;90;;1111111;A320neo;124;1;0;1;1;1;0;51;70;90
1445;LX;LX1476;ZRH;VIE;;1055;75;;1111111;A321neo;130;1;0;1;1;0;0;51;76;75
1446;LX;LX1477;VIE;ZRH;;1025;90;;1111111;A321neo;132;1;0;1;1;0;0;51;68;90
1447;LX;LX1478;ZRH;CPH;;585;100;;1111111;A321neo;154;1;0;1;1;0;0;80;72;100
1448;LX;LX1479;CPH;ZRH;;585;105;;1111111;A321neo;141;1;0;1;0;0;0;80;78;105
1449;LX;LX1480;ZRH;CPH;;1045;100;;1111111;A220-300;168;1;0;1;0;0;0;80;65;100
1450;LX;LX1481;CPH;ZRH;;1045;105;;1111111;A220-300;166;1;0;1;1;1;0;80;70;105
1451;LX;LX1482;ZRH;DUB;;575;135;;1111111;A321neo;189;1;0;1;0;1;0;104;71;135
1452;LX;LX1483;DUB;ZRH;;580;120;;1111111;A321neo;163;1;0;1;0;1;0;104;65;120
1453;LX;LX1484;ZRH;DUB;;1035;135;;1111111;A220-300;189;1;0;1;0;1;0;104;71;135
1454;LX;LX1485;DUB;ZRH;;1030;120;;1111111;A220-300;178;1;0;1;0;1;0;104;72;120
1455;LX;LX1486;ZRH;PRG;;580;70;;1111111;A220-300;136;1;0;1;0;0;0;43;72;70
1456;LX;LX1487;PRG;ZRH;;580;80;;1111111;A220-300;133;1;0;1;0;1;0;43;67;80
1457;LX;LX1488;ZRH;PRG;;1050;70;;1111111;A320neo;120;1;0;1;0;0;0;43;76;70
1458;LX;LX1489;PRG;ZRH;;1035;80;;1111111;A320neo;131;1;0;1;0;0;0;43;73;80
1459;LX;LX1490;ZRH;ATH;;795;155;;1111111;A321neo;223;1;0;1;0;1;0;110;65;155
1460;LX;LX1491;ATH;ZRH;;800;170;;1111111;A321neo;226;1;0;1;1;0;0;110;72;170
1461;LX;LX1492;ZRH;IST;;575;160;;1111111;A220-300;194;1;0;1;1;0;0;117;78;160
1462;LX;LX1493;IST;ZRH;;590;180;;1111111;A220-300;187;1;0;1;1;0;0;117;77;180
1463;LX;LX1494;ZRH;IST;;1045;160;;1111111;A320neo;224;1;0;1;1;1;0;117;71;160
1464;LX;LX1495;IST;ZRH;;1050;180;;1111111;A320neo;220;1;0;1;1;1;0;117;77;180
1465;LX;LX1496;ZRH;CMN;;815;210;;1111111;A320neo;244;1;0;1;0;1;0;139;71;210
1466;LX;LX1497;CMN;ZRH;;805;190;;1111111;A320neo;221;1;0;1;0;1;0;139;67;190
1467;LX;LX1498;ZRH;CAI;;815;220;;1111111;A220-300;298;1;0;1;0;1;0;184;78;220
1468;LX;LX1499;CAI;ZRH;;820;245;;1111111;A220-300;294;1;0;1;1;1;0;184;77;245
1469;LX;LX600;ZRH;JNB;;800;650;;1011111;A340-300;715;1;1;1;0;1;0;629;78;650
1470;LX;LX601;JNB;ZRH;;1305;660;;1101111;A340-300;612;1;1;1;0;1;0;629;75;660
1471;LX;LX602;ZRH;DXB;;885;360;;1111111;A330-300;465;1;1;1;1;1;1;310;74;360
1472;LX;LX603;DXB;ZRH;;390;410;;1111111;A330-300;404;1;1;1;0;1;1;310;67;410
1473;LX;LX604;ZRH;MLE;;1120;570;;1110110;Boeing 777-300ER;578;1;1;1;1;1;0;507;67;570
1474;LX;LX605;MLE;ZRH;;610;645;;0111011;Boeing 777-300ER;550;1;1;1;1;1;0;507;71;645
1475;LX;LX606;ZRH;DEL;;1120;455;;1001001;A330-300;549;1;1;1;0;1;1;400;66;455
1476;LX;LX607;DEL;ZRH;;585;520;;1100100;A330-300;484;1;1;1;0;1;1;400;78;520
1477;LX;LX608;ZRH;BKK;;1135;655;;1111111;A330-300;673;1;1;1;0;1;0;588;78;655
1478;LX;LX609;BKK;ZRH;;605;740;;1111111;A330-300;637;1;1;1;0;1;1;588;70;740
1479;LX;LX610;ZRH;SIN;;1135;735;;1111111;A330-300;790;1;1;1;0;1;0;670;73;735
1480;LX;LX611;SIN;ZRH;;590;840;;1111111;A330-300;758;1;1;1;0;1;0;670;78;840
1481;LX;LX612;ZRH;HKG;;1140;695;;1111111;A340-300;647;1;1;1;1;1;0;694;71;695
1482;LX;LX613;HKG;ZRH;;590;785;;1111111;A340-300;679;1;1;1;1;1;0;694;75;785
1483;LX;LX614;ZRH;HND;;1125;825;;1111111;A330-300;659;1;1;1;0;1;0;623;69;825
1484;LX;LX615;HND;ZRH;;590;900;;1111111;A330-300;754;1;1;1;1;1;1;623;69;900
1485;LX;LX616;ZRH;ICN;;1130;750;;1010101;A330-300;582;1;1;1;1;0;1;568;78;750
1486;LX;LX617;ICN;ZRH;;585;830;;1101010;A330-300;679;1;1;1;0;1;1;568;70;830
1487;LX;LX618;ZRH;JFK;;800;540;;1111111;Boeing 777-300ER;557;1;1;1;1;1;0;410;68;540
1488;LX;LX619;JFK;ZRH;;1160;475;;1111111;Boeing 777-300ER;511;1;1;1;1;1;1;410;67;475
1489;LX;LX620;ZRH;MIA;;815;665;;1111111;Boeing 777-300ER;571;1;1;1;0;1;0;510;74;665
1490;LX;LX621;MIA;ZRH;;1175;580;;1111111;Boeing 777-300ER;650;1;1;1;1;1;0;510;67;580
1491;LX;LX622;ZRH;LAX;;790;780;;1111111;A340-300;644;1;1;1;0;1;1;713;70;780
1492;LX;LX623;LAX;ZRH;;1155;710;;1111111;A340-300;694;1;1;1;0;1;0;713;74;710
1493;LX;LX624;ZRH;SFO;;820;760;;1111111;A330-300;676;1;1;1;1;0;0;609;72;760
1494;LX;LX625;SFO;ZRH;;1175;700;;1111111;A330-300;640;1;1;1;0;0;1;609;67;700
1495;LX;LX626;ZRH;YUL;;810;510;;1111111;A340-300;525;1;1;1;1;1;0;448;68;510
1496;LX;LX627;YUL;ZRH;;1165;450;;1111111;A340-300;539;1;1;1;0;1;1;448;76;450
1497;LX;LX628;ZRH;GRU;;810;760;;0110110;A330-300;772;1;1;1;1;1;1;625;72;760
1498;LX;LX629;GRU;ZRH;;1170;730;;0011011;A330-300;752;1;1;1;0;1;1;625;66;730
1499;LX;LX1500;GVA;LHR;;495;100;;1111111;A220-300;140;1;0;1;1;1;0;63;72;100
1500;LX;LX1501;LHR;GVA;;515;90;;1111111;A220-300;140;1;0;1;0;1;0;63;79;90
1501;LX;LX1502;GVA;LHR;;795;100;;1111111;A320neo;140;1;0;1;0;0;0;63;69;100
1502;LX;LX1503;LHR;GVA;;820;90;;1111111;A320neo;128;1;0;1;1;1;0;63;73;90
1503;LX;LX1504;GVA;LHR;;1125;100;;1111111;A321neo;146;1;0;1;1;0;0;63;77;100
1504;LX;LX1505;LHR;GVA;;1115;90;;1111111;A321neo;151;1;0;1;1;1;0;63;66;90
1505;LX;LX1506;GVA;NCE;;590;55;;1111111;A220-300;112;1;0;1;0;0;0;25;70;55
1506;LX;LX1507;NCE;GVA;;585;55;;1111111;A220-300;106;1;0;1;1;1;0;25;78;55
1507;LX;LX1508;GVA;NCE;;1025;55;;1111111;A320neo;94;1;0;1;1;0;0;25;78;55
1508;LX;LX1509;NCE;GVA;;1050;55;;1111111;A320neo;109;1;0;1;0;0;0;25;75;55
1509;LX;LX1510;GVA;MAD;;570;115;;1111111;A220-300;175;1;0;1;1;0;0;85;66;115
1510;LX;LX1511;MAD;GVA;;580;105;;1111111;A220-300;150;1;0;1;1;1;0;85;74;105
1511;LX;LX1512;GVA;MAD;;1050;115;;1111111;A320neo;176;1;0;1;1;1;0;85;73;115
1512;LX;LX1513;MAD;GVA;;1040;105;;1111111;A320neo;177;1;0;1;0;1;0;85;75;105
1513;LX;LX1514;GVA;BCN;;580;90;;1111111;A321neo;123;1;0;1;1;1;0;54;77;90
1514;LX;LX1515;BCN;GVA;;595;80;;1111111;A321neo;115;1;0;1;1;1;0;54;77;80
1515;LX;LX1516;GVA;BCN;;1040;90;;1111111;A220-300;135;1;0;1;0;1;0;54;74;90
1516;LX;LX1517;BCN;GVA;;1025;80;;1111111;A220-300;136;1;0;1;1;1;0;54;77;80
1517;LX;LX1518;GVA;LIS;;590;155;;1111111;A320neo;206;1;0;1;0;1;0;126;78;155
1518;LX;LX1519;LIS;GVA;;580;140;;1111111;A320neo;201;1;0;1;0;0;0;126;77;140
1519;LX;LX1520;GVA;LIS;;1045;155;;1111111;A321neo;182;1;0;1;0;0;0;126;72;155
1520;LX;LX1521;LIS;GVA;;1040;140;;1111111;A321neo;180;1;0;1;0;1;0;126;76;140
1521;LX;LX1522;GVA;OPO;;815;140;;1111111;A220-300;169;1;0;1;1;1;0;110;74;140
1522;LX;LX1523;OPO;GVA;;820;125;;1111111;A220-300;188;1;0;1;0;1;0;110;67;125
1523;LX;LX1524;GVA;FCO;;575;85;;1111111;A321neo;144;1;0;1;0;1;0;58;74;85
1524;LX;LX1525;FCO;GVA;;590;95;;1111111;A321neo;133;1;0;1;1;1;0;58;69;95
1525;LX;LX1526;GVA;FCO;;1045;85;;1111111;A220-300;127;1;0;1;1;1;0;58;68;85
1526;LX;LX1527;FCO;GVA;;1040;95;;1111111;A220-300;141;1;0;1;1;1;0;58;74;95
1527;LX;LX1528;GVA;ATH;;795;160;;1111111;A320neo;193;1;0;1;0;1;0;116;72;160
1528;LX;LX1529;ATH;GVA;;795;180;;1111111;A320neo;202;1;0;1;0;1;0;116;69;180
1529;LX;LX1530;GVA;VIE;;815;90;;1111111;A321neo;154;1;0;1;1;1;0;69;73;90
1530;LX;LX1531;VIE;GVA;;805;100;;1111111;A321neo;153;1;0;1;0;0;0;69;74;100
1531;LX;LX1532;GVA;BER;;585;95;;1111111;A220-300;144;1;0;1;0;0;0;73;74;95
1532;LX;LX1533;BER;GVA;;585;100;;1111111;A220-300;134;1;0;1;1;0;0;73;78;100
1533;LX;LX1534;GVA;BER;;1040;95;;1111111;A320neo;158;1;0;1;0;0;0;73;77;95
1534;LX;LX1535;BER;GVA;;1035;100;;1111111;A320neo;159;1;0;1;0;0;0;73;66;100
1535;LX;LX630;GVA;JFK;;805;530;;1111111;A330-300;566;1;1;1;1;1;1;403;77;530
1536;LX;LX631;JFK;GVA;;1160;465;;1111111;A330-300;575;1;1;1;1;1;1;403;78;465
1537;SN;SN1200;BRU;NCE;;560;90;;1111111;A320;140;1;0;0;0;1;0;83;72;90
1538;SN;SN1201;NCE;BRU;;555;95;;1111111;A320;142;1;0;0;0;0;0;83;74;95
1539;SN;SN1202;BRU;NCE;;1035;90;;1111111;A319;132;1;0;0;0;0;0;83;75;90
1540;SN;SN1203;NCE;BRU;;1035;95;;1111111;A319;127;1;0;0;1;0;0;83;76;95
1541;SN;SN1204;BRU;LYS;;790;80;;1111111;A320;106;1;0;0;0;0;0;58;72;80
1542;SN;SN1205;LYS;BRU;;800;80;;1111111;A320;125;1;0;0;1;0;0;58;66;80
1543;SN;SN1206;BRU;MRS;;800;95;;1111111;A320;136;1;0;0;0;1;0;83;73;95
1544;SN;SN1207;MRS;BRU;;810;95;;1111111;A320;132;1;0;0;0;0;0;83;76;95
1545;SN;SN1208;BRU;TLS;;790;95;;0111011;A319;126;1;0;0;0;0;0;84;66;95
1546;SN;SN1209;TLS;BRU;;810;95;;0111011;A319;123;1;0;0;0;0;0;84;65;95
1547;SN;SN1210;BRU;BOD;;785;100;;0110110;A319;134;1;0;0;0;0;0;78;68;100
1548;SN;SN1211;BOD;BRU;;800;95;;0110110;A319;121;1;0;0;0;0;0;78;73;95
1549;SN;SN1212;BRU;LHR;;475;65;;1111111;A320;95;1;0;0;0;1;0;35;74;65
1550;SN;SN1213;LHR;BRU;;495;55;;1111111;A320;99;1;0;0;0;0;0;35;67;55
1551;SN;SN1214;BRU;LHR;;800;65;;1111111;A319;103;1;0;0;0;0;0;35;69;65
1552;SN;SN1215;LHR;BRU;;790;55;;1111111;A319;97;1;0;0;0;0;0;35;71;55
1553;SN;SN1216;BRU;LHR;;1115;65;;1111111;A320;102;1;0;0;1;0;0;35;72;65
1554;SN;SN1217;LHR;BRU;;1110;55;;1111111;A320;104;1;0;0;0;0;0;35;75;55
1555;SN;SN1218;BRU;FRA;;580;55;;1111111;A319;99;1;0;0;0;1;0;30;65;55
1556;SN;SN1219;FRA;BRU;;555;60;;1111111;A319;92;1;0;0;0;0;0;30;69;60
1557;SN;SN1220;BRU;FRA;;1010;55;;1111111;A320;100;1;0;0;0;0;0;30;63;55
1558;SN;SN1221;FRA;BRU;;1035;60;;1111111;A320;87;1;0;0;1;0;0;30;73;60
1559;SN;SN1222;BRU;MUC;;560;75;;1111111;A319;107;1;0;0;1;1;0;60;64;75
1560;SN;SN1223;MUC;BRU;;580;85;;1111111;A319;105;1;0;0;0;0;0;60;71;85
1561;SN;SN1224;BRU;MUC;;1020;75;;1111111;A320;115;1;0;0;0;0;0;60;74;75
1562;SN;SN1225;MUC;BRU;;1010;85;;1111111;A320;113;1;0;0;0;0;0;60;76;85
1563;SN;SN1226;BRU;BER;;550;80;;1111111;A319;115;1;0;0;0;0;0;64;66;80
1564;SN;SN1227;BER;BRU;;565;90;;1111111;A319;110;1;0;0;0;0;0;64;73;90
1565;SN;SN1228;BRU;BER;;1030;80;;1111111;A320;110;1;0;0;0;0;0;64;69;80
1566;SN;SN1229;BER;BRU;;1015;90;;1111111;A320;120;1;0;0;1;0;0;64;73;90
1567;SN;SN1230;BRU;MAD;;550;135;;1111111;A320;176;1;0;0;1;0;0;132;72;135
1568;SN;SN1231;MAD;BRU;;560;130;;1111111;A320;180;1;0;0;0;1;0;132;71;130
1569;SN;SN1232;BRU;MAD;;1020;135;;1111111;A319;176;1;0;0;0;0;0;132;65;135
1570;SN;SN1233;MAD;BRU;;1015;130;;1111111;A319;174;1;0;0;1;0;0;132;76;130
1571;SN;SN1234;BRU;BCN;;560;115;;1111111;A319;166;1;0;0;0;0;0;108;74;115
1572;SN;SN1235;BCN;BRU;;570;110;;1111111;A319;147;1;0;0;0;0;0;108;64;110
1573;SN;SN1236;BRU;BCN;;1015;115;;1111111;A320;154;1;0;0;1;1;0;108;69;115
1574;SN;SN1237;BCN;BRU;;1015;110;;1111111;A320;164;1;0;0;0;1;0;108;73;110
1575;SN;SN1238;BRU;LIS;;790;180;;1111111;A320;174;1;0;0;1;0;0;137;67;180
1576;SN;SN1239;LIS;BRU;;805;160;;1111111;A320;171;1;0;0;0;1;0;137;63;160
1577;SN;SN1240;BRU;OPO;;795;155;;1111111;A320;162;1;0;0;0;0;0;147;71;155
1578;SN;SN1241;OPO;BRU;;805;140;;1111111;A320;177;1;0;0;0;0;0;147;69;140
1579;SN;SN1242;BRU;FCO;;565;115;;1111111;A320;154;1;0;0;1;0;0;117;73;115
1580;SN;SN1243;FCO;BRU;;575;125;;1111111;A320;146;1;0;0;0;0;0;117;64;125
1581;SN;SN1244;BRU;FCO;;1030;115;;1111111;A319;153;1;0;0;1;1;0;117;74;115
1582;SN;SN1245;FCO;BRU;;1015;125;;1111111;A319;157;1;0;0;1;0;0;117;72;125
1583;SN;SN1246;BRU;MXP;;570;85;;1111111;A319;112;1;0;0;0;0;0;66;64;85
1584;SN;SN1247;MXP;BRU;;550;90;;1111111;A319;119;1;0;0;1;0;0;66;67;90
1585;SN;SN1248;BRU;MXP;;1025;85;;1111111;A320;106;1;0;0;1;1;0;66;75;85
1586;SN;SN1249;MXP;BRU;;1035;90;;1111111;A320;113;1;0;0;1;0;0;66;66;90
1587;SN;SN1250;BRU;GVA;;795;75;;1111111;A320;105;1;0;0;0;1;0;53;76;75
1588;SN;SN1251;GVA;BRU;;790;75;;1111111;A320;104;1;0;0;0;1;0;53;67;75
1589;SN;SN1252;BRU;ZRH;;550;70;;1111111;A320;117;1;0;0;0;0;0;48;75;70
1590;SN;SN1253;ZRH;BRU;;560;75;;1111111;A320;110;1;0;0;0;0;0;48;73;75
1591;SN;SN1254;BRU;ZRH;;1020;70;;1111111;A319;99;1;0;0;0;0;0;48;68;70
1592;SN;SN1255;ZRH;BRU;;1010;75;;1111111;A319;97;1;0;0;1;0;0;48;74;75
1593;SN;SN1256;BRU;VIE;;790;95;;1111111;A320;141;1;0;0;0;0;0;93;71;95
1594;SN;SN1257;VIE;BRU;;785;110;;1111111;A320;127;1;0;0;0;0;0;93;71;110
1595;SN;SN1258;BRU;CPH;;785;90;;1111111;A319;117;1;0;0;0;0;0;75;73;90
1596;SN;SN1259;CPH;BRU;;780;100;;1111111;A319;115;1;0;0;1;1;0;75;65;100
1597;SN;SN1260;BRU;DUB;;780;105;;1111111;A319;118;1;0;0;1;0;0;78;63;105
1598;SN;SN1261;DUB;BRU;;790;90;;1111111;A319;129;1;0;0;0;0;0;78;65;90
1599;SN;SN1262;BRU;PRG;;800;85;;1111111;A319;116;1;0;0;0;0;0;70;65;85
1600;SN;SN1263;PRG;BRU;;785;95;;1111111;A319;128;1;0;0;0;1;0;70;72;95
1601;SN;SN1264;BRU;ATH;;785;190;;1111111;A319;227;1;0;0;0;0;0;168;68;190
1602;SN;SN1265;ATH;BRU;;785;210;;1111111;A319;214;1;0;0;1;0;0;168;73;210
1603;SN;SN1266;BRU;IST;;785;190;;1111111;A320;191;1;0;0;1;0;0;171;74;190
1604;SN;SN1267;IST;BRU;;805;215;;1111111;A320;200;1;0;0;0;0;0;171;77;215
1605;SN;SN1268;BRU;CMN;;805;215;;1111111;A320;196;1;0;0;1;0;0;175;71;215
1606;SN;SN1269;CMN;BRU;;785;200;;1111111;A320;229;1;0;0;0;0;0;175;66;200
1607;SN;SN1270;BRU;RAK;;785;230;;1111111;A320;241;1;0;0;0;1;0;190;64;230
1608;SN;SN1271;RAK;BRU;;780;215;;1111111;A320;238;1;0;0;0;0;0;190;74;215
1609;SN;SN1272;BRU;TUN;;795;160;;1111111;A319;181;1;0;0;1;0;0;130;63;160
1610;SN;SN1273;TUN;BRU;;810;165;;1111111;A319;168;1;0;0;1;0;0;130;69;165
1611;SN;SN1274;BRU;ALG;;785;160;;1111111;A320;167;1;0;0;1;0;0;127;75;160
1612;SN;SN1275;ALG;BRU;;805;155;;1111111;A320;198;1;0;0;0;1;0;127;73;155
1613;SN;SN500;BRU;DSS;;770;380;;1111110;A330-300;410;1;1;1;0;1;1;290;65;380
1614;SN;SN501;DSS;BRU;;1290;355;;0111111;A330-300;378;1;1;1;0;1;1;290;71;355
1615;SN;SN502;BRU;ABJ;;770;420;;0110110;A330-300;445;1;1;1;0;1;0;334;67;420
1616;SN;SN503;ABJ;BRU;;1290;410;;0011011;A330-300;368;1;1;1;1;1;0;334;68;410
1617;SN;SN504;BRU;JFK;;775;505;;1111111;A330-300;453;1;1;1;0;1;0;383;68;505
1618;SN;SN505;JFK;BRU;;1155;445;;1111111;A330-300;416;1;1;1;1;1;0;383;72;445
1619;OS;OS1000;VIE;CDG;;520;120;;1111111;Embraer 195;153;1;0;0;1;0;0;104;75;120
1620;OS;OS1001;CDG;VIE;;510;105;;1111111;Embraer 195;151;1;0;0;1;0;0;104;78;105
1621;OS;OS1002;VIE;CDG;;830;120;;1111111;A321;133;1;0;0;0;0;0;104;83;120
1622;OS;OS1003;CDG;VIE;;815;105;;1111111;A321;158;1;0;0;1;0;0;104;72;105
1623;OS;OS1004;VIE;CDG;;1150;120;;1111111;A320;130;1;0;0;1;0;0;104;76;120
1624;OS;OS1005;CDG;VIE;;1130;105;;1111111;A320;154;1;0;0;1;0;0;104;80;105
1625;OS;OS1006;VIE;NCE;;585;105;;1111111;A321;143;1;0;0;1;0;0;88;78;105
1626;OS;OS1007;NCE;VIE;;610;95;;1111111;A321;121;1;0;0;1;1;0;88;81;95
1627;OS;OS1008;VIE;NCE;;1055;105;;1111111;A320;120;1;0;0;1;0;0;88;75;105
1628;OS;OS1009;NCE;VIE;;1045;95;;1111111;A320;121;1;0;0;0;0;0;88;76;95
1629;OS;OS1010;VIE;LYS;;820;105;;1111111;A320;150;1;0;0;0;0;0;91;77;105
1630;OS;OS1011;LYS;VIE;;825;95;;1111111;A320;144;1;0;0;1;0;0;91;83;95
1631;OS;OS1012;VIE;LHR;;510;140;;1111111;A321;145;1;0;0;1;0;0;127;75;140
1632;OS;OS1013;LHR;VIE;;530;120;;1111111;A321;167;1;0;0;0;0;0;127;74;120
1633;OS;OS1014;VIE;LHR;;835;140;;1111111;A320;173;1;0;0;1;1;0;127;79;140
1634;OS;OS1015;LHR;VIE;;825;120;;1111111;A320;154;1;0;0;1;0;0;127;72;120
1635;OS;OS1016;VIE;LHR;;1125;140;;1111111;Embraer 195;147;1;0;0;1;0;0;127;84;140
1636;OS;OS1017;LHR;VIE;;1130;120;;1111111;Embraer 195;149;1;0;0;1;1;0;127;80;120
1637;OS;OS1018;VIE;AMS;;610;110;;1111111;A321;135;1;0;0;0;1;0;96;72;110
1638;OS;OS1019;AMS;VIE;;590;100;;1111111;A321;126;1;0;0;1;0;0;96;75;100
1639;OS;OS1020;VIE;AMS;;1050;110;;1111111;A320;135;1;0;0;1;0;0;96;82;110
1640;OS;OS1021;AMS;VIE;;1065;100;;1111111;A320;148;1;0;0;0;0;0;96;76;100
1641;OS;OS1022;VIE;FRA;;605;90;;1111111;A320;118;1;0;0;1;0;0;62;84;90
1642;OS;OS1023;FRA;VIE;;605;80;;1111111;A320;127;1;0;0;0;0;0;62;81;80
1643;OS;OS1024;VIE;FRA;;1070;90;;1111111;Embraer 195;120;1;0;0;0;0;0;62;74;90
1644;OS;OS1025;FRA;VIE;;1055;80;;1111111;Embraer 195;106;1;0;0;1;0;0;62;78;80
1645;OS;OS1026;VIE;MUC;;590;65;;1111111;A321;92;1;0;0;0;0;0;36;83;65
1646;OS;OS1027;MUC;VIE;;605;55;;1111111;A321;100;1;0;0;1;1;0;36;79;55
1647;OS;OS1028;VIE;MUC;;1065;65;;1111111;A320;106;1;0;0;0;1;0;36;75;65
1648;OS;OS1029;MUC;VIE;;1050;55;;1111111;A320;103;1;0;0;1;0;0;36;72;55
1649;OS;OS1030;VIE;BER;;605;75;;1111111;A320;96;1;0;0;0;1;0;52;75;75
1650;OS;OS1031;BER;VIE;;595;75;;1111111;A320;115;1;0;0;1;0;0;52;76;75
1651;OS;OS1032;VIE;BER;;1065;75;;1111111;Embraer 195;112;1;0;0;1;1;0;52;81;75
1652;OS;OS1033;BER;VIE;;1060;75;;1111111;Embraer 195;93;1;0;0;0;0;0;52;82;75
1653;OS;OS1034;VIE;MAD;;820;190;;1111111;Embraer 195;179;1;0;0;0;1;0;145;72;190
1654;OS;OS1035;MAD;VIE;;815;165;;1111111;Embraer 195;184;1;0;0;0;0;0;145;80;165
1655;OS;OS1036;VIE;BCN;;610;145;;1111111;Embraer 195;142;1;0;0;0;0;0;137;80;145
1656;OS;OS1037;BCN;VIE;;610;130;;1111111;Embraer 195;142;1;0;0;0;0;0;137;84;130
1657;OS;OS1038;VIE;BCN;;1055;145;;1111111;A321;163;1;0;0;0;0;0;137;76;145
1658;OS;OS1039;BCN;VIE;;1060;130;;1111111;A321;170;1;0;0;0;0;0;137;77;130
1659;OS;OS1040;VIE;LIS;;830;230;;1111111;A321;203;1;0;0;0;1;0;184;84;230
1660;OS;OS1041;LIS;VIE;;825;205;;1111111;A321;234;1;0;0;1;0;0;184;83;205
1661;OS;OS1042;VIE;FCO;;600;100;;1111111;A320;128;1;0;0;0;0;0;78;81;100
1662;OS;OS1043;FCO;VIE;;595;95;;1111111;A320;119;1;0;0;0;1;0;78;82;95
1663;OS;OS1044;VIE;FCO;;1060;100;;1111111;Embraer 195;110;1;0;0;0;0;0;78;74;100
1664;OS;OS1045;FCO;VIE;;1065;95;;1111111;Embraer 195;126;1;0;0;0;0;0;78;72;95
1665;OS;OS1046;VIE;MXP;;610;95;;1111111;A320;129;1;0;0;0;0;0;66;73;95
1666;OS;OS1047;MXP;VIE;;600;80;;1111111;A320;117;1;0;0;0;0;0;66;74;80
1667;OS;OS1048;VIE;MXP;;1050;95;;1111111;Embraer 195;109;1;0;0;0;0;0;66;77;95
1668;OS;OS1049;MXP;VIE;;1055;80;;1111111;Embraer 195;113;1;0;0;1;0;0;66;79;80
1669;OS;OS1050;VIE;ZRH;;605;90;;1111111;Embraer 195;103;1;0;0;0;0;0;60;74;90
1670;OS;OS1051;ZRH;VIE;;590;75;;1111111;Embraer 195;111;1;0;0;0;0;0;60;77;75
1671;OS;OS1052;VIE;ZRH;;1075;90;;1111111;A321;103;1;0;0;1;1;0;60;81;90
1672;OS;OS1053;ZRH;VIE;;1075;75;;1111111;A321;119;1;0;0;1;0;0;60;82;75
1673;OS;OS1054;VIE;GVA;;845;100;;1111111;A321;114;1;0;0;1;1;0;82;75;100
1674;OS;OS1055;GVA;VIE;;830;90;;1111111;A321;121;1;0;0;0;0;0;82;83;90
1675;OS;OS1056;VIE;BRU;;820;110;;1111111;A321;137;1;0;0;0;0;0;93;73;110
1676;OS;OS1057;BRU;VIE;;820;95;;1111111;A321;133;1;0;0;0;1;0;93;82;95
1677;OS;OS1058;VIE;CPH;;820;100;;1111111;A321;139;1;0;0;0;0;0;88;74;100
1678;OS;OS1059;CPH;VIE;;830;95;;1111111;A321;141;1;0;0;0;0;0;88;84;95
1679;OS;OS1060;VIE;DUB;;830;180;;1111111;Embraer 195;186;1;0;0;1;0;0;136;74;180
1680;OS;OS1061;DUB;VIE;;840;155;;1111111;Embraer 195;169;1;0;0;0;0;0;136;84;155
1681;OS;OS1062;VIE;PRG;;845;55;;1111111;A321;85;1;0;0;0;0;0;28;78;55
1682;OS;OS1063;PRG;VIE;;845;50;;1111111;A321;101;1;0;0;1;1;0;28;82;50
1683;OS;OS1064;VIE;ATH;;600;125;;1111111;Embraer 195;148;1;0;0;1;0;0;128;74;125
1684;OS;OS1065;ATH;VIE;;600;135;;1111111;Embraer 195;158;1;0;0;0;0;0;128;85;135
1685;OS;OS1066;VIE;ATH;;1065;125;;1111111;A321;162;1;0;0;1;1;0;128;73;125
1686;OS;OS1067;ATH;VIE;;1060;135;;1111111;A321;173;1;0;0;1;0;0;128;81;135
1687;OS;OS1068;VIE;IST;;600;120;;1111111;A321;160;1;0;0;1;1;0;122;75;120
1688;OS;OS1069;IST;VIE;;605;130;;1111111;A321;152;1;0;0;1;0;0;122;81;130
1689;OS;OS1070;VIE;IST;;1065;120;;1111111;A320;161;1;0;0;0;0;0;122;78;120
1690;OS;OS1071;IST;VIE;;1075;130;;1111111;A320;166;1;0;0;0;1;0;122;76;130
1691;OS;OS1072;VIE;CAI;;835;210;;1111111;A321;206;1;0;0;0;0;0;189;78;210
1692;OS;OS1073;CAI;VIE;;820;230;;1111111;A321;228;1;0;0;0;0;0;189;85;230
1693;OS;OS400;VIE;MLE;;1155;535;;1001001;Boeing 787-9;516;1;1;1;0;1;1;397;81;535
1694;OS;OS401;MLE;VIE;;630;600;;1100100;Boeing 787-9;555;1;1;1;0;0;1;397;72;600
1695;OS;OS402;VIE;BKK;;1140;610;;1111111;Boeing 787-9;528;1;1;1;0;1;1;461;77;610
1696;OS;OS403;BKK;VIE;;630;695;;1111111;Boeing 787-9;629;1;1;1;0;1;1;461;73;695
1697;OS;OS404;VIE;HND;;1170;785;;1111111;Boeing 787-9;664;1;1;1;0;1;0;499;76;785
1698;OS;OS405;HND;VIE;;605;865;;1111111;Boeing 787-9;606;1;1;1;0;1;0;499;85;865
1699;OS;OS406;VIE;JFK;;815;575;;1111111;Boeing 777-200ER;506;1;1;1;0;1;1;509;83;575
1700;OS;OS407;JFK;VIE;;1180;510;;1111111;Boeing 777-200ER;536;1;1;1;1;1;0;509;78;510
1701;OS;OS408;VIE;YUL;;835;545;;1110110;Boeing 787-9;479;1;1;1;0;1;1;353;79;545
1702;OS;OS409;YUL;VIE;;1190;485;;0111011;Boeing 787-9;414;1;1;1;0;1;0;353;82;485
1703;SK;SK1200;CPH;CDG;;505;115;;1111111;A320neo;144;1;0;0;1;1;0;84;83;115
1704;SK;SK1201;CDG;CPH;;500;105;;1111111;A320neo;137;1;0;0;1;1;0;84;70;105
1705;SK;SK1202;CPH;CDG;;790;115;;1111111;A321LR;141;1;0;0;1;1;0;84;80;115
1706;SK;SK1203;CDG;CPH;;805;105;;1111111;A321LR;151;1;0;0;1;0;0;84;79;105
1707;SK;SK1204;CPH;CDG;;1105;115;;1111111;A320neo;133;1;0;0;1;0;0;84;71;115
1708;SK;SK1205;CDG;CPH;;1105;105;;1111111;A320neo;145;1;0;0;1;0;0;84;72;105
1709;SK;SK1206;CPH;NCE;;575;140;;1111111;A320neo;150;1;0;0;1;1;0;116;76;140
1710;SK;SK1207;NCE;CPH;;570;135;;1111111;A320neo;169;1;0;0;1;0;0;116;72;135
1711;SK;SK1208;CPH;NCE;;1035;140;;1111111;A321LR;151;1;0;0;1;0;0;116;75;140
1712;SK;SK1209;NCE;CPH;;1020;135;;1111111;A321LR;148;1;0;0;0;1;0;116;72;135
1713;SK;SK1210;CPH;LHR;;500;110;;1111111;A320neo;128;1;0;0;1;1;0;82;80;110
1714;SK;SK1211;LHR;CPH;;495;100;;1111111;A320neo;138;1;0;0;1;1;0;82;69;100
1715;SK;SK1212;CPH;LHR;;805;110;;1111111;A321LR;126;1;0;0;0;1;0;82;73;110
1716;SK;SK1213;LHR;CPH;;810;100;;1111111;A321LR;145;1;0;0;1;1;0;82;79;100
1717;SK;SK1214;CPH;LHR;;1105;110;;1111111;A320neo;131;1;0;0;0;1;0;82;74;110
1718;SK;SK1215;LHR;CPH;;1120;100;;1111111;A320neo;142;1;0;0;1;1;0;82;69;100
1719;SK;SK1216;CPH;AMS;;565;90;;1111111;A321LR;103;1;0;0;1;1;0;53;73;90
1720;SK;SK1217;AMS;CPH;;555;80;;1111111;A321LR;103;1;0;0;1;0;0;53;77;80
1721;SK;SK1218;CPH;AMS;;1020;90;;1111111;A320neo;115;1;0;0;1;1;0;53;81;90
1722;SK;SK1219;AMS;CPH;;1015;80;;1111111;A320neo;103;1;0;0;1;0;0;53;72;80
1723;SK;SK1220;CPH;FRA;;570;90;;1111111;A321LR;114;1;0;0;1;0;0;57;72;90
1724;SK;SK1221;FRA;CPH;;555;85;;1111111;A321LR;111;1;0;0;1;1;0;57;75;85
1725;SK;SK1222;CPH;FRA;;1015;90;;1111111;A320neo;119;1;0;0;1;1;0;57;76;90
1726;SK;SK1223;FRA;CPH;;1040;85;;1111111;A320neo;107;1;0;0;0;1;0;57;80;85
1727;SK;SK1224;CPH;MUC;;560;90;;1111111;A321LR;117;1;0;0;1;0;0;68;83;90
1728;SK;SK1225;MUC;CPH;;570;90;;1111111;A321LR;134;1;0;0;1;0;0;68;75;90
1729;SK;SK1226;CPH;MUC;;1035;90;;1111111;A320neo;115;1;0;0;1;0;0;68;72;90
1730;SK;SK1227;MUC;CPH;;1015;90;;1111111;A320neo;115;1;0;0;1;0;0;68;80;90
1731;SK;SK1228;CPH;BER;;575;60;;1111111;A321LR;96;1;0;0;1;1;0;31;70;60
1732;SK;SK1229;BER;CPH;;575;60;;1111111;A321LR;104;1;0;0;1;1;0;31;74;60
1733;SK;SK1230;CPH;BER;;1025;60;;1111111;A320neo;95;1;0;0;1;1;0;31;79;60
1734;SK;SK1231;BER;CPH;;1030;60;;1111111;A320neo;104;1;0;0;1;0;0;31;72;60
1735;SK;SK1232;CPH;MAD;;795;205;;1111111;A320neo;184;1;0;0;1;1;0;138;78;205
1736;SK;SK1233;MAD;CPH;;800;190;;1111111;A320neo;184;1;0;0;1;1;0;138;76;190
1737;SK;SK1234;CPH;BCN;;790;180;;1111111;A321LR;203;1;0;0;1;1;0;119;78;180
1738;SK;SK1235;BCN;CPH;;800;170;;1111111;A321LR;201;1;0;0;1;1;0;119;78;170
1739;SK;SK1236;CPH;LIS;;795;240;;1111111;A320neo;227;1;0;0;1;0;0;166;83;240
1740;SK;SK1237;LIS;CPH;;795;220;;1111111;A320neo;236;1;0;0;1;1;0;166;78;220
1741;SK;SK1238;CPH;FCO;;800;155;;1111111;A320neo;152;1;0;0;1;1;0;103;74;155
1742;SK;SK1239;FCO;CPH;;790;155;;1111111;A320neo;144;1;0;0;1;1;0;103;73;155
1743;SK;SK1240;CPH;MXP;;560;120;;1111111;A321LR;153;1;0;0;1;1;0;96;70;120
1744;SK;SK1241;MXP;CPH;;560;115;;1111111;A321LR;154;1;0;0;1;1;0;96;77;115
1745;SK;SK1242;CPH;MXP;;1035;120;;1111111;A320neo;158;1;0;0;1;1;0;96;79;120
1746;SK;SK1243;MXP;CPH;;1020;115;;1111111;A320neo;157;1;0;0;1;0;0;96;81;115
1747;SK;SK1244;CPH;ZRH;;580;105;;1111111;A320neo;148;1;0;0;1;1;0;80;75;105
1748;SK;SK1245;ZRH;CPH;;580;100;;1111111;A320neo;149;1;0;0;1;1;0;80;81;100
1749;SK;SK1246;CPH;ZRH;;1035;105;;1111111;A321LR;148;1;0;0;1;0;0;80;77;105
1750;SK;SK1247;ZRH;CPH;;1015;100;;1111111;A321LR;125;1;0;0;1;1;0;80;73;100
1751;SK;SK1248;CPH;GVA;;795;120;;1111111;A320neo;138;1;0;0;1;1;0;96;77;120
1752;SK;SK1249;GVA;CPH;;815;115;;1111111;A320neo;158;1;0;0;0;1;0;96;70;115
1753;SK;SK1250;CPH;BRU;;805;100;;1111111;A321LR;132;1;0;0;1;0;0;63;73;100
1754;SK;SK1251;BRU;CPH;;810;90;;1111111;A321LR;133;1;0;0;1;1;0;63;70;90
1755;SK;SK1252;CPH;VIE;;800;95;;1111111;A320neo;136;1;0;0;1;1;0;74;75;95
1756;SK;SK1253;VIE;CPH;;795;100;;1111111;A320neo;117;1;0;0;1;1;0;74;75;100
1757;SK;SK1254;CPH;DUB;;805;135;;1111111;A321LR;136;1;0;0;1;1;0;104;72;135
1758;SK;SK1255;DUB;CPH;;805;120;;1111111;A321LR;156;1;0;0;1;1;0;104;76;120
1759;SK;SK1256;CPH;PRG;;795;85;;1111111;A321LR;124;1;0;0;1;1;0;52;73;85
1760;SK;SK1257;PRG;CPH;;805;85;;1111111;A321LR;111;1;0;0;1;1;0;52;78;85
1761;SK;SK1258;CPH;ATH;;790;195;;1111111;A321LR;220;1;0;0;1;1;0;144;72;195
1762;SK;SK1259;ATH;CPH;;800;205;;1111111;A321LR;199;1;0;0;1;1;0;144;80;205
1763;SK;SK1260;CPH;IST;;790;180;;1111111;A320neo;206;1;0;0;1;1;0;133;70;180
1764;SK;SK1261;IST;CPH;;810;195;;1111111;A320neo;195;1;0;0;1;0;0;133;80;195
1765;SK;SK1262;CPH;PMI;;810;190;;1111111;A320neo;194;1;0;0;1;1;0;130;70;190
1766;SK;SK1263;PMI;CPH;;810;180;;1111111;A320neo;197;1;0;0;1;1;0;130;77;180
1767;SK;SK200;CPH;JFK;;800;530;;1111111;A330-300;461;1;1;1;1;1;1;402;78;530
1768;SK;SK201;JFK;CPH;;1150;470;;1111111;A330-300;467;1;1;1;1;1;1;402;72;470
1769;SK;SK202;CPH;MIA;;785;665;;1111110;A330-300;567;1;1;1;1;1;0;510;74;665
1770;SK;SK203;MIA;CPH;;1145;585;;0111111;A330-300;534;1;1;1;1;1;1;510;79;585
1771;SK;SK204;CPH;LAX;;795;735;;1111110;A330-300;594;1;1;1;1;1;1;587;75;735
1772;SK;SK205;LAX;CPH;;1165;680;;0111111;A330-300;645;1;1;1;1;1;0;587;79;680
1773;SK;SK206;CPH;SFO;;805;715;;0101010;A350-900;654;1;1;1;1;1;1;481;77;715
1774;SK;SK207;SFO;CPH;;1165;665;;0010101;A350-900;653;1;1;1;1;1;1;481;72;665
1775;SK;SK208;CPH;HND;;1115;750;;1111111;A350-900;655;1;1;1;1;1;1;475;74;750
1776;SK;SK209;HND;CPH;;595;815;;1111111;A350-900;638;1;1;1;0;1;0;475;79;815
1777;TP;TP1200;LIS;CDG;;495;140;;1111111;A321LR;156;1;0;0;1;1;0;124;56;140
1778;TP;TP1201;CDG;LIS;;480;150;;1111111;A321LR;177;1;0;0;0;1;0;124;57;150
1779;TP;TP1202;LIS;CDG;;720;140;;1111111;A320neo;183;1;0;0;0;1;0;124;69;140
1780;TP;TP1203;CDG;LIS;;715;150;;1111111;A320neo;169;1;0;0;1;1;0;124;60;150
1781;TP;TP1204;LIS;CDG;;945;140;;1111111;A321neo;172;1;0;0;1;1;0;124;57;140
1782;TP;TP1205;CDG;LIS;;955;150;;1111111;A321neo;181;1;0;0;1;0;0;124;68;150
1783;TP;TP1206;LIS;CDG;;1185;140;;1111111;A321LR;151;1;0;0;1;0;0;124;56;140
1784;TP;TP1207;CDG;LIS;;1185;150;;1111111;A321LR;168;1;0;0;0;1;0;124;61;150
1785;TP;TP1208;LIS;ORY;;475;135;;1111111;A321LR;146;1;0;0;0;1;0;121;61;135
1786;TP;TP1209;ORY;LIS;;445;150;;1111111;A321LR;169;1;0;0;1;0;0;121;58;150
1787;TP;TP1210;LIS;ORY;;630;135;;1111111;A320neo;174;1;0;0;1;1;0;121;69;135
1788;TP;TP1211;ORY;LIS;;655;150;;1111111;A320neo;173;1;0;0;1;0;0;121;65;150
1789;TP;TP1212;LIS;ORY;;840;135;;1111111;A321neo;174;1;0;0;1;0;0;121;66;135
1790;TP;TP1213;ORY;LIS;;830;150;;1111111;A321neo;169;1;0;0;1;0;0;121;59;150
1791;TP;TP1214;LIS;ORY;;1015;135;;1111111;A321LR;163;1;0;0;1;1;0;121;69;135
1792;TP;TP1215;ORY;LIS;;1000;150;;1111111;A321LR;166;1;0;0;1;1;0;121;59;150
1793;TP;TP1216;LIS;ORY;;1205;135;;1111111;A320neo;170;1;0;0;0;1;0;121;61;135
1794;TP;TP1217;ORY;LIS;;1190;150;;1111111;A320neo;145;1;0;0;0;1;0;121;68;150
1795;TP;TP1218;LIS;NCE;;595;135;;1111111;A320neo;169;1;0;0;1;1;0;123;64;135
1796;TP;TP1219;NCE;LIS;;590;155;;1111111;A320neo;163;1;0;0;0;1;0;123;64;155
1797;TP;TP1220;LIS;NCE;;1045;135;;1111111;A321neo;191;1;0;0;1;0;0;123;61;135
1798;TP;TP1221;NCE;LIS;;1070;155;;1111111;A321neo;188;1;0;0;0;1;0;123;66;155
1799;TP;TP1222;LIS;LYS;;605;130;;1111111;A320neo;150;1;0;0;1;1;0;117;68;130
1800;TP;TP1223;LYS;LIS;;605;150;;1111111;A320neo;149;1;0;0;1;1;0;117;63;150
1801;TP;TP1224;LIS;LYS;;1045;130;;1111111;A321neo;164;1;0;0;0;0;0;117;57;130
1802;TP;TP1225;LYS;LIS;;1070;150;;1111111;A321neo;160;1;0;0;0;0;0;117;55;150
1803;TP;TP1226;LIS;MRS;;585;125;;1111111;A320neo;167;1;0;0;1;1;0;110;64;125
1804;TP;TP1227;MRS;LIS;;590;140;;1111111;A320neo;172;1;0;0;0;1;0;110;61;140
1805;TP;TP1228;LIS;MRS;;1045;125;;1111111;A321neo;168;1;0;0;0;1;0;110;61;125
1806;TP;TP1229;MRS;LIS;;1060;140;;1111111;A321neo;162;1;0;0;0;0;0;110;61;140
1807;TP;TP1230;LIS;TLS;;605;105;;1111111;A320neo;130;1;0;0;0;1;0;87;65;105
1808;TP;TP1231;TLS;LIS;;585;115;;1111111;A320neo;143;1;0;0;1;1;0;87;57;115
1809;TP;TP1232;LIS;TLS;;1060;105;;1111111;A321neo;149;1;0;0;1;1;0;87;62;105
1810;TP;TP1233;TLS;LIS;;1060;115;;1111111;A321neo;149;1;0;0;1;0;0;87;60;115
1811;TP;TP1234;LIS;BOD;;585;100;;1111111;A321neo;142;1;0;0;0;1;0;81;60;100
1812;TP;TP1235;BOD;LIS;;595;110;;1111111;A321neo;121;1;0;0;0;1;0;81;61;110
1813;TP;TP1236;LIS;BOD;;1055;100;;1111111;A321LR;122;1;0;0;0;1;0;81;68;100
1814;TP;TP1237;BOD;LIS;;1050;110;;1111111;A321LR;122;1;0;0;1;0;0;81;64;110
1815;TP;TP1238;LIS;NTE;;815;110;;1011111;A321LR;140;1;0;0;1;1;0;94;68;110
1816;TP;TP1239;NTE;LIS;;815;120;;1011111;A321LR;131;1;0;0;1;1;0;94;57;120
1817;TP;TP1240;LIS;LHR;;610;155;;1111111;A321LR;169;1;0;0;0;0;0;105;62;155
1818;TP;TP1241;LHR;LIS;;610;160;;1111111;A321LR;172;1;0;0;0;1;0;105;69;160
1819;TP;TP1242;LIS;LHR;;1065;155;;1111111;A320neo;161;1;0;0;0;1;0;105;68;155
1820;TP;TP1243;LHR;LIS;;1055;160;;1111111;A320neo;179;1;0;0;0;1;0;105;61;160
1821;TP;TP1244;LIS;LGW;;830;150;;1111111;A321neo;158;1;0;0;0;0;0;104;62;150
1822;TP;TP1245;LGW;LIS;;820;160;;1111111;A321neo;166;1;0;0;1;1;0;104;68;160
1823;TP;TP1246;LIS;AMS;;615;175;;1111111;A321neo;173;1;0;0;1;1;0;124;56;175
1824;TP;TP1247;AMS;LIS;;595;190;;1111111;A321neo;204;1;0;0;1;1;0;124;59;190
1825;TP;TP1248;LIS;AMS;;1055;175;;1111111;A321LR;191;1;0;0;0;1;0;124;56;175
1826;TP;TP1249;AMS;LIS;;1050;190;;1111111;A321LR;184;1;0;0;0;1;0;124;59;190
1827;TP;TP1250;LIS;FRA;;590;175;;1111111;A321neo;195;1;0;0;0;1;0;126;60;175
1828;TP;TP1251;FRA;LIS;;615;195;;1111111;A321neo;211;1;0;0;1;0;0;126;63;195
1829;TP;TP1252;LIS;FRA;;1055;175;;1111111;A321LR;181;1;0;0;1;0;0;126;63;175
1830;TP;TP1253;FRA;LIS;;1065;195;;1111111;A321LR;198;1;0;0;0;1;0;126;61;195
1831;TP;TP1254;LIS;MUC;;825;180;;1111111;A321neo;183;1;0;0;1;0;0;133;68;180
1832;TP;TP1255;MUC;LIS;;835;205;;1111111;A321neo;186;1;0;0;0;1;0;133;65;205
1833;TP;TP1256;LIS;BER;;820;205;;1111111;A321neo;193;1;0;0;1;1;0;155;67;205
1834;TP;TP1257;BER;LIS;;815;230;;1111111;A321neo;207;1;0;0;1;1;0;155;61;230
1835;TP;TP1258;LIS;MAD;;510;70;;1111111;A321neo;104;1;0;0;1;1;0;43;62;70
1836;TP;TP1259;MAD;LIS;;520;80;;1111111;A321neo;97;1;0;0;1;1;0;43;67;80
1837;TP;TP1260;LIS;MAD;;830;70;;1111111;A321LR;99;1;0;0;1;0;0;43;66;70
1838;TP;TP1261;MAD;LIS;;825;80;;1111111;A321LR;103;1;0;0;1;1;0;43;61;80
1839;TP;TP1262;LIS;MAD;;1145;70;;1111111;A320neo;108;1;0;0;1;1;0;43;58;70
1840;TP;TP1263;MAD;LIS;;1120;80;;1111111;A320neo;105;1;0;0;1;1;0;43;58;80
1841;TP;TP1264;LIS;BCN;;510;100;;1111111;A321LR;123;1;0;0;0;1;0;84;68;100
1842;TP;TP1265;BCN;LIS;;510;115;;1111111;A321LR;138;1;0;0;0;1;0;84;66;115
1843;TP;TP1266;LIS;BCN;;815;100;;1111111;A320neo;137;1;0;0;1;0;0;84;56;100
1844;TP;TP1267;BCN;LIS;;815;115;;1111111;A320neo;141;1;0;0;1;0;0;84;64;115
1845;TP;TP1268;LIS;BCN;;1130;100;;1111111;A321neo;147;1;0;0;0;1;0;84;60;100
1846;TP;TP1269;BCN;LIS;;1145;115;;1111111;A321neo;131;1;0;0;1;1;0;84;66;115
1847;TP;TP1270;LIS;FCO;;590;165;;1111111;A320neo;188;1;0;0;0;1;0;124;59;165
1848;TP;TP1271;FCO;LIS;;610;190;;1111111;A320neo;164;1;0;0;0;1;0;124;58;190
1849;TP;TP1272;LIS;FCO;;1050;165;;1111111;A321neo;163;1;0;0;0;1;0;124;68;165
1850;TP;TP1273;FCO;LIS;;1055;190;;1111111;A321neo;201;1;0;0;1;1;0;124;63;190
1851;TP;TP1274;LIS;MXP;;825;155;;1111111;A321LR;165;1;0;0;0;1;0;111;60;155
1852;TP;TP1275;MXP;LIS;;815;175;;1111111;A321LR;188;1;0;0;0;1;0;111;63;175
1853;TP;TP1276;LIS;ZRH;;820;160;;1111111;A321neo;205;1;0;0;1;1;0;116;65;160
1854;TP;TP1277;ZRH;LIS;;840;180;;1111111;A321neo;193;1;0;0;1;1;0;116;63;180
1855;TP;TP1278;LIS;GVA;;605;140;;1111111;A321neo;164;1;0;0;1;0;0;126;62;140
1856;TP;TP1279;GVA;LIS;;605;155;;1111111;A321neo;157;1;0;0;1;1;0;126;56;155
1857;TP;TP1280;LIS;GVA;;1055;140;;1111111;A321LR;161;1;0;0;0;1;0;126;55;140
1858;TP;TP1281;GVA;LIS;;1070;155;;1111111;A321LR;154;1;0;0;1;1;0;126;56;155
1859;TP;TP1282;LIS;BRU;;820;160;;1111111;A320neo;193;1;0;0;1;1;0;115;55;160
1860;TP;TP1283;BRU;LIS;;820;180;;1111111;A320neo;197;1;0;0;1;1;0;115;64;180
1861;TP;TP1284;LIS;VIE;;840;205;;1111111;A321LR;193;1;0;0;1;1;0;155;56;205
1862;TP;TP1285;VIE;LIS;;820;230;;1111111;A321LR;196;1;0;0;1;1;0;155;61;230
1863;TP;TP1286;LIS;CPH;;830;220;;1111111;A321LR;235;1;0;0;1;1;0;166;65;220
1864;TP;TP1287;CPH;LIS;;830;240;;1111111;A321LR;198;1;0;0;0;0;0;166;61;240
1865;TP;TP1288;LIS;DUB;;840;160;;1111111;A320neo;166;1;0;0;1;1;0;110;59;160
1866;TP;TP1289;DUB;LIS;;825;165;;1111111;A320neo;182;1;0;0;1;1;0;110;69;165
1867;TP;TP1290;LIS;PRG;;835;200;;1111111;A321LR;214;1;0;0;1;1;0;150;67;200
1868;TP;TP1291;PRG;LIS;;835;225;;1111111;A321LR;210;1;0;0;0;1;0;150;66;225
1869;TP;TP1292;LIS;CMN;;610;80;;1111111;A321neo;125;1;0;0;0;1;0;52;60;80
1870;TP;TP1293;CMN;LIS;;600;85;;1111111;A321neo;126;1;0;0;1;1;0;52;63;85
1871;TP;TP1294;LIS;CMN;;1060;80;;1111111;A321LR;117;1;0;0;0;1;0;52;66;80
1872;TP;TP1295;CMN;LIS;;1070;85;;1111111;A321LR;119;1;0;0;1;1;0;52;69;85
1873;TP;TP1296;LIS;RAK;;530;90;;1111111;A321LR;128;1;0;0;0;1;0;67;63;90
1874;TP;TP1297;RAK;LIS;;535;90;;1111111;A321LR;145;1;0;0;1;1;0;67;57;90
1875;TP;TP1298;LIS;RAK;;835;90;;1111111;A320neo;138;1;0;0;1;1;0;67;64;90
1876;TP;TP1299;RAK;LIS;;820;90;;1111111;A320neo;136;1;0;0;1;0;0;67;66;90
1877;TP;TP1300;LIS;RAK;;1135;90;;1111111;A321neo;144;1;0;0;1;1;0;67;62;90
1878;TP;TP1301;RAK;LIS;;1130;90;;1111111;A321neo;118;1;0;0;0;1;0;67;64;90
1879;TP;TP1302;LIS;ALG;;605;110;;1111111;A320neo;151;1;0;0;0;1;0;93;68;110
1880;TP;TP1303;ALG;LIS;;585;125;;1111111;A320neo;173;1;0;0;1;1;0;93;59;125
1881;TP;TP1304;LIS;ALG;;1050;110;;1111111;A321neo;143;1;0;0;0;1;0;93;57;110
1882;TP;TP1305;ALG;LIS;;1065;125;;1111111;A321neo;170;1;0;0;0;1;0;93;57;125
1883;TP;TP1306;LIS;DSS;;815;245;;1111111;A320neo;247;1;0;0;1;0;0;188;69;245
1884;TP;TP1307;DSS;LIS;;825;235;;1111111;A320neo;277;1;0;0;1;1;0;188;57;235
1885;TP;TP1308;LIS;ABJ;;840;305;;1111111;A320neo;363;1;0;0;1;1;0;253;60;305
1886;TP;TP1309;ABJ;LIS;;835;310;;1111111;A320neo;352;1;0;0;1;1;0;253;56;310
1887;TP;TP200;LIS;JFK;;715;465;;1111111;A330-900neo;447;1;1;1;0;0;0;295;59;465
1888;TP;TP201;JFK;LIS;;1095;405;;1111111;A330-900neo;413;1;1;1;1;1;0;295;64;405
1889;TP;TP202;LIS;JFK;;935;465;;1111111;A321LR;424;1;1;1;1;1;0;295;65;465
1890;TP;TP203;JFK;LIS;;1280;405;;1111111;A321LR;400;1;1;1;0;1;0;295;62;405
1891;TP;TP204;LIS;MIA;;820;570;;1111111;A330-900neo;527;1;1;1;1;1;0;365;57;570
1892;TP;TP205;MIA;LIS;;1190;495;;1111111;A330-900neo;490;1;1;1;0;1;0;365;61;495
1893;TP;TP206;LIS;SFO;;820;750;;1111111;A321LR;566;1;1;1;1;1;1;498;59;750
1894;TP;TP207;SFO;LIS;;1190;670;;1111111;A321LR;587;1;1;1;0;1;0;498;56;670
1895;TP;TP208;LIS;YUL;;835;450;;1111111;A321LR;360;1;1;1;1;0;0;286;58;450
1896;TP;TP209;YUL;LIS;;1175;395;;1111111;A321LR;409;1;1;1;1;1;1;286;65;395
1897;TP;TP210;LIS;GRU;;825;630;;1011101;A321LR;590;1;1;1;0;1;0;433;56;630
1898;TP;TP211;GRU;LIS;;1170;610;;1101110;A321LR;543;1;1;1;1;1;0;433;67;610
1899;TP;TP1310;OPO;ORY;;590;120;;1111111;A320neo;134;1;0;0;0;1;0;101;67;120
1900;TP;TP1311;ORY;OPO;;595;130;;1111111;A320neo;156;1;0;0;1;1;0;101;59;130
1901;TP;TP1312;OPO;ORY;;1060;120;;1111111;A321neo;138;1;0;0;0;1;0;101;59;120
1902;TP;TP1313;ORY;OPO;;1060;130;;1111111;A321neo;158;1;0;0;0;1;0;101;56;130
1903;TP;TP1314;OPO;LYS;;835;115;;1111111;A321LR;151;1;0;0;1;1;0;102;55;115
1904;TP;TP1315;LYS;OPO;;830;135;;1111111;A321LR;141;1;0;0;1;1;0;102;62;135
1905;TP;TP1316;OPO;MRS;;830;115;;1111111;A321neo;154;1;0;0;0;0;0;98;60;115
1906;TP;TP1317;MRS;OPO;;830;130;;1111111;A321neo;138;1;0;0;1;0;0;98;56;130
1907;TP;TP1318;OPO;TLS;;835;90;;1111111;A320neo;143;1;0;0;0;1;0;73;56;90
1908;TP;TP1319;TLS;OPO;;815;105;;1111111;A320neo;148;1;0;0;1;1;0;73;66;105
1909;TP;TP1320;OPO;BOD;;820;90;;1111110;A321neo;121;1;0;0;1;1;0;64;64;90
1910;TP;TP1321;BOD;OPO;;815;100;;1111110;A321neo;117;1;0;0;0;0;0;64;62;100
1911;TP;TP1322;OPO;NTE;;820;95;;1101010;A320neo;136;1;0;0;1;1;0;73;64;95
1912;TP;TP1323;NTE;OPO;;840;100;;1101010;A320neo;127;1;0;0;1;0;0;73;63;100
1913;TP;TP1324;OPO;LHR;;525;125;;1111111;A320neo;166;1;0;0;1;1;0;109;66;125
1914;TP;TP1325;LHR;OPO;;510;135;;1111111;A320neo;170;1;0;0;1;1;0;109;69;135
1915;TP;TP1326;OPO;LHR;;830;125;;1111111;A321neo;178;1;0;0;1;1;0;109;58;125
1916;TP;TP1327;LHR;OPO;;825;135;;1111111;A321neo;169;1;0;0;1;1;0;109;62;135
1917;TP;TP1328;OPO;LHR;;1135;125;;1111111;A321LR;147;1;0;0;1;1;0;109;66;125
1918;TP;TP1329;LHR;OPO;;1135;135;;1111111;A321LR;149;1;0;0;0;1;0;109;60;135
1919;TP;TP1330;OPO;GVA;;815;125;;1111111;A320neo;143;1;0;0;0;1;0;110;57;125
1920;TP;TP1331;GVA;OPO;;835;140;;1111111;A320neo;153;1;0;0;0;1;0;110;60;140
1921;TP;TP1332;OPO;ZRH;;815;145;;1111111;A321LR;176;1;0;0;0;0;0;103;62;145
1922;TP;TP1333;ZRH;OPO;;815;165;;1111111;A321LR;189;1;0;0;0;1;0;103;57;165
1923;TP;TP1334;OPO;BRU;;820;140;;1111111;A321neo;158;1;0;0;1;1;0;124;60;140
1924;TP;TP1335;BRU;OPO;;825;155;;1111111;A321neo;164;1;0;0;0;1;0;124;59;155
1925;TP;TP212;OPO;JFK;;825;460;;1111111;A330-900neo;452;1;1;1;1;0;0;291;56;460
1926;TP;TP213;JFK;OPO;;1185;400;;1111111;A330-900neo;442;1;1;1;0;1;1;291;66;400
1927;TP;TP214;OPO;GRU;;820;650;;1010100;A321LR;618;1;1;1;1;0;0;447;65;650
1928;TP;TP215;GRU;OPO;;1185;630;;0101010;A321LR;592;1;1;1;1;1;0;447;59;630
1929;EI;EI1400;DUB;CDG;;505;95;;1111111;A320neo;118;1;0;0;0;1;0;66;80;95
1930;EI;EI1401;CDG;DUB;;515;105;;1111111;A320neo;117;1;0;0;0;1;0;66;72;105
1931;EI;EI1402;DUB;CDG;;805;95;;1111111;A321neo;122;1;0;0;0;0;0;66;75;95
1932;EI;EI1403;CDG;DUB;;805;105;;1111111;A321neo;126;1;0;0;0;1;0;66;73;105
1933;EI;EI1404;DUB;CDG;;1140;95;;1111111;A320neo;136;1;0;0;1;1;0;66;68;95
1934;EI;EI1405;CDG;DUB;;1115;105;;1111111;A320neo;128;1;0;0;1;1;0;66;79;105
1935;EI;EI1406;DUB;NCE;;575;135;;1111111;A320neo;177;1;0;0;0;0;0;123;82;135
1936;EI;EI1407;NCE;DUB;;600;150;;1111111;A320neo;170;1;0;0;0;1;0;123;80;150
1937;EI;EI1408;DUB;NCE;;1045;135;;1111111;A321neo;172;1;0;0;1;0;0;123;74;135
1938;EI;EI1409;NCE;DUB;;1060;150;;1111111;A321neo;194;1;0;0;1;1;0;123;68;150
1939;EI;EI1410;DUB;LYS;;835;115;;1111111;A320neo;156;1;0;0;0;1;0;99;70;115
1940;EI;EI1411;LYS;DUB;;830;125;;1111111;A320neo;155;1;0;0;0;1;0;99;75;125
1941;EI;EI1412;DUB;BOD;;810;105;;0110110;A321neo;142;1;0;0;0;0;0;87;78;105
1942;EI;EI1413;BOD;DUB;;825;115;;0110110;A321neo;153;1;0;0;0;0;0;87;70;115
1943;EI;EI1414;DUB;NTE;;805;95;;1011111;A321neo;121;1;0;0;1;1;0;65;71;95
1944;EI;EI1415;NTE;DUB;;830;100;;1011111;A321neo;122;1;0;0;1;1;0;65;70;100
1945;EI;EI1416;DUB;LHR;;505;65;;1111111;A320neo;112;1;0;0;0;0;0;38;80;65
1946;EI;EI1417;LHR;DUB;;510;70;;1111111;A320neo;104;1;0;0;0;1;0;38;80;70
1947;EI;EI1418;DUB;LHR;;820;65;;1111111;A321neo;113;1;0;0;0;1;0;38;80;65
1948;EI;EI1419;LHR;DUB;;805;70;;1111111;A321neo;97;1;0;0;1;0;0;38;68;70
1949;EI;EI1420;DUB;LHR;;1115;65;;1111111;A320neo;92;1;0;0;0;0;0;38;71;65
1950;EI;EI1421;LHR;DUB;;1135;70;;1111111;A320neo;111;1;0;0;1;1;0;38;70;70
1951;EI;EI1422;DUB;LGW;;585;70;;1111111;A320neo;102;1;0;0;1;1;0;41;82;70
1952;EI;EI1423;LGW;DUB;;600;75;;1111111;A320neo;110;1;0;0;1;0;0;41;76;75
1953;EI;EI1424;DUB;LGW;;1065;70;;1111111;A321neo;114;1;0;0;1;1;0;41;80;70
1954;EI;EI1425;LGW;DUB;;1035;75;;1111111;A321neo;110;1;0;0;1;1;0;41;71;75
1955;EI;EI1426;DUB;AMS;;580;90;;1111111;A321neo;121;1;0;0;1;0;0;63;77;90
1956;EI;EI1427;AMS;DUB;;580;100;;1111111;A321neo;121;1;0;0;1;0;0;63;72;100
1957;EI;EI1428;DUB;AMS;;1035;90;;1111111;A320neo;132;1;0;0;0;1;0;63;74;90
1958;EI;EI1429;AMS;DUB;;1060;100;;1111111;A320neo;107;1;0;0;1;1;0;63;75;100
1959;EI;EI1430;DUB;FRA;;590;105;;1111111;A321neo;135;1;0;0;1;1;0;91;75;105
1960;EI;EI1431;FRA;DUB;;605;120;;1111111;A321neo;136;1;0;0;1;1;0;91;79;120
1961;EI;EI1432;DUB;FRA;;1060;105;;1111111;A320neo;146;1;0;0;0;1;0;91;75;105
1962;EI;EI1433;FRA;DUB;;1065;120;;1111111;A320neo;145;1;0;0;1;0;0;91;76;120
1963;EI;EI1434;DUB;MUC;;600;130;;1111111;A321neo;159;1;0;0;0;1;0;116;72;130
1964;EI;EI1435;MUC;DUB;;595;145;;1111111;A321neo;156;1;0;0;0;1;0;116;79;145
1965;EI;EI1436;DUB;MUC;;1040;130;;1111111;A320neo;179;1;0;0;0;0;0;116;72;130
1966;EI;EI1437;MUC;DUB;;1045;145;;1111111;A320neo;178;1;0;0;1;1;0;116;68;145
1967;EI;EI1438;DUB;BER;;595;125;;1111111;A321neo;170;1;0;0;1;1;0;111;79;125
1968;EI;EI1439;BER;DUB;;575;145;;1111111;A321neo;170;1;0;0;1;1;0;111;68;145
1969;EI;EI1440;DUB;BER;;1055;125;;1111111;A320neo;176;1;0;0;1;0;0;111;72;125
1970;EI;EI1441;BER;DUB;;1045;145;;1111111;A320neo;170;1;0;0;0;1;0;111;76;145
1971;EI;EI1442;DUB;MAD;;580;140;;1111111;A320neo;152;1;0;0;1;1;0;122;81;140
1972;EI;EI1443;MAD;DUB;;580;145;;1111111;A320neo;173;1;0;0;1;1;0;122;73;145
1973;EI;EI1444;DUB;MAD;;1060;140;;1111111;A321neo;152;1;0;0;0;0;0;122;75;140
1974;EI;EI1445;MAD;DUB;;1065;145;;1111111;A321neo;168;1;0;0;1;1;0;122;80;145
1975;EI;EI1446;DUB;BCN;;580;140;;1111111;A321neo;184;1;0;0;0;1;0;125;72;140
1976;EI;EI1447;BCN;DUB;;595;150;;1111111;A321neo;161;1;0;0;1;1;0;125;72;150
1977;EI;EI1448;DUB;BCN;;1055;140;;1111111;A320neo;152;1;0;0;1;0;0;125;78;140
1978;EI;EI1449;BCN;DUB;;1055;150;;1111111;A320neo;162;1;0;0;0;1;0;125;70;150
1979;EI;EI1450;DUB;PMI;;835;160;;1111111;A320neo;184;1;0;0;0;1;0;113;80;160
1980;EI;EI1451;PMI;DUB;;815;170;;1111111;A320neo;167;1;0;0;1;1;0;113;81;170
1981;EI;EI1452;DUB;LIS;;805;165;;1111111;A320neo;182;1;0;0;0;0;0;110;69;165
1982;EI;EI1453;LIS;DUB;;815;160;;1111111;A320neo;183;1;0;0;1;1;0;110;69;160
1983;EI;EI1454;DUB;OPO;;820;135;;1111111;A320neo;149;1;0;0;1;1;0;115;80;135
1984;EI;EI1455;OPO;DUB;;810;135;;1111111;A320neo;152;1;0;0;1;0;0;115;75;135
1985;EI;EI1456;DUB;FCO;;805;170;;1111111;A320neo;211;1;0;0;1;1;0;127;75;170
1986;EI;EI1457;FCO;DUB;;820;190;;1111111;A320neo;196;1;0;0;0;1;0;127;81;190
1987;EI;EI1458;DUB;MXP;;605;130;;1111111;A321neo;163;1;0;0;0;1;0;116;74;130
1988;EI;EI1459;MXP;DUB;;575;145;;1111111;A321neo;167;1;0;0;0;0;0;116;81;145
1989;EI;EI1460;DUB;MXP;;1055;130;;1111111;A320neo;183;1;0;0;1;1;0;116;76;130
1990;EI;EI1461;MXP;DUB;;1055;145;;1111111;A320neo;154;1;0;0;1;1;0;116;69;145
1991;EI;EI1462;DUB;ZRH;;600;120;;1111111;A320neo;172;1;0;0;1;0;0;104;70;120
1992;EI;EI1463;ZRH;DUB;;595;135;;1111111;A320neo;149;1;0;0;0;1;0;104;78;135
1993;EI;EI1464;DUB;ZRH;;1045;120;;1111111;A321neo;171;1;0;0;0;1;0;104;72;120
1994;EI;EI1465;ZRH;DUB;;1055;135;;1111111;A321neo;149;1;0;0;1;0;0;104;69;135
1995;EI;EI1466;DUB;GVA;;830;115;;1111111;A320neo;154;1;0;0;1;1;0;100;81;115
1996;EI;EI1467;GVA;DUB;;825;130;;1111111;A320neo;170;1;0;0;0;1;0;100;71;130
1997;EI;EI1468;DUB;BRU;;820;90;;1111111;A321neo;122;1;0;0;1;0;0;66;79;90
1998;EI;EI1469;BRU;DUB;;810;105;;1111111;A321neo;126;1;0;0;1;0;0;66;74;105
1999;EI;EI1470;DUB;VIE;;835;155;;1111111;A320neo;175;1;0;0;1;1;0;114;82;155
2000;EI;EI1471;VIE;DUB;;805;180;;1111111;A320neo;187;1;0;0;0;1;0;114;81;180
2001;EI;EI1472;DUB;CPH;;820;120;;1111111;A321neo;144;1;0;0;1;0;0;104;78;120
2002;EI;EI1473;CPH;DUB;;815;135;;1111111;A321neo;145;1;0;0;0;1;0;104;77;135
2003;EI;EI1474;DUB;PRG;;820;135;;1111111;A321neo;184;1;0;0;0;0;0;122;77;135
2004;EI;EI1475;PRG;DUB;;830;155;;1111111;A321neo;156;1;0;0;0;1;0;122;77;155
2005;EI;EI600;DUB;JFK;;810;445;;1111111;A321XLR;401;1;1;1;1;0;0;279;68;445
2006;EI;EI601;JFK;DUB;;1170;390;;1111111;A321XLR;370;1;1;1;1;1;0;279;74;390
2007;EI;EI602;DUB;MIA;;825;575;;1111111;A321XLR;491;1;1;1;0;1;1;365;79;575
2008;EI;EI603;MIA;DUB;;1175;505;;1111111;A321XLR;497;1;1;1;1;0;1;365;72;505
2009;EI;EI604;DUB;LAX;;815;690;;1111111;A321XLR;612;1;1;1;1;1;0;454;72;690
2010;EI;EI605;LAX;DUB;;1180;620;;1111111;A321XLR;534;1;1;1;1;0;0;454;79;620
2011;EI;EI606;DUB;SFO;;820;680;;1011111;A330-300;525;1;1;1;1;1;0;532;75;680
2012;EI;EI607;SFO;DUB;;1170;610;;1101111;A330-300;602;1;1;1;0;1;0;532;69;610
2013;TK;TK1000;IST;CDG;;480;220;;1111111;Boeing 737 MAX 8;206;1;1;1;0;1;1;149;73;220
2014;TK;TK1001;CDG;IST;;465;195;;1111111;Boeing 737 MAX 8;202;1;1;1;1;0;1;149;72;195
2015;TK;TK1002;IST;CDG;;650;220;;1111111;A320neo;207;1;1;1;1;1;1;149;72;220
2016;TK;TK1003;CDG;IST;;660;195;;1111111;A320neo;213;1;1;1;1;1;1;149;79;195
2017;TK;TK1004;IST;CDG;;855;220;;1111111;A321neo;224;1;1;1;1;1;1;149;79;220
2018;TK;TK1005;CDG;IST;;835;195;;1111111;A321neo;195;1;1;1;1;1;1;149;77;195
2019;TK;TK1006;IST;CDG;;1035;220;;1111111;Boeing 737 MAX 8;199;1;1;1;0;1;1;149;82;220
2020;TK;TK1007;CDG;IST;;1020;195;;1111111;Boeing 737 MAX 8;209;1;1;1;0;1;1;149;72;195
2021;TK;TK1008;IST;CDG;;1220;220;;1111111;A320neo;211;1;1;1;1;0;1;149;77;220
2022;TK;TK1009;CDG;IST;;1220;195;;1111111;A320neo;211;1;1;1;0;0;1;149;76;195
2023;TK;TK1010;IST;ORY;;605;225;;1111111;A320neo;232;1;1;1;1;0;1;149;78;225
2024;TK;TK1011;ORY;IST;;625;195;;1111111;A320neo;194;1;1;1;0;1;1;149;71;195
2025;TK;TK1012;IST;ORY;;1070;225;;1111111;A321neo;208;1;1;1;0;0;1;149;79;225
2026;TK;TK1013;ORY;IST;;1075;195;;1111111;A321neo;235;1;1;1;1;1;1;149;72;195
2027;TK;TK1014;IST;NCE;;620;185;;1111111;Boeing 737 MAX 8;199;1;1;1;1;1;1;120;80;185
2028;TK;TK1015;NCE;IST;;610;160;;1111111;Boeing 737 MAX 8;178;1;1;1;1;0;1;120;72;160
2029;TK;TK1016;IST;NCE;;1060;185;;1111111;A320neo;204;1;1;1;1;1;1;120;78;185
2030;TK;TK1017;NCE;IST;;1055;160;;1111111;A320neo;194;1;1;1;1;1;1;120;74;160
2031;TK;TK1018;IST;LYS;;830;200;;1111111;Boeing 737 MAX 8;204;1;1;1;1;1;1;132;74;200
2032;TK;TK1019;LYS;IST;;845;175;;1111111;Boeing 737 MAX 8;208;1;1;1;1;0;1;132;75;175
2033;TK;TK1020;IST;MRS;;845;200;;1111111;A320neo;207;1;1;1;1;1;1;130;76;200
2034;TK;TK1021;MRS;IST;;855;175;;1111111;A320neo;189;1;1;1;1;1;1;130;80;175
2035;TK;TK1022;IST;TLS;;835;225;;1111111;A320neo;225;1;1;1;0;0;1;151;73;225
2036;TK;TK1023;TLS;IST;;835;195;;1111111;A320neo;220;1;1;1;1;1;1;151;72;195
2037;TK;TK1024;IST;BOD;;840;240;;1110110;A320neo;222;1;1;1;1;1;1;162;74;240
2038;TK;TK1025;BOD;IST;;840;210;;1110110;A320neo;227;1;1;1;1;1;1;162;76;210
2039;TK;TK1026;IST;NTE;;850;245;;1111111;A321neo;250;1;1;1;1;1;1;167;72;245
2040;TK;TK1027;NTE;IST;;840;215;;1111111;A321neo;225;1;1;1;1;0;1;167;75;215
2041;TK;TK1028;IST;LHR;;465;245;;1111111;A321neo;253;1;1;1;1;1;1;167;77;245
2042;TK;TK1029;LHR;IST;;465;215;;1111111;A321neo;242;1;1;1;0;1;1;167;79;215
2043;TK;TK1030;IST;LHR;;600;245;;1111111;Boeing 737 MAX 8;247;1;1;1;1;1;1;167;73;245
2044;TK;TK1031;LHR;IST;;620;215;;1111111;Boeing 737 MAX 8;205;1;1;1;1;0;1;167;72;215
2045;TK;TK1032;IST;LHR;;755;245;;1111111;A320neo;244;1;1;1;0;0;1;167;70;245
2046;TK;TK1033;LHR;IST;;765;215;;1111111;A320neo;232;1;1;1;1;1;1;167;83;215
2047;TK;TK1034;IST;LHR;;900;245;;1111111;A321neo;212;1;1;1;0;1;1;167;81;245
2048;TK;TK1035;LHR;IST;;905;215;;1111111;A321neo;234;1;1;1;0;1;1;167;73;215
2049;TK;TK1036;IST;LHR;;1060;245;;1111111;Boeing 737 MAX 8;250;1;1;1;0;1;1;167;82;245
2050;TK;TK1037;LHR;IST;;1060;215;;1111111;Boeing 737 MAX 8;208;1;1;1;1;1;1;167;83;215
2051;TK;TK1038;IST;LHR;;1225;245;;1111111;A320neo;236;1;1;1;1;1;1;167;73;245
2052;TK;TK1039;LHR;IST;;1215;215;;1111111;A320neo;249;1;1;1;1;1;1;167;75;215
2053;TK;TK1040;IST;LGW;;610;240;;1111111;A320neo;212;1;1;1;0;0;1;165;75;240
2054;TK;TK1041;LGW;IST;;610;210;;1111111;A320neo;237;1;1;1;0;0;1;165;70;210
2055;TK;TK1042;IST;LGW;;1075;240;;1111111;A321neo;239;1;1;1;1;1;1;165;74;240
2056;TK;TK1043;LGW;IST;;1055;210;;1111111;A321neo;246;1;1;1;1;1;1;165;75;210
2057;TK;TK1044;IST;AMS;;605;220;;1111111;A321neo;188;1;1;1;1;1;1;147;77;220
2058;TK;TK1045;AMS;IST;;620;195;;1111111;A321neo;203;1;1;1;1;1;1;147;79;195
2059;TK;TK1046;IST;AMS;;1085;220;;1111111;Boeing 737 MAX 8;205;1;1;1;1;1;1;147;81;220
2060;TK;TK1047;AMS;IST;;1075;195;;1111111;Boeing 737 MAX 8;196;1;1;1;1;1;1;147;83;195
2061;TK;TK1048;IST;FRA;;605;190;;1111111;A320neo;179;1;1;1;1;1;1;124;73;190
2062;TK;TK1049;FRA;IST;;615;165;;1111111;A320neo;176;1;1;1;1;1;1;124;79;165
2063;TK;TK1050;IST;FRA;;1080;190;;1111111;A321neo;194;1;1;1;1;1;1;124;76;190
2064;TK;TK1051;FRA;IST;;1085;165;;1111111;A321neo;185;1;1;1;1;1;1;124;73;165
2065;TK;TK1052;IST;MUC;;600;165;;1111111;A320neo;167;1;1;1;0;0;1;104;74;165
2066;TK;TK1053;MUC;IST;;610;145;;1111111;A320neo;160;1;1;1;0;1;1;104;82;145
2067;TK;TK1054;IST;MUC;;1080;165;;1111111;A321neo;182;1;1;1;1;0;1;104;82;165
2068;TK;TK1055;MUC;IST;;1075;145;;1111111;A321neo;168;1;1;1;0;0;1;104;81;145
2069;TK;TK1056;IST;BER;;610;175;;1111111;A320neo;170;1;1;1;1;1;1;113;73;175
2070;TK;TK1057;BER;IST;;610;160;;1111111;A320neo;171;1;1;1;0;1;1;113;70;160
2071;TK;TK1058;IST;BER;;1070;175;;1111111;A321neo;171;1;1;1;1;1;1;113;77;175
2072;TK;TK1059;BER;IST;;1075;160;;1111111;A321neo;174;1;1;1;1;1;1;113;74;160
2073;TK;TK1060;IST;MAD;;615;250;;1111111;A321neo;238;1;1;1;1;1;1;182;82;250
2074;TK;TK1061;MAD;IST;;625;215;;1111111;A321neo;258;1;1;1;0;0;1;182;77;215
2075;TK;TK1062;IST;MAD;;1075;250;;1111111;Boeing 737 MAX 8;216;1;1;1;0;1;1;182;74;250
2076;TK;TK1063;MAD;IST;;1085;215;;1111111;Boeing 737 MAX 8;209;1;1;1;0;0;1;182;81;215
2077;TK;TK1064;IST;BCN;;595;225;;1111111;A320neo;205;1;1;1;1;0;1;149;81;225
2078;TK;TK1065;BCN;IST;;620;195;;1111111;A320neo;228;1;1;1;1;1;1;149;74;195
2079;TK;TK1066;IST;BCN;;1070;225;;1111111;A321neo;226;1;1;1;1;1;1;149;78;225
2080;TK;TK1067;BCN;IST;;1060;195;;1111111;A321neo;188;1;1;1;1;1;1;149;82;195
2081;TK;TK1068;IST;PMI;;830;225;;1111111;A321neo;207;1;1;1;0;0;1;148;71;225
2082;TK;TK1069;PMI;IST;;830;195;;1111111;A321neo;233;1;1;1;1;1;1;148;83;195
2083;TK;TK1070;IST;LIS;;620;290;;1111111;A320neo;302;1;1;1;1;0;1;216;78;290
2084;TK;TK1071;LIS;IST;;610;250;;1111111;A320neo;316;1;1;1;1;0;1;216;75;250
2085;TK;TK1072;IST;LIS;;1055;290;;1111111;A321neo;320;1;1;1;0;1;1;216;70;290
2086;TK;TK1073;LIS;IST;;1080;250;;1111111;A321neo;304;1;1;1;1;0;1;216;77;250
2087;TK;TK1074;IST;OPO;;830;280;;1111111;Boeing 737 MAX 8;292;1;1;1;1;1;1;209;78;280
2088;TK;TK1075;OPO;IST;;840;245;;1111111;Boeing 737 MAX 8;283;1;1;1;1;1;1;209;75;245
2089;TK;TK1076;IST;FCO;;495;145;;1111111;A320neo;166;1;1;1;1;0;1;115;81;145
2090;TK;TK1077;FCO;IST;;500;130;;1111111;A320neo;149;1;1;1;0;0;1;115;71;130
2091;TK;TK1078;IST;FCO;;720;145;;1111111;A321neo;143;1;1;1;0;0;1;115;69;145
2092;TK;TK1079;FCO;IST;;735;130;;1111111;A321neo;157;1;1;1;0;1;1;115;81;130
2093;TK;TK1080;IST;FCO;;945;145;;1111111;Boeing 737 MAX 8;171;1;1;1;1;1;1;115;74;145
2094;TK;TK1081;FCO;IST;;945;130;;1111111;Boeing 737 MAX 8;144;1;1;1;1;0;1;115;72;130
2095;TK;TK1082;IST;FCO;;1185;145;;1111111;A320neo;146;1;1;1;1;1;1;115;74;145
2096;TK;TK1083;FCO;IST;;1185;130;;1111111;A320neo;150;1;1;1;0;1;1;115;71;130
2097;TK;TK1084;IST;MXP;;620;180;;1111111;A321neo;184;1;1;1;0;1;1;113;75;180
2098;TK;TK1085;MXP;IST;;600;155;;1111111;A321neo;186;1;1;1;0;1;1;113;77;155
2099;TK;TK1086;IST;MXP;;1070;180;;1111111;Boeing 737 MAX 8;195;1;1;1;1;0;1;113;79;180
2100;TK;TK1087;MXP;IST;;1080;155;;1111111;Boeing 737 MAX 8;208;1;1;1;0;1;1;113;70;155
2101;TK;TK1088;IST;ZRH;;600;180;;1111111;A321neo;173;1;1;1;1;0;1;117;76;180
2102;TK;TK1089;ZRH;IST;;600;160;;1111111;A321neo;162;1;1;1;1;1;1;117;71;160
2103;TK;TK1090;IST;ZRH;;1080;180;;1111111;Boeing 737 MAX 8;189;1;1;1;0;0;1;117;69;180
2104;TK;TK1091;ZRH;IST;;1065;160;;1111111;Boeing 737 MAX 8;178;1;1;1;0;1;1;117;76;160
2105;TK;TK1092;IST;GVA;;840;195;;1111111;Boeing 737 MAX 8;216;1;1;1;1;1;1;127;71;195
2106;TK;TK1093;GVA;IST;;835;170;;1111111;Boeing 737 MAX 8;197;1;1;1;1;0;1;127;72;170
2107;TK;TK1094;IST;BRU;;855;215;;1111111;A321neo;212;1;1;1;1;0;1;144;75;215
2108;TK;TK1095;BRU;IST;;830;190;;1111111;A321neo;218;1;1;1;0;1;1;144;81;190
2109;TK;TK1096;IST;VIE;;615;130;;1111111;A320neo;149;1;1;1;1;1;1;103;82;130
2110;TK;TK1097;VIE;IST;;595;120;;1111111;A320neo;156;1;1;1;1;1;1;103;75;120
2111;TK;TK1098;IST;VIE;;1080;130;;1111111;A321neo;165;1;1;1;1;1;1;103;77;130
2112;TK;TK1099;VIE;IST;;1065;120;;1111111;A321neo;134;1;1;1;1;1;1;103;74;120
2113;TK;TK1100;IST;CPH;;835;195;;1111111;A321neo;206;1;1;1;1;1;1;133;73;195
2114;TK;TK1101;CPH;IST;;850;180;;1111111;A321neo;196;1;1;1;1;0;1;133;70;180
2115;TK;TK1102;IST;DUB;;825;260;;1111111;Boeing 737 MAX 8;265;1;1;1;1;1;1;197;80;260
2116;TK;TK1103;DUB;IST;;840;230;;1111111;Boeing 737 MAX 8;253;1;1;1;1;1;1;197;77;230
2117;TK;TK1104;IST;PRG;;615;155;;1111111;Boeing 737 MAX 8;174;1;1;1;1;1;1;125;72;155
2118;TK;TK1105;PRG;IST;;605;140;;1111111;Boeing 737 MAX 8;190;1;1;1;0;1;1;125;78;140
2119;TK;TK1106;IST;PRG;;1060;155;;1111111;A320neo;171;1;1;1;1;1;1;125;81;155
2120;TK;TK1107;PRG;IST;;1075;140;;1111111;A320neo;160;1;1;1;1;0;1;125;79;140
2121;TK;TK1108;IST;ATH;;530;80;;1111111;Boeing 737 MAX 8;122;1;1;1;1;1;1;46;72;80
2122;TK;TK1109;ATH;IST;;520;75;;1111111;Boeing 737 MAX 8;107;1;1;1;1;1;1;46;82;75
2123;TK;TK1110;IST;ATH;;840;80;;1111111;A320neo;114;1;1;1;1;1;1;46;80;80
2124;TK;TK1111;ATH;IST;;825;75;;1111111;A320neo;102;1;1;1;0;1;1;46;74;75
2125;TK;TK1112;IST;ATH;;1140;80;;1111111;A321neo;116;1;1;1;1;1;1;46;73;80
2126;TK;TK1113;ATH;IST;;1155;75;;1111111;A321neo;100;1;1;1;1;1;1;46;77;75
2127;TK;TK1114;IST;CMN;;615;295;;1111111;A321neo;336;1;1;1;1;0;1;222;71;295
2128;TK;TK1115;CMN;IST;;620;260;;1111111;A321neo;285;1;1;1;1;1;1;222;74;260
2129;TK;TK1116;IST;CMN;;1075;295;;1111111;Boeing 737 MAX 8;312;1;1;1;0;1;1;222;80;295
2130;TK;TK1117;CMN;IST;;1075;260;;1111111;Boeing 737 MAX 8;335;1;1;1;1;0;1;222;79;260
2131;TK;TK1118;IST;RAK;;605;305;;1111111;Boeing 737 MAX 8;318;1;1;1;0;1;1;231;82;305
2132;TK;TK1119;RAK;IST;;620;270;;1111111;Boeing 737 MAX 8;338;1;1;1;0;1;1;231;80;270
2133;TK;TK1120;IST;RAK;;1080;305;;1111111;A320neo;307;1;1;1;1;1;1;231;77;305
2134;TK;TK1121;RAK;IST;;1065;270;;1111111;A320neo;293;1;1;1;1;1;1;231;82;270
2135;TK;TK1122;IST;TUN;;825;175;;1111111;A321neo;193;1;1;1;0;1;1;112;74;175
2136;TK;TK1123;TUN;IST;;835;155;;1111111;A321neo;165;1;1;1;1;1;1;112;80;155
2137;TK;TK1124;IST;ALG;;825;230;;1111111;Boeing 737 MAX 8;225;1;1;1;1;1;1;152;73;230
2138;TK;TK1125;ALG;IST;;845;200;;1111111;Boeing 737 MAX 8;191;1;1;1;1;0;1;152;83;200
2139;TK;TK1126;IST;CAI;;530;125;;1111111;A321neo;141;1;1;1;1;1;1;106;71;125
2140;TK;TK1127;CAI;IST;;530;130;;1111111;A321neo;165;1;1;1;1;1;1;106;71;130
2141;TK;TK1128;IST;CAI;;830;125;;1111111;Boeing 737 MAX 8;155;1;1;1;1;0;1;106;73;125
2142;TK;TK1129;CAI;IST;;830;130;;1111111;Boeing 737 MAX 8;161;1;1;1;1;0;1;106;73;130
2143;TK;TK1130;IST;CAI;;1145;125;;1111111;A320neo;155;1;1;1;1;1;1;106;77;125
2144;TK;TK1131;CAI;IST;;1135;130;;1111111;A320neo;159;1;1;1;1;1;1;106;71;130
2145;TK;TK014;IST;DSS;;820;460;;1111111;A330-300;406;1;1;1;0;1;1;344;71;460
2146;TK;TK015;DSS;IST;;1335;405;;1111111;A330-300;391;1;1;1;1;0;1;344;77;405
2147;TK;TK016;IST;ABJ;;820;440;;1111111;A350-900;391;1;1;1;1;1;1;281;79;440
2148;TK;TK017;ABJ;IST;;1325;400;;1111111;A350-900;393;1;1;1;1;1;1;281;70;400
2149;TK;TK018;IST;JNB;;835;590;;1111111;A330-300;526;1;1;1;1;0;1;487;73;590
2150;TK;TK019;JNB;IST;;1335;590;;1111111;A330-300;499;1;1;1;0;1;1;487;83;590
2151;TK;TK1132;IST;DXB;;615;240;;1111111;A321neo;302;1;1;1;0;1;1;204;82;240
2152;TK;TK1133;DXB;IST;;610;270;;1111111;A321neo;289;1;1;1;0;1;1;204;71;270
2153;TK;TK1134;IST;DXB;;1075;240;;1111111;Boeing 737 MAX 8;320;1;1;1;1;0;1;204;77;240
2154;TK;TK1135;DXB;IST;;1065;270;;1111111;Boeing 737 MAX 8;315;1;1;1;0;1;1;204;69;270
2155;TK;TK1136;IST;DOH;;615;220;;1111111;A320neo;249;1;1;1;1;1;1;185;82;220
2156;TK;TK1137;DOH;IST;;600;250;;1111111;A320neo;239;1;1;1;1;1;1;185;81;250
2157;TK;TK1138;IST;DOH;;1055;220;;1111111;A321neo;262;1;1;1;0;0;1;185;83;220
2158;TK;TK1139;DOH;IST;;1065;250;;1111111;A321neo;212;1;1;1;1;1;1;185;79;250
2159;TK;TK020;IST;MLE;;1170;455;;1111111;Boeing 787-9;458;1;1;1;1;1;1;331;72;455
2160;TK;TK021;MLE;IST;;640;510;;1111111;Boeing 787-9;418;1;1;1;1;1;1;331;73;510
2161;TK;TK022;IST;DEL;;1165;350;;1111111;Boeing 777-300ER;394;1;1;1;1;1;1;297;75;350
2162;TK;TK023;DEL;IST;;630;400;;1111111;Boeing 777-300ER;355;1;1;1;1;1;1;297;78;400
2163;TK;TK024;IST;BKK;;810;550;;1111111;Boeing 787-9;535;1;1;1;0;1;1;410;75;550
2164;TK;TK025;BKK;IST;;110;625;;1111111;Boeing 787-9;476;1;1;1;1;1;1;410;73;625
2165;TK;TK026;IST;BKK;;1305;550;;1111111;Boeing 777-300ER;538;1;1;1;1;1;1;488;70;550
2166;TK;TK027;BKK;IST;;715;625;;1111111;Boeing 777-300ER;476;1;1;1;1;1;1;488;76;625
2167;TK;TK028;IST;SIN;;1165;655;;1111111;A330-300;566;1;1;1;1;1;1;564;81;655
2168;TK;TK029;SIN;IST;;640;690;;1111111;A330-300;556;1;1;1;0;1;1;564;71;690
2169;TK;TK030;IST;HKG;;1165;605;;1111111;A330-300;557;1;1;1;1;1;1;520;78;605
2170;TK;TK031;HKG;IST;;615;690;;1111111;A330-300;514;1;1;1;1;1;1;520;73;690
2171;TK;TK032;IST;ICN;;1165;675;;1111111;A330-300;514;1;1;1;1;0;1;515;76;675
2172;TK;TK033;ICN;IST;;630;770;;1111111;A330-300;526;1;1;1;0;1;1;515;73;770
2173;TK;TK034;IST;HND;;810;765;;1111111;A330-300;567;1;1;1;1;0;1;582;72;765
2174;TK;TK035;HND;IST;;120;860;;1111111;A330-300;524;1;1;1;0;1;1;582;71;860
2175;TK;TK036;IST;HND;;1285;765;;1111111;A350-900;609;1;1;1;0;1;1;489;82;765
2176;TK;TK037;HND;IST;;730;860;;1111111;A350-900;545;1;1;1;1;1;1;489;76;860
2177;TK;TK038;IST;JFK;;730;670;;1111111;A350-900;590;1;1;1;0;1;1;438;73;670
2178;TK;TK039;JFK;IST;;1105;590;;1111111;A350-900;504;1;1;1;0;1;1;438;77;590
2179;TK;TK040;IST;JFK;;940;670;;1111111;Boeing 787-9;567;1;1;1;1;1;1;438;70;670
2180;TK;TK041;JFK;IST;;1300;590;;1111111;Boeing 787-9;520;1;1;1;1;1;1;438;72;590
2181;TK;TK042;IST;MIA;;840;795;;1111111;A350-900;692;1;1;1;1;1;1;523;78;795
2182;TK;TK043;MIA;IST;;1190;705;;1111111;A350-900;688;1;1;1;1;0;1;523;71;705
2183;TK;TK044;IST;LAX;;835;875;;1111111;A350-900;764;1;1;1;1;1;1;601;74;875
2184;TK;TK045;LAX;IST;;1205;820;;1111111;A350-900;730;1;1;1;1;1;1;601;79;820
2185;TK;TK046;IST;SFO;;845;855;;1111111;A330-300;708;1;1;1;0;1;1;700;76;855
2186;TK;TK047;SFO;IST;;1200;805;;1111111;A330-300;653;1;1;1;1;1;1;700;74;805
2187;TK;TK048;IST;YUL;;835;640;;1111111;A330-300;580;1;1;1;1;1;1;500;80;640
2188;TK;TK049;YUL;IST;;1185;570;;1111111;A330-300;498;1;1;1;1;0;1;500;79;570
2189;TK;TK050;IST;MEX;;825;930;;1111111;A330-300;735;1;1;1;1;1;1;740;74;930
2190;TK;TK051;MEX;IST;;1185;835;;1111111;A330-300;740;1;1;1;0;1;1;740;74;835
2191;TK;TK052;IST;CUN;;830;860;;1111111;A330-300;673;1;1;1;1;1;1;678;72;860
2192;TK;TK053;CUN;IST;;1205;765;;1111111;A330-300;738;1;1;1;1;1;1;678;72;765
2193;TK;TK054;IST;GRU;;845;835;;1111111;Boeing 787-9;615;1;1;1;1;1;1;576;78;835
2194;TK;TK055;GRU;IST;;1195;795;;1111111;Boeing 787-9;741;1;1;1;1;1;1;576;75;795
2195;EK;EK014;DXB;CDG;;190;445;;1111111;A350-900;495;1;1;1;1;0;1;286;86;445
2196;EK;EK015;CDG;DXB;;610;395;;1111111;A350-900;487;1;1;1;1;1;1;286;74;395
2197;EK;EK016;DXB;CDG;;380;445;;1111111;A380-800;491;1;1;1;1;1;1;392;86;445
2198;EK;EK017;CDG;DXB;;915;395;;1111111;A380-800;482;1;1;1;1;1;1;392;77;395
2199;EK;EK018;DXB;CDG;;855;445;;1111111;Boeing 777-300ER;452;1;1;1;1;1;1;341;85;445
2200;EK;EK019;CDG;DXB;;1200;395;;1111111;Boeing 777-300ER;494;1;1;1;1;1;1;341;77;395
2201;EK;EK020;DXB;NCE;;390;415;;1111111;Boeing 777-300ER;481;1;1;1;1;1;1;311;77;415
2202;EK;EK021;NCE;DXB;;895;365;;1111111;Boeing 777-300ER;488;1;1;1;1;1;1;311;77;365
2203;EK;EK022;DXB;LYS;;405;430;;1111111;Boeing 777-300ER;489;1;1;1;1;1;1;324;74;430
2204;EK;EK023;LYS;DXB;;900;375;;1111111;Boeing 777-300ER;437;1;1;1;1;1;1;324;75;375
2205;EK;EK024;DXB;LHR;;130;465;;1111111;A350-900;458;1;1;1;1;1;1;300;75;465
2206;EK;EK025;LHR;DXB;;535;410;;1111111;A350-900;448;1;1;1;1;1;1;300;84;410
2207;EK;EK026;DXB;LHR;;235;465;;1111111;A380-800;418;1;1;1;1;1;1;411;74;465
2208;EK;EK027;LHR;DXB;;675;410;;1111111;A380-800;419;1;1;1;1;1;1;411;79;410
2209;EK;EK028;DXB;LHR;;340;465;;1111111;Boeing 777-300ER;517;1;1;1;1;1;1;357;86;465
2210;EK;EK029;LHR;DXB;;815;410;;1111111;Boeing 777-300ER;495;1;1;1;1;1;1;357;81;410
2211;EK;EK030;DXB;LHR;;455;465;;1111111;A350-900;450;1;1;1;1;1;1;300;83;465
2212;EK;EK031;LHR;DXB;;985;410;;1111111;A350-900;440;1;1;1;1;1;1;300;77;410
2213;EK;EK032;DXB;LHR;;800;465;;1111111;A380-800;490;1;1;1;1;1;1;411;76;465
2214;EK;EK033;LHR;DXB;;1120;410;;1111111;A380-800;482;1;1;1;1;1;1;411;83;410
2215;EK;EK034;DXB;LHR;;890;465;;1111111;Boeing 777-300ER;446;1;1;1;1;1;1;357;83;465
2216;EK;EK035;LHR;DXB;;1280;410;;1111111;Boeing 777-300ER;516;1;1;1;1;0;1;357;86;410
2217;EK;EK036;DXB;LGW;;380;465;;1111111;A380-800;525;1;1;1;1;1;1;409;84;465
2218;EK;EK037;LGW;DXB;;910;410;;1111111;A380-800;493;1;1;1;1;1;1;409;86;410
2219;EK;EK038;DXB;AMS;;225;440;;1111111;A380-800;423;1;1;1;1;1;1;386;78;440
2220;EK;EK039;AMS;DXB;;685;390;;1111111;A380-800;494;1;1;1;1;1;1;386;81;390
2221;EK;EK040;DXB;AMS;;805;440;;1111111;Boeing 777-300ER;494;1;1;1;1;1;1;336;74;440
2222;EK;EK041;AMS;DXB;;1105;390;;1111111;Boeing 777-300ER;404;1;1;1;1;1;1;336;79;390
2223;EK;EK042;DXB;FRA;;405;415;;1111111;Boeing 777-300ER;423;1;1;1;1;1;1;315;79;415
2224;EK;EK043;FRA;DXB;;910;370;;1111111;Boeing 777-300ER;433;1;1;1;1;1;1;315;78;370
2225;EK;EK044;DXB;MUC;;385;395;;1111111;A380-800;431;1;1;1;1;1;1;341;75;395
2226;EK;EK045;MUC;DXB;;905;350;;1111111;A380-800;436;1;1;1;1;1;1;341;80;350
2227;EK;EK046;DXB;MAD;;250;485;;1111111;A350-900;493;1;1;1;1;1;1;308;78;485
2228;EK;EK047;MAD;DXB;;685;420;;1111111;A350-900;451;1;1;1;1;1;1;308;76;420
2229;EK;EK048;DXB;MAD;;790;485;;1111111;A380-800;530;1;1;1;1;1;1;422;75;485
2230;EK;EK049;MAD;DXB;;1110;420;;1111111;A380-800;502;1;1;1;1;1;1;422;76;420
2231;EK;EK050;DXB;BCN;;235;445;;1111111;A350-900;512;1;1;1;1;1;1;283;77;445
2232;EK;EK051;BCN;DXB;;695;390;;1111111;A350-900;427;1;1;1;1;1;1;283;83;390
2233;EK;EK052;DXB;BCN;;805;445;;1111111;A380-800;510;1;1;1;1;1;1;387;82;445
2234;EK;EK053;BCN;DXB;;1120;390;;1111111;A380-800;458;1;1;1;1;1;1;387;75;390
2235;EK;EK054;DXB;LIS;;385;525;;1111111;A380-800;490;1;1;1;1;0;1;459;78;525
2236;EK;EK055;LIS;DXB;;890;455;;1111111;A380-800;506;1;1;1;1;0;1;459;85;455
2237;EK;EK056;DXB;OPO;;380;515;;1111111;A350-900;524;1;1;1;1;1;1;332;84;515
2238;EK;EK057;OPO;DXB;;895;450;;1111111;A350-900;488;1;1;1;1;1;1;332;86;450
2239;EK;EK058;DXB;FCO;;220;380;;1111111;A350-900;411;1;1;1;1;1;1;237;77;380
2240;EK;EK059;FCO;DXB;;670;335;;1111111;A350-900;452;1;1;1;1;1;1;237;76;335
2241;EK;EK060;DXB;FCO;;795;380;;1111111;A380-800;394;1;1;1;1;1;1;325;85;380
2242;EK;EK061;FCO;DXB;;1125;335;;1111111;A380-800;391;1;1;1;1;1;1;325;85;335
2243;EK;EK062;DXB;MXP;;390;405;;1111111;Boeing 777-300ER;461;1;1;1;1;1;1;306;82;405
2244;EK;EK063;MXP;DXB;;915;360;;1111111;Boeing 777-300ER;441;1;1;1;1;1;1;306;74;360
2245;EK;EK064;DXB;ZRH;;405;410;;1111111;Boeing 777-300ER;386;1;1;1;1;1;1;310;83;410
2246;EK;EK065;ZRH;DXB;;900;360;;1111111;Boeing 777-300ER;436;1;1;1;1;1;1;310;79;360
2247;EK;EK066;DXB;GVA;;385;425;;1111111;Boeing 777-300ER;436;1;1;1;1;1;1;320;78;425
2248;EK;EK067;GVA;DXB;;910;370;;1111111;Boeing 777-300ER;429;1;1;1;1;1;1;320;85;370
2249;EK;EK068;DXB;BRU;;400;440;;1111111;A350-900;508;1;1;1;1;1;1;281;78;440
2250;EK;EK069;BRU;DXB;;905;390;;1111111;A350-900;471;1;1;1;1;1;1;281;84;390
2251;EK;EK070;DXB;VIE;;400;365;;1111111;A350-900;371;1;1;1;1;1;1;231;75;365
2252;EK;EK071;VIE;DXB;;910;325;;1111111;A350-900;409;1;1;1;1;1;1;231;73;325
2253;EK;EK072;DXB;CPH;;385;410;;1111111;A380-800;467;1;1;1;1;1;1;360;86;410
2254;EK;EK073;CPH;DXB;;915;370;;1111111;A380-800;449;1;1;1;1;1;1;360;80;370
2255;EK;EK074;DXB;DUB;;385;495;;1111111;Boeing 777-300ER;524;1;1;1;1;1;1;385;76;495
2256;EK;EK075;DUB;DXB;;915;440;;1111111;Boeing 777-300ER;550;1;1;1;1;1;1;385;80;440
2257;EK;EK076;DXB;PRG;;405;385;;1111111;Boeing 777-300ER;402;1;1;1;1;1;1;290;82;385
2258;EK;EK077;PRG;DXB;;910;345;;1111111;Boeing 777-300ER;450;1;1;1;1;0;1;290;79;345
2259;EK;EK1000;DXB;ATH;;590;290;;1111111;Boeing 777-300ER;351;1;1;1;1;0;1;262;87;290
2260;EK;EK1001;ATH;DXB;;600;255;;1111111;Boeing 777-300ER;323;1;1;1;1;0;1;262;76;255
2261;EK;EK1002;DXB;ATH;;1060;290;;1111111;Boeing 777-300ER;369;1;1;1;0;0;1;262;81;290
2262;EK;EK1003;ATH;DXB;;1040;255;;1111111;Boeing 777-300ER;379;1;1;1;1;0;1;262;78;255
2263;EK;EK1004;DXB;IST;;575;270;;1111111;Boeing 777-300ER;342;1;1;1;1;0;1;242;83;270
2264;EK;EK1005;IST;DXB;;585;240;;1111111;Boeing 777-300ER;337;1;1;1;1;0;1;242;77;240
2265;EK;EK1006;DXB;IST;;1040;270;;1111111;Boeing 777-300ER;289;1;1;1;1;0;1;242;75;270
2266;EK;EK1007;IST;DXB;;1055;240;;1111111;Boeing 777-300ER;303;1;1;1;1;0;1;242;80;240
2267;EK;EK078;DXB;CMN;;405;520;;1111111;Boeing 777-300ER;564;1;1;1;1;1;1;395;73;520
2268;EK;EK079;CMN;DXB;;915;450;;1111111;Boeing 777-300ER;489;1;1;1;1;1;1;395;78;450
2269;EK;EK080;DXB;TUN;;400;390;;1111111;A380-800;394;1;1;1;1;1;1;332;76;390
2270;EK;EK081;TUN;DXB;;895;340;;1111111;A380-800;384;1;1;1;1;1;1;332;81;340
2271;EK;EK082;DXB;ALG;;400;440;;1111111;A380-800;473;1;1;1;1;1;1;379;76;440
2272;EK;EK083;ALG;DXB;;905;380;;1111111;A380-800;404;1;1;1;1;1;1;379;83;380
2273;EK;EK1008;DXB;CAI;;580;240;;1111111;Boeing 777-300ER;244;1;1;1;1;0;1;193;86;240
2274;EK;EK1009;CAI;DXB;;600;210;;1111111;Boeing 777-300ER;233;1;1;1;1;0;1;193;77;210
2275;EK;EK1010;DXB;CAI;;1050;240;;1111111;Boeing 777-300ER;273;1;1;1;1;1;1;193;83;240
2276;EK;EK1011;CAI;DXB;;1040;210;;1111111;Boeing 777-300ER;275;1;1;1;1;0;1;193;76;210
2277;EK;EK084;DXB;DSS;;335;610;;1111111;Boeing 777-300ER;539;1;1;1;1;1;1;493;84;610
2278;EK;EK085;DSS;DXB;;1120;580;;1111111;Boeing 777-300ER;568;1;1;1;1;0;1;493;74;580
2279;EK;EK086;DXB;ABJ;;355;545;;1111111;A350-900;523;1;1;1;1;1;1;365;73;545
2280;EK;EK087;ABJ;DXB;;1115;515;;1111111;A350-900;501;1;1;1;1;1;1;365;81;515
2281;EK;EK088;DXB;JNB;;340;515;;1111111;A380-800;586;1;1;1;1;1;1;479;81;515
2282;EK;EK089;JNB;DXB;;1140;500;;1111111;A380-800;511;1;1;1;1;1;1;479;76;500
2283;EK;EK1012;DXB;MLE;;810;250;;1111111;Boeing 777-300ER;356;1;1;1;1;1;1;243;74;250
2284;EK;EK1013;MLE;DXB;;815;260;;1111111;Boeing 777-300ER;358;1;1;1;1;0;1;243;84;260
2285;EK;EK1014;DXB;DEL;;600;190;;1111111;Boeing 777-300ER;234;1;1;1;1;1;1;175;81;190
2286;EK;EK1015;DEL;DXB;;585;220;;1111111;Boeing 777-300ER;263;1;1;1;1;0;1;175;86;220
2287;EK;EK1016;DXB;DEL;;1050;190;;1111111;Boeing 777-300ER;240;1;1;1;1;1;1;175;81;190
2288;EK;EK1017;DEL;DXB;;1040;220;;1111111;Boeing 777-300ER;219;1;1;1;1;1;1;175;74;220
2289;EK;EK090;DXB;BKK;;270;390;;1111111;A380-800;400;1;1;1;1;1;1;367;80;390
2290;EK;EK091;BKK;DXB;;135;410;;1111111;A380-800;424;1;1;1;1;1;1;367;78;410
2291;EK;EK092;DXB;BKK;;1215;390;;1111111;Boeing 777-300ER;494;1;1;1;1;1;1;319;75;390
2292;EK;EK093;BKK;DXB;;1235;410;;1111111;Boeing 777-300ER;426;1;1;1;1;1;1;319;84;410
2293;EK;EK094;DXB;SIN;;450;455;;1111111;A350-900;481;1;1;1;1;1;1;319;74;455
2294;EK;EK095;SIN;DXB;;1100;480;;1111111;A350-900;449;1;1;1;1;1;1;319;75;480
2295;EK;EK096;DXB;DPS;;465;575;;1111111;A350-900;639;1;1;1;1;1;1;409;86;575
2296;EK;EK097;DPS;DXB;;1100;600;;1111111;A350-900;584;1;1;1;1;1;1;409;74;600
2297;EK;EK098;DXB;HKG;;450;440;;1111111;A350-900;535;1;1;1;1;1;1;323;77;440
2298;EK;EK099;HKG;DXB;;1110;510;;1111111;A350-900;521;1;1;1;1;1;1;323;75;510
2299;EK;EK100;DXB;ICN;;450;500;;1111111;A380-800;517;1;1;1;1;1;1;503;82;500
2300;EK;EK101;ICN;DXB;;1085;575;;1111111;A380-800;499;1;1;1;1;1;1;503;83;575
2301;EK;EK102;DXB;HND;;270;580;;1111111;A380-800;616;1;1;1;1;1;1;593;77;580
2302;EK;EK103;HND;DXB;;140;670;;1111111;A380-800;633;1;1;1;1;1;1;593;81;670
2303;EK;EK104;DXB;HND;;1225;580;;1111111;Boeing 777-300ER;571;1;1;1;1;1;1;516;80;580
2304;EK;EK105;HND;DXB;;1250;670;;1111111;Boeing 777-300ER;673;1;1;1;1;1;1;516;78;670
2305;EK;EK106;DXB;SYD;;460;900;;1111111;A380-800;927;1;1;1;1;1;1;900;75;900
2306;EK;EK107;SYD;DXB;;1195;950;;1111111;A380-800;813;1;1;1;1;0;1;900;77;950
2307;EK;EK108;DXB;JFK;;475;885;;1111111;A350-900;850;1;1;1;1;1;1;601;76;885
2308;EK;EK109;JFK;DXB;;1240;800;;1111111;A350-900;876;1;1;1;1;1;1;601;77;800
2309;EK;EK110;DXB;JFK;;565;885;;1111111;A380-800;799;1;1;1;1;1;1;822;73;885
2310;EK;EK111;JFK;DXB;;1335;800;;1111111;A380-800;768;1;1;1;1;1;1;822;75;800
2311;EK;EK112;DXB;MIA;;510;1020;;1111111;Boeing 777-300ER;897;1;1;1;1;1;1;819;85;1020
2312;EK;EK113;MIA;DXB;;1290;915;;1111111;Boeing 777-300ER;970;1;1;1;1;1;1;819;86;915
2313;EK;EK114;DXB;LAX;;500;1030;;1111111;A350-900;836;1;1;1;1;1;1;732;86;1030
2314;EK;EK115;LAX;DXB;;1290;1015;;1111111;A350-900;968;1;1;1;1;0;1;732;81;1015
2315;EK;EK116;DXB;SFO;;525;995;;1111111;A380-800;993;1;1;1;1;1;1;973;84;995
2316;EK;EK117;SFO;DXB;;1265;990;;1111111;A380-800;994;1;1;1;1;1;1;973;82;990
2317;EK;EK118;DXB;YUL;;525;855;;1111111;A380-800;756;1;1;1;1;1;1;794;76;855
2318;EK;EK119;YUL;DXB;;1265;775;;1111111;A380-800;780;1;1;1;1;1;1;794;85;775
2319;EK;EK120;DXB;MEX;;510;1135;;1111111;A380-800;872;1;1;1;1;1;1;1071;81;1135
2320;EK;EK121;MEX;DXB;;1270;1050;;1111111;A380-800;1081;1;1;1;1;1;1;1071;75;1050
2321;EK;EK122;DXB;GRU;;510;960;;1111111;A350-900;859;1;1;1;1;1;1;667;74;960
2322;EK;EK123;GRU;DXB;;1265;910;;1111111;A350-900;898;1;1;1;1;1;1;667;82;910
2323;EK;EK124;DXB;EZE;;520;1070;;1111111;Boeing 777-300ER;1014;1;1;1;1;1;1;889;84;1070
2324;EK;EK125;EZE;DXB;;1270;1015;;1111111;Boeing 777-300ER;918;1;1;1;1;1;1;889;73;1015
2325;EK;EK1018;DXB;DOH;;500;65;;1111111;Boeing 777-300ER;118;1;1;1;1;0;1;38;84;65
2326;EK;EK1019;DOH;DXB;;505;60;;1111111;Boeing 777-300ER;99;1;1;1;1;0;1;38;78;60
2327;EK;EK1020;DXB;DOH;;810;65;;1111111;Boeing 777-300ER;105;1;1;1;1;0;1;38;76;65
2328;EK;EK1021;DOH;DXB;;815;60;;1111111;Boeing 777-300ER;120;1;1;1;1;0;1;38;75;60
2329;EK;EK1022;DXB;DOH;;1115;65;;1111111;Boeing 777-300ER;118;1;1;1;1;0;1;38;80;65
2330;EK;EK1023;DOH;DXB;;1120;60;;1111111;Boeing 777-300ER;98;1;1;1;1;0;1;38;78;60
2331;QR;QR014;DOH;CDG;;205;425;;1111111;Boeing 777-300ER;406;1;1;1;1;0;1;323;89;425
2332;QR;QR015;CDG;DOH;;635;375;;1111111;Boeing 777-300ER;412;1;1;1;1;0;1;323;92;375
2333;QR;QR016;DOH;CDG;;425;425;;1111111;A380-800;494;1;1;1;1;1;1;371;90;425
2334;QR;QR017;CDG;DOH;;940;375;;1111111;A380-800;456;1;1;1;1;1;1;371;89;375
2335;QR;QR018;DOH;CDG;;875;425;;1111111;A350-1000;502;1;1;1;1;1;1;271;83;425
2336;QR;QR019;CDG;DOH;;1225;375;;1111111;A350-1000;441;1;1;1;1;1;1;271;88;375
2337;QR;QR020;DOH;NCE;;415;390;;1111110;Boeing 777-300ER;401;1;1;1;1;1;1;292;90;390
2338;QR;QR021;NCE;DOH;;930;345;;0111111;Boeing 777-300ER;460;1;1;1;1;0;1;292;81;345
2339;QR;QR022;DOH;LYS;;435;405;;1111111;A350-1000;479;1;1;1;1;1;1;257;89;405
2340;QR;QR023;LYS;DOH;;925;355;;1111111;A350-1000;449;1;1;1;1;1;1;257;89;355
2341;QR;QR024;DOH;LHR;;160;445;;1111111;Boeing 777-300ER;426;1;1;1;1;1;1;341;84;445
2342;QR;QR025;LHR;DOH;;555;395;;1111111;Boeing 777-300ER;470;1;1;1;1;0;1;341;79;395
2343;QR;QR026;DOH;LHR;;270;445;;1111111;A380-800;446;1;1;1;1;1;1;392;90;445
2344;QR;QR027;LHR;DOH;;705;395;;1111111;A380-800;422;1;1;1;1;1;1;392;91;395
2345;QR;QR028;DOH;LHR;;365;445;;1111111;A350-1000;434;1;1;1;1;1;1;286;83;445
2346;QR;QR029;LHR;DOH;;855;395;;1111111;A350-1000;486;1;1;1;1;1;1;286;88;395
2347;QR;QR030;DOH;LHR;;485;445;;1111111;Boeing 787-9;500;1;1;1;1;1;1;286;84;445
2348;QR;QR031;LHR;DOH;;995;395;;1111111;Boeing 787-9;454;1;1;1;1;0;1;286;81;395
2349;QR;QR032;DOH;LHR;;835;445;;1111111;Boeing 777-300ER;429;1;1;1;1;1;1;341;81;445
2350;QR;QR033;LHR;DOH;;1140;395;;1111111;Boeing 777-300ER;484;1;1;1;1;1;1;341;88;395
2351;QR;QR034;DOH;LHR;;910;445;;1111111;A380-800;478;1;1;1;1;1;1;392;93;445
2352;QR;QR035;LHR;DOH;;1285;395;;1111111;A380-800;426;1;1;1;1;1;1;392;84;395
2353;QR;QR036;DOH;LGW;;425;445;;1111111;Boeing 777-300ER;423;1;1;1;1;1;1;339;80;445
2354;QR;QR037;LGW;DOH;;930;390;;1111111;Boeing 777-300ER;452;1;1;1;0;1;1;339;87;390
2355;QR;QR038;DOH;AMS;;425;420;;1111111;A380-800;433;1;1;1;1;1;1;368;92;420
2356;QR;QR039;AMS;DOH;;925;375;;1111111;A380-800;430;1;1;1;1;1;1;368;85;375
2357;QR;QR040;DOH;FRA;;430;395;;1111111;A380-800;390;1;1;1;1;1;1;343;91;395
2358;QR;QR041;FRA;DOH;;945;350;;1111111;A380-800;441;1;1;1;1;1;1;343;91;350
2359;QR;QR042;DOH;MUC;;430;375;;1110110;A380-800;418;1;1;1;1;1;1;322;87;375
2360;QR;QR043;MUC;DOH;;945;330;;0111011;A380-800;417;1;1;1;1;1;1;322;86;330
2361;QR;QR044;DOH;BER;;435;375;;1010100;Boeing 787-9;438;1;1;1;1;1;1;239;86;375
2362;QR;QR045;BER;DOH;;920;340;;0101010;Boeing 787-9;439;1;1;1;1;1;1;239;90;340
2363;QR;QR046;DOH;MAD;;415;460;;1111111;Boeing 777-300ER;478;1;1;1;1;1;1;347;80;460
2364;QR;QR047;MAD;DOH;;940;400;;1111111;Boeing 777-300ER;460;1;1;1;1;1;1;347;86;400
2365;QR;QR048;DOH;BCN;;430;420;;1111111;A380-800;434;1;1;1;1;1;1;363;88;420
2366;QR;QR049;BCN;DOH;;935;370;;1111111;A380-800;458;1;1;1;1;0;1;363;82;370
2367;QR;QR050;DOH;LIS;;430;495;;1111111;A350-1000;462;1;1;1;1;0;1;317;92;495
2368;QR;QR051;LIS;DOH;;930;430;;1111111;A350-1000;486;1;1;1;1;1;1;317;90;430
2369;QR;QR1200;DOH;FCO;;620;355;;1111111;A350-1000;411;1;1;1;1;0;1;271;89;355
2370;QR;QR1201;FCO;DOH;;630;315;;1111111;A350-1000;431;1;1;1;1;1;1;271;79;315
2371;QR;QR1202;DOH;FCO;;1075;355;;1111111;Boeing 787-9;426;1;1;1;0;1;1;271;80;355
2372;QR;QR1203;FCO;DOH;;1085;315;;1111111;Boeing 787-9;368;1;1;1;1;1;1;271;88;315
2373;QR;QR052;DOH;MXP;;420;385;;1101010;A380-800;463;1;1;1;1;1;1;331;87;385
2374;QR;QR053;MXP;DOH;;945;340;;0110101;A380-800;427;1;1;1;1;1;1;331;83;340
2375;QR;QR054;DOH;ZRH;;425;390;;1001001;A350-1000;443;1;1;1;1;1;1;245;92;390
2376;QR;QR055;ZRH;DOH;;930;345;;1100100;A350-1000;424;1;1;1;1;1;1;245;84;345
2377;QR;QR056;DOH;GVA;;420;400;;1111111;A350-1000;422;1;1;1;1;1;1;253;83;400
2378;QR;QR057;GVA;DOH;;920;355;;1111111;A350-1000;443;1;1;1;1;1;1;253;88;355
2379;QR;QR058;DOH;BRU;;440;420;;1001001;A380-800;470;1;1;1;1;1;1;366;86;420
2380;QR;QR059;BRU;DOH;;925;370;;1100100;A380-800;403;1;1;1;1;1;1;366;87;370
2381;QR;QR1204;DOH;VIE;;855;340;;1111111;A350-1000;376;1;1;1;1;1;1;267;86;340
2382;QR;QR1205;VIE;DOH;;835;305;;1111111;A350-1000;367;1;1;1;0;1;1;267;89;305
2383;QR;QR060;DOH;CPH;;435;390;;0110110;Boeing 787-9;456;1;1;1;1;0;1;252;92;390
2384;QR;QR061;CPH;DOH;;940;355;;0011011;Boeing 787-9;392;1;1;1;1;1;1;252;83;355
2385;QR;QR062;DOH;DUB;;425;480;;1111111;A380-800;517;1;1;1;1;0;1;424;81;480
2386;QR;QR063;DUB;DOH;;935;425;;1111111;A380-800;535;1;1;1;1;1;1;424;91;425
2387;QR;QR064;DOH;PRG;;440;365;;1010101;A380-800;451;1;1;1;1;1;1;315;83;365
2388;QR;QR065;PRG;DOH;;935;325;;1101010;A380-800;386;1;1;1;1;1;1;315;92;325
2389;QR;QR1206;DOH;ATH;;835;265;;1111111;Boeing 787-8;288;1;1;1;1;1;1;199;84;265
2390;QR;QR1207;ATH;DOH;;850;235;;1111111;Boeing 787-8;288;1;1;1;1;1;1;199;90;235
2391;QR;QR1208;DOH;IST;;615;250;;1111111;Boeing 787-8;262;1;1;1;1;1;1;185;86;250
2392;QR;QR1209;IST;DOH;;625;220;;1111111;Boeing 787-8;266;1;1;1;1;0;1;185;86;220
2393;QR;QR1210;DOH;IST;;1090;250;;1111111;A320;238;1;1;1;1;0;1;220;81;250
2394;QR;QR1211;IST;DOH;;1085;220;;1111111;A320;256;1;1;1;1;0;1;220;86;220
2395;QR;QR066;DOH;CMN;;420;495;;1111110;A350-1000;490;1;1;1;1;1;1;313;91;495
2396;QR;QR067;CMN;DOH;;935;425;;0111111;A350-1000;481;1;1;1;0;1;1;313;80;425
2397;QR;QR068;DOH;RAK;;410;500;;1111111;Boeing 777-300ER;446;1;1;1;1;1;1;377;83;500
2398;QR;QR069;RAK;DOH;;935;430;;1111111;Boeing 777-300ER;509;1;1;1;1;1;1;377;89;430
2399;QR;QR1212;DOH;TUN;;855;365;;1111111;A380-800;395;1;1;1;1;0;1;378;91;365
2400;QR;QR1213;TUN;DOH;;840;315;;1111111;A380-800;382;1;1;1;0;0;1;378;91;315
2401;QR;QR070;DOH;ALG;;415;415;;1010100;A350-1000;454;1;1;1;1;1;1;258;87;415
2402;QR;QR071;ALG;DOH;;930;360;;0101010;A350-1000;423;1;1;1;1;1;1;258;82;360
2403;QR;QR1214;DOH;CAI;;855;210;;1111111;Boeing 737 MAX 8;215;1;1;1;1;1;1;138;85;210
2404;QR;QR1215;CAI;DOH;;860;180;;1111111;Boeing 737 MAX 8;244;1;1;1;1;1;1;138;92;180
2405;QR;QR072;DOH;ABJ;;385;515;;1110110;A380-800;489;1;1;1;1;1;1;471;87;515
2406;QR;QR073;ABJ;DOH;;1165;490;;0111011;A380-800;507;1;1;1;1;1;1;471;85;490
2407;QR;QR074;DOH;JNB;;385;500;;1010101;Boeing 777-300ER;568;1;1;1;1;1;1;406;92;500
2408;QR;QR075;JNB;DOH;;1155;490;;1101010;Boeing 777-300ER;497;1;1;1;1;1;1;406;89;490
2409;QR;QR1216;DOH;MLE;;835;270;;1111111;Boeing 787-8;396;1;1;1;1;0;1;223;85;270
2410;QR;QR1217;MLE;DOH;;840;280;;1111111;Boeing 787-8;386;1;1;1;1;0;1;223;82;280
2411;QR;QR1218;DOH;DEL;;840;205;;1111111;A320;232;1;1;1;1;0;1;204;92;205
2412;QR;QR1219;DEL;DOH;;845;235;;1111111;A320;261;1;1;1;1;0;1;204;88;235
2413;QR;QR076;DOH;BKK;;480;415;;1111111;Boeing 777-300ER;450;1;1;1;1;1;1;343;87;415
2414;QR;QR077;BKK;DOH;;1135;435;;1111111;Boeing 777-300ER;457;1;1;1;1;1;1;343;89;435
2415;QR;QR078;DOH;SIN;;490;480;;1111111;Boeing 777-300ER;550;1;1;1;1;1;1;403;93;480
2416;QR;QR079;SIN;DOH;;1125;505;;1111111;Boeing 777-300ER;572;1;1;1;1;1;1;403;85;505
2417;QR;QR080;DOH;DPS;;485;600;;1001001;Boeing 787-9;602;1;1;1;0;1;1;428;89;600
2418;QR;QR081;DPS;DOH;;1125;630;;1100100;Boeing 787-9;548;1;1;1;1;1;1;428;85;630
2419;QR;QR082;DOH;HKG;;485;465;;1001001;Boeing 777-300ER;566;1;1;1;1;1;1;409;80;465
2420;QR;QR083;HKG;DOH;;1135;540;;1100100;Boeing 777-300ER;543;1;1;1;1;1;1;409;83;540
2421;QR;QR084;DOH;ICN;;495;520;;1111111;Boeing 777-300ER;517;1;1;1;1;1;1;458;88;520
2422;QR;QR085;ICN;DOH;;1120;600;;1111111;Boeing 777-300ER;573;1;1;1;1;1;1;458;90;600
2423;QR;QR086;DOH;HND;;470;605;;1111111;Boeing 777-300ER;644;1;1;1;1;0;1;537;83;605
2424;QR;QR087;HND;DOH;;1140;695;;1111111;Boeing 777-300ER;641;1;1;1;1;1;1;537;91;695
2425;QR;QR088;DOH;SYD;;470;925;;1111111;A350-1000;812;1;1;1;1;1;1;676;81;925
2426;QR;QR089;SYD;DOH;;1220;975;;1111111;A350-1000;932;1;1;1;1;1;1;676;82;975
2427;QR;QR090;DOH;JFK;;545;870;;1111111;Boeing 787-9;728;1;1;1;1;1;1;588;90;870
2428;QR;QR091;JFK;DOH;;1315;785;;1111111;Boeing 787-9;832;1;1;1;1;1;1;588;85;785
2429;QR;QR092;DOH;MIA;;535;1000;;1111111;Boeing 787-9;944;1;1;1;1;0;1;674;89;1000
2430;QR;QR093;MIA;DOH;;1320;895;;1111111;Boeing 787-9;790;1;1;1;1;1;1;674;80;895
2431;QR;QR094;DOH;LAX;;535;1030;;1111111;Boeing 787-9;833;1;1;1;1;1;1;729;91;1030
2432;QR;QR095;LAX;DOH;;1305;1005;;1111111;Boeing 787-9;921;1;1;1;0;1;1;729;80;1005
2433;QR;QR096;DOH;SFO;;550;1000;;1011101;Boeing 777-300ER;849;1;1;1;1;1;1;845;83;1000
2434;QR;QR097;SFO;DOH;;1300;985;;1101110;Boeing 777-300ER;944;1;1;1;1;1;1;845;90;985
2435;QR;QR098;DOH;YUL;;535;840;;1111111;Boeing 777-300ER;797;1;1;1;1;1;1;676;87;840
2436;QR;QR099;YUL;DOH;;1300;760;;1111111;Boeing 777-300ER;804;1;1;1;1;1;1;676;84;760
2437;QR;QR100;DOH;GRU;;545;935;;1111111;A350-1000;875;1;1;1;0;1;1;647;84;935
2438;QR;QR101;GRU;DOH;;1315;885;;1111111;A350-1000;886;1;1;1;1;1;1;647;93;885
2439;QR;QR1220;DOH;DXB;;555;60;;1111111;Boeing 787-8;118;1;1;1;1;0;1;32;85;60
2440;QR;QR1221;DXB;DOH;;540;65;;1111111;Boeing 787-8;98;1;1;1;1;1;1;32;81;65
2441;QR;QR1222;DOH;DXB;;840;60;;1111111;A320;100;1;1;1;1;0;1;38;87;60
2442;QR;QR1223;DXB;DOH;;855;65;;1111111;A320;109;1;1;1;1;1;1;38;91;65
2443;QR;QR1224;DOH;DXB;;1165;60;;1111111;Boeing 737 MAX 8;118;1;1;1;1;1;1;32;80;60
2444;QR;QR1225;DXB;DOH;;1150;65;;1111111;Boeing 737 MAX 8;110;1;1;1;1;1;1;32;87;65
2445;AT;AT1200;CMN;CDG;;600;180;;1111111;Boeing 737 MAX 8;185;1;1;1;0;1;0;130;69;180
2446;AT;AT1201;CDG;CMN;;600;190;;1111111;Boeing 737 MAX 8;187;1;1;1;1;1;0;130;59;190
2447;AT;AT1202;CMN;CDG;;1060;180;;1111111;Boeing 737-800;184;1;1;1;0;0;0;154;59;180
2448;AT;AT1203;CDG;CMN;;1085;190;;1111111;Boeing 737-800;174;1;1;1;0;0;0;154;61;190
2449;AT;AT1204;CMN;ORY;;835;180;;1111111;Boeing 737 MAX 8;159;1;1;1;1;1;0;127;60;180
2450;AT;AT1205;ORY;CMN;;855;190;;1111111;Boeing 737 MAX 8;166;1;1;1;0;1;0;127;59;190
2451;AT;AT1206;CMN;NCE;;850;160;;1111111;Boeing 737 MAX 8;173;1;1;1;0;1;0;115;64;160
2452;AT;AT1207;NCE;CMN;;845;180;;1111111;Boeing 737 MAX 8;171;1;1;1;0;0;0;115;68;180
2453;AT;AT1208;CMN;LYS;;835;165;;1111111;Boeing 737 MAX 8;180;1;1;1;1;1;0;117;67;165
2454;AT;AT1209;LYS;CMN;;840;180;;1111111;Boeing 737 MAX 8;177;1;1;1;0;1;0;117;64;180
2455;AT;AT1210;CMN;MRS;;855;150;;1111111;Boeing 737 MAX 8;154;1;1;1;0;1;0;106;70;150
2456;AT;AT1211;MRS;CMN;;855;165;;1111111;Boeing 737 MAX 8;172;1;1;1;0;1;0;106;71;165
2457;AT;AT1212;CMN;TLS;;850;130;;1011111;Boeing 737-800;156;1;1;1;0;1;0;138;71;130
2458;AT;AT1213;TLS;CMN;;830;145;;1011111;Boeing 737-800;144;1;1;1;0;1;0;138;66;145
2459;AT;AT1214;CMN;BOD;;850;135;;1111101;Boeing 737-800;143;1;1;1;1;0;0;140;60;135
2460;AT;AT1215;BOD;CMN;;840;145;;1111101;Boeing 737-800;151;1;1;1;1;0;0;140;71;145
2461;AT;AT1216;CMN;NTE;;835;155;;1110110;Boeing 737-800;168;1;1;1;0;0;0;129;72;155
2462;AT;AT1217;NTE;CMN;;845;165;;1110110;Boeing 737-800;165;1;1;1;1;1;0;129;61;165
2463;AT;AT1218;CMN;LHR;;625;195;;1111111;Boeing 737 MAX 8;188;1;1;1;0;1;0;141;60;195
2464;AT;AT1219;LHR;CMN;;620;205;;1111111;Boeing 737 MAX 8;199;1;1;1;0;1;0;141;68;205
2465;AT;AT1220;CMN;LHR;;1070;195;;1111111;Boeing 737-800;171;1;1;1;0;0;0;168;66;195
2466;AT;AT1221;LHR;CMN;;1080;205;;1111111;Boeing 737-800;172;1;1;1;0;0;0;168;67;205
2467;AT;AT1222;CMN;LGW;;845;195;;1111111;Boeing 737 MAX 8;187;1;1;1;0;0;0;139;63;195
2468;AT;AT1223;LGW;CMN;;850;200;;1111111;Boeing 737 MAX 8;170;1;1;1;0;0;0;139;62;200
2469;AT;AT1224;CMN;AMS;;620;210;;1111111;Boeing 737-800;187;1;1;1;0;0;0;186;64;210
2470;AT;AT1225;AMS;CMN;;625;225;;1111111;Boeing 737-800;217;1;1;1;1;0;0;186;59;225
2471;AT;AT1226;CMN;AMS;;1070;210;;1111111;Boeing 737 MAX 8;194;1;1;1;1;1;0;156;58;210
2472;AT;AT1227;AMS;CMN;;1085;225;;1111111;Boeing 737 MAX 8;214;1;1;1;0;0;0;156;65;225
2473;AT;AT1228;CMN;FRA;;840;205;;1111111;Boeing 737-800;184;1;1;1;0;0;0;182;59;205
2474;AT;AT1229;FRA;CMN;;835;225;;1111111;Boeing 737-800;182;1;1;1;1;0;0;182;65;225
2475;AT;AT1230;CMN;MUC;;855;205;;1111111;Boeing 737-800;214;1;1;1;1;0;0;185;59;205
2476;AT;AT1231;MUC;CMN;;845;230;;1111111;Boeing 737-800;194;1;1;1;0;1;0;185;71;230
2477;AT;AT1232;CMN;BER;;830;225;;1111111;Boeing 737-800;227;1;1;1;0;0;0;216;71;225
2478;AT;AT1233;BER;CMN;;845;245;;1111111;Boeing 737-800;230;1;1;1;1;0;0;216;65;245
2479;AT;AT1234;CMN;MAD;;520;95;;1111111;Boeing 737 MAX 8;111;1;1;1;0;0;0;73;59;95
2480;AT;AT1235;MAD;CMN;;545;100;;1111111;Boeing 737 MAX 8;122;1;1;1;0;0;0;73;63;100
2481;AT;AT1236;CMN;MAD;;855;95;;1111111;Boeing 737-800;122;1;1;1;0;1;0;87;67;95
2482;AT;AT1237;MAD;CMN;;840;100;;1111111;Boeing 737-800;109;1;1;1;0;1;0;87;71;100
2483;AT;AT1238;CMN;MAD;;1150;95;;1111111;Boeing 737 MAX 8;107;1;1;1;1;1;0;73;64;95
2484;AT;AT1239;MAD;CMN;;1155;100;;1111111;Boeing 737 MAX 8;122;1;1;1;0;0;0;73;69;100
2485;AT;AT1240;CMN;BCN;;530;120;;1111111;Boeing 737-800;142;1;1;1;1;1;0;123;62;120
2486;AT;AT1241;BCN;CMN;;545;130;;1111111;Boeing 737-800;140;1;1;1;0;1;0;123;61;130
2487;AT;AT1242;CMN;BCN;;850;120;;1111111;Boeing 737 MAX 8;153;1;1;1;0;1;0;103;64;120
2488;AT;AT1243;BCN;CMN;;845;130;;1111111;Boeing 737 MAX 8;138;1;1;1;0;0;0;103;72;130
2489;AT;AT1244;CMN;BCN;;1155;120;;1111111;Boeing 737-800;147;1;1;1;0;1;0;123;63;120
2490;AT;AT1245;BCN;CMN;;1135;130;;1111111;Boeing 737-800;142;1;1;1;0;0;0;123;66;130
2491;AT;AT1246;CMN;LIS;;610;85;;1111111;Boeing 737 MAX 8;113;1;1;1;0;0;0;52;58;85
2492;AT;AT1247;LIS;CMN;;605;80;;1111111;Boeing 737 MAX 8;95;1;1;1;1;1;0;52;63;80
2493;AT;AT1248;CMN;LIS;;1080;85;;1111111;Boeing 737-800;110;1;1;1;0;0;0;62;65;85
2494;AT;AT1249;LIS;CMN;;1065;80;;1111111;Boeing 737-800;105;1;1;1;1;1;0;62;68;80
2495;AT;AT1250;CMN;FCO;;630;180;;1111111;Boeing 737 MAX 8;179;1;1;1;0;1;0;133;65;180
2496;AT;AT1251;FCO;CMN;;625;205;;1111111;Boeing 737 MAX 8;163;1;1;1;0;1;0;133;72;205
2497;AT;AT1252;CMN;FCO;;1060;180;;1111111;Boeing 737-800;165;1;1;1;0;0;0;158;72;180
2498;AT;AT1253;FCO;CMN;;1075;205;;1111111;Boeing 737-800;188;1;1;1;1;0;0;158;63;205
2499;AT;AT1254;CMN;MXP;;835;180;;1111111;Boeing 737-800;188;1;1;1;0;0;0;156;65;180
2500;AT;AT1255;MXP;CMN;;850;200;;1111111;Boeing 737-800;176;1;1;1;0;0;0;156;64;200
2501;AT;AT1256;CMN;ZRH;;850;190;;1111111;Boeing 737 MAX 8;178;1;1;1;0;1;0;139;67;190
2502;AT;AT1257;ZRH;CMN;;855;210;;1111111;Boeing 737 MAX 8;205;1;1;1;0;1;0;139;63;210
2503;AT;AT1258;CMN;GVA;;830;170;;1111111;Boeing 737 MAX 8;164;1;1;1;0;1;0;124;68;170
2504;AT;AT1259;GVA;CMN;;830;190;;1111111;Boeing 737 MAX 8;183;1;1;1;0;1;0;124;61;190
2505;AT;AT1260;CMN;BRU;;845;200;;1111111;Boeing 737-800;186;1;1;1;0;0;0;175;61;200
2506;AT;AT1261;BRU;CMN;;855;215;;1111111;Boeing 737-800;196;1;1;1;0;0;0;175;68;215
2507;AT;AT1262;CMN;VIE;;845;215;;1111111;Boeing 737 MAX 8;208;1;1;1;0;0;0;174;72;215
2508;AT;AT1263;VIE;CMN;;860;240;;1111111;Boeing 737 MAX 8;201;1;1;1;0;1;0;174;58;240
2509;AT;AT1264;CMN;CPH;;845;240;;1111111;Boeing 737-800;235;1;1;1;0;1;0;234;69;240
2510;AT;AT1265;CPH;CMN;;835;260;;1111111;Boeing 737-800;251;1;1;1;0;0;0;234;64;260
2511;AT;AT1266;CMN;DUB;;835;210;;1111111;Boeing 737-800;213;1;1;1;0;0;0;179;63;210
2512;AT;AT1267;DUB;CMN;;845;210;;1111111;Boeing 737-800;221;1;1;1;0;0;0;179;64;210
2513;AT;AT1268;CMN;IST;;600;260;;1111111;Boeing 737 MAX 8;290;1;1;1;1;1;0;222;60;260
2514;AT;AT1269;IST;CMN;;610;295;;1111111;Boeing 737 MAX 8;262;1;1;1;0;1;0;222;63;295
2515;AT;AT1270;CMN;IST;;1070;260;;1111111;Boeing 737-800;275;1;1;1;0;0;0;264;71;260
2516;AT;AT1271;IST;CMN;;1080;295;;1111111;Boeing 737-800;302;1;1;1;0;0;0;264;63;295
2517;AT;AT1272;CMN;TUN;;835;155;;1111111;Boeing 737-800;167;1;1;1;0;0;0;133;70;155
2518;AT;AT1273;TUN;CMN;;850;175;;1111111;Boeing 737-800;170;1;1;1;0;1;0;133;62;175
2519;AT;AT1274;CMN;CAI;;850;285;;1111111;Boeing 737-800;282;1;1;1;0;1;0;295;68;285
2520;AT;AT1275;CAI;CMN;;835;325;;1111111;Boeing 737-800;306;1;1;1;0;0;0;295;62;325
2521;AT;AT1276;CMN;DSS;;850;220;;1111111;Boeing 737 MAX 8;223;1;1;1;1;1;0;154;65;220
2522;AT;AT1277;DSS;CMN;;855;210;;1111111;Boeing 737 MAX 8;203;1;1;1;1;0;0;154;68;210
2523;AT;AT1278;CMN;ABJ;;835;265;;1111111;Boeing 737-800;296;1;1;1;0;0;0;252;65;265
2524;AT;AT1279;ABJ;CMN;;835;265;;1111111;Boeing 737-800;301;1;1;1;0;0;0;252;63;265
2525;AT;AT500;CMN;JNB;;810;590;;1010101;Boeing 787-9;443;1;1;1;0;1;0;416;66;590
2526;AT;AT501;JNB;CMN;;1325;605;;1101010;Boeing 787-9;434;1;1;1;0;1;1;416;67;605
2527;AT;AT502;CMN;DOH;;920;425;;1111101;Boeing 787-8;357;1;1;1;0;1;0;313;70;425
2528;AT;AT503;DOH;CMN;;435;495;;1111110;Boeing 787-8;424;1;1;1;0;1;0;313;59;495
2529;AT;AT504;CMN;JFK;;845;495;;1111111;Boeing 787-8;372;1;1;1;1;0;1;316;65;495
2530;AT;AT505;JFK;CMN;;1195;430;;1111111;Boeing 787-8;396;1;1;1;1;1;0;316;70;430
2531;AT;AT506;CMN;MIA;;850;590;;1010100;Boeing 787-8;458;1;1;1;0;1;1;379;64;590
2532;AT;AT507;MIA;CMN;;1185;510;;0101010;Boeing 787-8;479;1;1;1;0;1;1;379;64;510
2533;AT;AT508;CMN;YUL;;840;485;;1111111;Boeing 787-9;402;1;1;1;0;1;1;310;65;485
2534;AT;AT509;YUL;CMN;;1185;425;;1111111;Boeing 787-9;422;1;1;1;0;1;0;310;63;425
2535;AT;AT510;CMN;GRU;;830;600;;1111111;Boeing 787-9;484;1;1;1;1;1;0;412;70;600
2536;AT;AT511;GRU;CMN;;1210;580;;1111111;Boeing 787-9;463;1;1;1;0;1;1;412;72;580
2537;AT;AT1280;CMN;RAK;;625;45;;1111111;Boeing 737 MAX 8;82;1;1;1;0;1;0;17;69;45
2538;AT;AT1281;RAK;CMN;;625;45;;1111111;Boeing 737 MAX 8;75;1;1;1;0;1;0;17;60;45
2539;AT;AT1282;CMN;RAK;;1085;45;;1111111;Boeing 737-800;76;1;1;1;0;0;0;20;64;45
2540;AT;AT1283;RAK;CMN;;1075;45;;1111111;Boeing 737-800;76;1;1;1;0;0;0;20;60;45
2541;TU;TU1200;TUN;CDG;;515;150;;1111111;A320neo;137;1;1;1;0;0;0;125;53;150
2542;TU;TU1201;CDG;TUN;;510;140;;1111111;A320neo;161;1;1;1;0;0;0;125;57;140
2543;TU;TU1202;TUN;CDG;;830;150;;1111111;A319;146;1;1;1;0;0;0;149;50;150
2544;TU;TU1203;CDG;TUN;;815;140;;1111111;A319;145;1;1;1;0;0;0;149;58;140
2545;TU;TU1204;TUN;CDG;;1130;150;;1111111;A320neo;167;1;1;1;0;0;0;125;59;150
2546;TU;TU1205;CDG;TUN;;1130;140;;1111111;A320neo;139;1;1;1;0;0;0;125;49;140
2547;TU;TU1206;TUN;ORY;;590;150;;1111111;A320neo;172;1;1;1;0;1;0;123;51;150
2548;TU;TU1207;ORY;TUN;;605;140;;1111111;A320neo;172;1;1;1;0;0;0;123;50;140
2549;TU;TU1208;TUN;ORY;;1060;150;;1111111;A319;152;1;1;1;0;0;0;147;54;150
2550;TU;TU1209;ORY;TUN;;1050;140;;1111111;A319;145;1;1;1;0;1;0;147;53;140
2551;TU;TU1210;TUN;NCE;;600;100;;1111111;A320neo;119;1;1;1;0;1;0;67;60;100
2552;TU;TU1211;NCE;TUN;;595;95;;1111111;A320neo;129;1;1;1;0;1;0;67;58;95
2553;TU;TU1212;TUN;NCE;;1060;100;;1111111;A319;127;1;1;1;0;1;0;80;60;100
2554;TU;TU1213;NCE;TUN;;1070;95;;1111111;A319;115;1;1;1;0;0;0;80;59;95
2555;TU;TU1214;TUN;LYS;;835;115;;1111111;A320neo;145;1;1;1;0;1;0;90;59;115
2556;TU;TU1215;LYS;TUN;;815;110;;1111111;A320neo;119;1;1;1;0;1;0;90;56;110
2557;TU;TU1216;TUN;MRS;;835;100;;1111111;A320neo;105;1;1;1;0;0;0;71;60;100
2558;TU;TU1217;MRS;TUN;;835;90;;1111111;A320neo;115;1;1;1;0;1;0;71;51;90
2559;TU;TU1218;TUN;TLS;;825;115;;0110110;A319;139;1;1;1;0;1;0;106;49;115
2560;TU;TU1219;TLS;TUN;;840;105;;0110110;A319;153;1;1;1;0;0;0;106;55;105
2561;TU;TU1220;TUN;BOD;;815;135;;0111011;A319;150;1;1;1;0;0;0;128;53;135
2562;TU;TU1221;BOD;TUN;;835;120;;0111011;A319;154;1;1;1;0;1;0;128;49;120
2563;TU;TU1222;TUN;NTE;;825;160;;1111111;A319;157;1;1;1;0;1;0;120;61;160
2564;TU;TU1223;NTE;TUN;;820;145;;1111111;A319;149;1;1;1;0;0;0;120;55;145
2565;TU;TU1224;TUN;LHR;;600;185;;1111111;A320neo;165;1;1;1;0;1;0;123;51;185
2566;TU;TU1225;LHR;TUN;;605;170;;1111111;A320neo;192;1;1;1;0;0;0;123;50;170
2567;TU;TU1226;TUN;LHR;;1050;185;;1111111;A319;179;1;1;1;0;1;0;146;54;185
2568;TU;TU1227;LHR;TUN;;1060;170;;1111111;A319;187;1;1;1;0;0;0;146;54;170
2569;TU;TU1228;TUN;FRA;;600;145;;1111111;A319;155;1;1;1;0;0;0;147;48;145
2570;TU;TU1229;FRA;TUN;;590;145;;1111111;A319;151;1;1;1;0;0;0;147;60;145
2571;TU;TU1230;TUN;FRA;;1055;145;;1111111;A320neo;168;1;1;1;0;0;0;124;56;145
2572;TU;TU1231;FRA;TUN;;1060;145;;1111111;A320neo;145;1;1;1;0;0;0;124;58;145
2573;TU;TU1232;TUN;MUC;;610;130;;1111111;A319;146;1;1;1;0;0;0;129;52;130
2574;TU;TU1233;MUC;TUN;;610;130;;1111111;A319;161;1;1;1;0;0;0;129;49;130
2575;TU;TU1234;TUN;MUC;;1070;130;;1111111;A320neo;143;1;1;1;0;1;0;108;57;130
2576;TU;TU1235;MUC;TUN;;1065;130;;1111111;A320neo;142;1;1;1;0;1;0;108;60;130
2577;TU;TU1236;TUN;MAD;;610;135;;1111111;A320neo;148;1;1;1;0;0;0;106;58;135
2578;TU;TU1237;MAD;TUN;;595;120;;1111111;A320neo;150;1;1;1;0;1;0;106;51;120
2579;TU;TU1238;TUN;MAD;;1060;135;;1111111;A319;157;1;1;1;0;1;0;126;53;135
2580;TU;TU1239;MAD;TUN;;1055;120;;1111111;A319;142;1;1;1;0;0;0;126;54;120
2581;TU;TU1240;TUN;BCN;;585;100;;1111111;A319;126;1;1;1;0;0;0;86;59;100
2582;TU;TU1241;BCN;TUN;;585;90;;1111111;A319;121;1;1;1;0;0;0;86;48;90
2583;TU;TU1242;TUN;BCN;;1050;100;;1111111;A320neo;118;1;1;1;0;0;0;72;51;100
2584;TU;TU1243;BCN;TUN;;1050;90;;1111111;A320neo;112;1;1;1;0;1;0;72;61;90
2585;TU;TU1244;TUN;FCO;;585;80;;1111111;A320neo;95;1;1;1;0;0;0;48;56;80
2586;TU;TU1245;FCO;TUN;;595;80;;1111111;A320neo;97;1;1;1;0;1;0;48;56;80
2587;TU;TU1246;TUN;FCO;;1060;80;;1111111;A319;107;1;1;1;0;0;0;58;50;80
2588;TU;TU1247;FCO;TUN;;1055;80;;1111111;A319;103;1;1;1;0;0;0;58;55;80
2589;TU;TU1248;TUN;MXP;;580;105;;1111111;A319;124;1;1;1;0;0;0;98;49;105
2590;TU;TU1249;MXP;TUN;;600;105;;1111111;A319;124;1;1;1;0;0;0;98;60;105
2591;TU;TU1250;TUN;MXP;;1060;105;;1111111;A320neo;119;1;1;1;0;1;0;83;58;105
2592;TU;TU1251;MXP;TUN;;1060;105;;1111111;A320neo;136;1;1;1;0;0;0;83;52;105
2593;TU;TU1252;TUN;ZRH;;585;125;;1111111;A320neo;160;1;1;1;0;1;0;100;60;125
2594;TU;TU1253;ZRH;TUN;;605;120;;1111111;A320neo;155;1;1;1;0;1;0;100;52;120
2595;TU;TU1254;TUN;ZRH;;1060;125;;1111111;A319;134;1;1;1;0;0;0;119;58;125
2596;TU;TU1255;ZRH;TUN;;1060;120;;1111111;A319;149;1;1;1;0;0;0;119;55;120
2597;TU;TU1256;TUN;GVA;;825;115;;1111111;A320neo;150;1;1;1;0;1;0;92;58;115
2598;TU;TU1257;GVA;TUN;;815;110;;1111111;A320neo;137;1;1;1;0;1;0;92;54;110
2599;TU;TU1258;TUN;BRU;;825;165;;1111111;A319;171;1;1;1;0;1;0;130;54;165
2600;TU;TU1259;BRU;TUN;;830;160;;1111111;A319;169;1;1;1;0;0;0;130;53;160
2601;TU;TU1260;TUN;VIE;;820;130;;1111111;A320neo;167;1;1;1;0;0;0;114;57;130
2602;TU;TU1261;VIE;TUN;;815;140;;1111111;A320neo;141;1;1;1;0;1;0;114;49;140
2603;TU;TU1262;TUN;IST;;830;155;;1111111;A320neo;177;1;1;1;0;1;0;112;61;155
2604;TU;TU1263;IST;TUN;;830;175;;1111111;A320neo;182;1;1;1;0;1;0;112;61;175
2605;TU;TU1264;TUN;CMN;;835;175;;1111111;A320neo;173;1;1;1;0;0;0;112;59;175
2606;TU;TU1265;CMN;TUN;;825;155;;1111111;A320neo;171;1;1;1;0;1;0;112;50;155
2607;TU;TU1266;TUN;ALG;;830;90;;1111111;A320neo;109;1;1;1;0;1;0;52;54;90
2608;TU;TU1267;ALG;TUN;;830;80;;1111111;A320neo;110;1;1;1;0;0;0;52;52;80
2609;TU;TU1268;TUN;CAI;;830;185;;1111111;A319;197;1;1;1;0;1;0;168;54;185
2610;TU;TU1269;CAI;TUN;;825;215;;1111111;A319;169;1;1;1;0;1;0;168;49;215
2611;TU;TU1270;TUN;DSS;;820;320;;1111111;A320neo;304;1;1;1;0;1;0;246;56;320
2612;TU;TU1271;DSS;TUN;;840;285;;1111111;A320neo;290;1;1;1;0;1;0;246;54;285
2613;TU;TU1272;TUN;ABJ;;810;315;;1111111;A319;272;1;1;1;0;0;0;304;61;315
2614;TU;TU1273;ABJ;TUN;;825;310;;1111111;A319;326;1;1;1;0;0;0;304;61;310
2615;TU;TU500;TUN;YUL;;820;570;;1111111;A330-200;433;1;1;1;0;0;1;440;51;570
2616;TU;TU501;YUL;TUN;;1165;500;;1111111;A330-200;486;1;1;1;0;1;0;440;53;500
2617;AH;AH1000;ALG;CDG;;550;135;;1111111;A330-200;141;1;1;1;0;0;0;137;65;135
2618;AH;AH1001;CDG;ALG;;565;135;;1111111;A330-200;157;1;1;1;0;0;0;137;64;135
2619;AH;AH1002;ALG;CDG;;875;135;;1111111;Boeing 737-800;146;1;1;1;0;0;0;137;54;135
2620;AH;AH1003;CDG;ALG;;865;135;;1111111;Boeing 737-800;157;1;1;1;0;0;0;137;65;135
2621;AH;AH1004;ALG;CDG;;1170;135;;1111111;A330-200;135;1;1;1;0;0;0;137;56;135
2622;AH;AH1005;CDG;ALG;;1175;135;;1111111;A330-200;141;1;1;1;0;0;0;137;57;135
2623;AH;AH1006;ALG;ORY;;645;135;;1111111;A330-200;131;1;1;1;0;0;0;134;61;135
2624;AH;AH1007;ORY;ALG;;640;135;;1111111;A330-200;150;1;1;1;0;0;0;134;53;135
2625;AH;AH1008;ALG;ORY;;1085;135;;1111111;Boeing 737-800;158;1;1;1;0;0;0;134;60;135
2626;AH;AH1009;ORY;ALG;;1080;135;;1111111;Boeing 737-800;144;1;1;1;0;1;0;134;64;135
2627;AH;AH1010;ALG;NCE;;625;95;;1111111;A330-200;133;1;1;1;0;0;0;85;62;95
2628;AH;AH1011;NCE;ALG;;640;95;;1111111;A330-200;114;1;1;1;0;0;0;85;59;95
2629;AH;AH1012;ALG;NCE;;1100;95;;1111111;Boeing 737-800;123;1;1;1;0;0;0;85;57;95
2630;AH;AH1013;NCE;ALG;;1110;95;;1111111;Boeing 737-800;125;1;1;1;0;1;0;85;61;95
2631;AH;AH1014;ALG;LYS;;880;105;;1111111;A330-200;123;1;1;1;0;0;0;102;58;105
2632;AH;AH1015;LYS;ALG;;855;110;;1111111;A330-200;118;1;1;1;0;0;0;102;60;110
2633;AH;AH1016;ALG;MRS;;865;95;;1111111;A330-200;123;1;1;1;0;0;0;77;61;95
2634;AH;AH1017;MRS;ALG;;860;100;;1111111;A330-200;117;1;1;1;0;1;0;77;56;100
2635;AH;AH1018;ALG;TLS;;850;100;;1011101;Boeing 737-800;124;1;1;1;0;1;0;79;66;100
2636;AH;AH1019;TLS;ALG;;850;95;;1011101;Boeing 737-800;114;1;1;1;0;0;0;79;61;95
2637;AH;AH1020;ALG;BOD;;875;105;;1111110;Boeing 737-800;142;1;1;1;0;1;0;96;64;105
2638;AH;AH1021;BOD;ALG;;860;100;;1111110;Boeing 737-800;133;1;1;1;0;0;0;96;58;100
2639;AH;AH1022;ALG;NTE;;850;130;;1011111;Boeing 737-800;154;1;1;1;0;0;0;123;64;130
2640;AH;AH1023;NTE;ALG;;870;120;;1011111;Boeing 737-800;132;1;1;1;0;1;0;123;62;120
2641;AH;AH1024;ALG;LHR;;640;165;;1111111;A330-200;188;1;1;1;0;0;0;134;53;165
2642;AH;AH1025;LHR;ALG;;630;165;;1111111;A330-200;162;1;1;1;0;0;0;134;65;165
2643;AH;AH1026;ALG;LHR;;1085;165;;1111111;Boeing 737-800;157;1;1;1;0;0;0;134;66;165
2644;AH;AH1027;LHR;ALG;;1080;165;;1111111;Boeing 737-800;178;1;1;1;0;1;0;134;60;165
2645;AH;AH1028;ALG;FRA;;855;150;;1111111;Boeing 737-800;175;1;1;1;0;0;0;124;60;150
2646;AH;AH1029;FRA;ALG;;855;160;;1111111;Boeing 737-800;173;1;1;1;0;0;0;124;62;160
2647;AH;AH1030;ALG;MAD;;625;100;;1111111;A330-200;112;1;1;1;0;0;0;72;65;100
2648;AH;AH1031;MAD;ALG;;640;90;;1111111;A330-200;116;1;1;1;0;1;0;72;56;90
2649;AH;AH1032;ALG;MAD;;1085;100;;1111111;Boeing 737-800;116;1;1;1;0;0;0;72;65;100
2650;AH;AH1033;MAD;ALG;;1090;90;;1111111;Boeing 737-800;110;1;1;1;0;0;0;72;63;90
2651;AH;AH1034;ALG;BCN;;645;75;;1111111;Boeing 737-800;94;1;1;1;0;0;0;52;61;75
2652;AH;AH1035;BCN;ALG;;620;75;;1111111;Boeing 737-800;102;1;1;1;0;0;0;52;64;75
2653;AH;AH1036;ALG;BCN;;1100;75;;1111111;A330-200;104;1;1;1;0;1;0;52;59;75
2654;AH;AH1037;BCN;ALG;;1090;75;;1111111;A330-200;95;1;1;1;0;0;0;52;60;75
2655;AH;AH1038;ALG;FCO;;635;100;;1111111;A330-200;122;1;1;1;0;1;0;96;62;100
2656;AH;AH1039;FCO;ALG;;625;110;;1111111;A330-200;135;1;1;1;0;1;0;96;54;110
2657;AH;AH1040;ALG;FCO;;1100;100;;1111111;Boeing 737-800;123;1;1;1;0;0;0;96;67;100
2658;AH;AH1041;FCO;ALG;;1100;110;;1111111;Boeing 737-800;131;1;1;1;0;0;0;96;54;110
2659;AH;AH1042;ALG;MXP;;645;110;;1111111;Boeing 737-800;125;1;1;1;0;0;0;109;53;110
2660;AH;AH1043;MXP;ALG;;630;120;;1111111;Boeing 737-800;156;1;1;1;0;0;0;109;58;120
2661;AH;AH1044;ALG;MXP;;1090;110;;1111111;A330-200;136;1;1;1;0;0;0;109;61;110
2662;AH;AH1045;MXP;ALG;;1100;120;;1111111;A330-200;144;1;1;1;0;0;0;109;57;120
2663;AH;AH1046;ALG;GVA;;870;110;;1111111;A330-200;146;1;1;1;0;0;0;109;64;110
2664;AH;AH1047;GVA;ALG;;855;115;;1111111;A330-200;150;1;1;1;0;0;0;109;66;115
2665;AH;AH1048;ALG;BRU;;865;155;;1111111;Boeing 737-800;165;1;1;1;0;0;0;127;63;155
2666;AH;AH1049;BRU;ALG;;865;160;;1111111;Boeing 737-800;144;1;1;1;0;1;0;127;61;160
2667;AH;AH1050;ALG;IST;;875;200;;1111111;A330-200;171;1;1;1;0;0;0;180;55;200
2668;AH;AH1051;IST;ALG;;870;230;;1111111;A330-200;181;1;1;1;0;1;0;180;67;230
2669;AH;AH1052;ALG;TUN;;875;80;;1111111;Boeing 737-800;105;1;1;1;0;1;0;62;59;80
2670;AH;AH1053;TUN;ALG;;860;90;;1111111;Boeing 737-800;95;1;1;1;0;0;0;62;63;90
2671;AH;AH1054;ALG;CAI;;850;215;;1111111;Boeing 737-800;198;1;1;1;0;0;0;216;57;215
2672;AH;AH1055;CAI;ALG;;875;250;;1111111;Boeing 737-800;201;1;1;1;0;1;0;216;62;250
2673;AH;AH1056;ALG;DSS;;870;280;;1111111;A330-200;271;1;1;1;0;1;0;253;63;280
2674;AH;AH1057;DSS;ALG;;870;255;;1111111;A330-200;300;1;1;1;0;0;0;253;65;255
2675;AH;AH1058;ALG;ABJ;;875;295;;1111111;Boeing 737-800;322;1;1;1;0;0;0;286;61;295
2676;AH;AH1059;ABJ;ALG;;865;295;;1111111;Boeing 737-800;316;1;1;1;0;0;0;286;59;295
2677;AH;AH100;ALG;DXB;;945;380;;1111111;A330-900neo;384;1;1;1;0;1;1;277;61;380
2678;AH;AH101;DXB;ALG;;425;440;;1111111;A330-900neo;326;1;1;1;0;1;0;277;58;440
2679;AH;AH102;ALG;DOH;;935;360;;1001001;A330-900neo;311;1;1;1;0;0;1;258;64;360
2680;AH;AH103;DOH;ALG;;430;415;;1100100;A330-900neo;359;1;1;1;0;1;0;258;55;415
2681;AH;AH104;ALG;YUL;;845;530;;1111110;A330-900neo;385;1;1;1;0;1;0;343;67;530
2682;AH;AH105;YUL;ALG;;1215;465;;0111111;A330-900neo;397;1;1;1;0;1;1;343;56;465
2683;MS;MS1400;CAI;CDG;;595;280;;1111111;A220-300;262;1;1;1;0;1;0;216;73;280
2684;MS;MS1401;CDG;CAI;;610;255;;1111111;A220-300;248;1;1;1;1;1;0;216;73;255
2685;MS;MS1402;CAI;CDG;;1050;280;;1111111;Boeing 737-800;260;1;1;1;0;0;0;257;62;280
2686;MS;MS1403;CDG;CAI;;1050;255;;1111111;Boeing 737-800;266;1;1;1;0;0;0;257;62;255
2687;MS;MS1404;CAI;LHR;;590;305;;1111111;Boeing 737-800;299;1;1;1;0;0;0;283;67;305
2688;MS;MS1405;LHR;CAI;;600;275;;1111111;Boeing 737-800;278;1;1;1;0;0;0;283;71;275
2689;MS;MS1406;CAI;LHR;;1055;305;;1111111;A320neo;274;1;1;1;0;1;0;237;74;305
2690;MS;MS1407;LHR;CAI;;1060;275;;1111111;A320neo;308;1;1;1;0;1;0;237;74;275
2691;MS;MS1408;CAI;AMS;;605;285;;1111111;Boeing 737-800;256;1;1;1;1;0;0;263;66;285
2692;MS;MS1409;AMS;CAI;;605;260;;1111111;Boeing 737-800;260;1;1;1;0;1;0;263;69;260
2693;MS;MS1410;CAI;AMS;;1060;285;;1111111;A320neo;282;1;1;1;1;1;0;221;71;285
2694;MS;MS1411;AMS;CAI;;1055;260;;1111111;A320neo;293;1;1;1;0;1;0;221;72;260
2695;MS;MS1412;CAI;FRA;;825;260;;1111111;A320neo;227;1;1;1;0;1;0;196;65;260
2696;MS;MS1413;FRA;CAI;;835;235;;1111111;A320neo;211;1;1;1;1;1;0;196;62;235
2697;MS;MS1414;CAI;MUC;;845;235;;1111111;A320neo;201;1;1;1;0;1;0;176;75;235
2698;MS;MS1415;MUC;CAI;;820;215;;1111111;A320neo;224;1;1;1;0;0;0;176;62;215
2699;MS;MS1416;CAI;BER;;840;250;;1111111;A220-300;244;1;1;1;0;1;0;193;62;250
2700;MS;MS1417;BER;CAI;;825;235;;1111111;A220-300;233;1;1;1;0;0;0;193;73;235
2701;MS;MS1418;CAI;MAD;;600;300;;1111111;A220-300;264;1;1;1;1;0;0;225;75;300
2702;MS;MS1419;MAD;CAI;;600;260;;1111111;A220-300;303;1;1;1;0;0;0;225;73;260
2703;MS;MS1420;CAI;MAD;;1060;300;;1111111;Boeing 737-800;259;1;1;1;1;0;0;268;72;300
2704;MS;MS1421;MAD;CAI;;1070;260;;1111111;Boeing 737-800;274;1;1;1;1;0;0;268;73;260
2705;MS;MS1422;CAI;BCN;;605;260;;1111111;Boeing 737-800;237;1;1;1;0;0;0;233;65;260
2706;MS;MS1423;BCN;CAI;;605;230;;1111111;Boeing 737-800;240;1;1;1;1;0;0;233;63;230
2707;MS;MS1424;CAI;BCN;;1060;260;;1111111;A320neo;236;1;1;1;0;1;0;195;63;260
2708;MS;MS1425;BCN;CAI;;1075;230;;1111111;A320neo;219;1;1;1;0;1;0;195;63;230
2709;MS;MS1426;CAI;FCO;;600;215;;1111111;A220-300;178;1;1;1;0;1;0;145;70;215
2710;MS;MS1427;FCO;CAI;;605;190;;1111111;A220-300;193;1;1;1;1;1;0;145;68;190
2711;MS;MS1428;CAI;FCO;;1070;215;;1111111;Boeing 737-800;194;1;1;1;0;0;0;172;73;215
2712;MS;MS1429;FCO;CAI;;1070;190;;1111111;Boeing 737-800;197;1;1;1;1;0;0;172;67;190
2713;MS;MS1430;CAI;MXP;;825;235;;1111111;Boeing 737-800;227;1;1;1;0;1;0;209;71;235
2714;MS;MS1431;MXP;CAI;;825;215;;1111111;Boeing 737-800;213;1;1;1;0;0;0;209;73;215
2715;MS;MS1432;CAI;ZRH;;840;245;;1111111;A220-300;196;1;1;1;0;1;0;184;63;245
2716;MS;MS1433;ZRH;CAI;;840;220;;1111111;A220-300;206;1;1;1;0;1;0;184;72;220
2717;MS;MS1434;CAI;GVA;;830;255;;1111111;A220-300;254;1;1;1;0;1;0;190;66;255
2718;MS;MS1435;GVA;CAI;;840;225;;1111111;A220-300;253;1;1;1;1;0;0;190;63;225
2719;MS;MS1436;CAI;BRU;;830;280;;1111111;Boeing 737-800;278;1;1;1;0;0;0;257;65;280
2720;MS;MS1437;BRU;CAI;;825;255;;1111111;Boeing 737-800;282;1;1;1;1;1;0;257;71;255
2721;MS;MS1438;CAI;VIE;;840;230;;1111111;A320neo;214;1;1;1;0;1;0;159;62;230
2722;MS;MS1439;VIE;CAI;;830;210;;1111111;A320neo;182;1;1;1;1;1;0;159;67;210
2723;MS;MS1440;CAI;CPH;;845;275;;1111111;Boeing 737-800;276;1;1;1;1;0;0;256;62;275
2724;MS;MS1441;CPH;CAI;;825;255;;1111111;Boeing 737-800;257;1;1;1;0;1;0;256;64;255
2725;MS;MS1442;CAI;ATH;;605;120;;1111111;A320neo;139;1;1;1;0;1;0;93;67;120
2726;MS;MS1443;ATH;CAI;;595;110;;1111111;A320neo;130;1;1;1;0;1;0;93;68;110
2727;MS;MS1444;CAI;ATH;;1070;120;;1111111;A220-300;154;1;1;1;1;0;0;93;74;120
2728;MS;MS1445;ATH;CAI;;1070;110;;1111111;A220-300;148;1;1;1;1;1;0;93;71;110
2729;MS;MS1446;CAI;IST;;535;130;;1111111;A220-300;128;1;1;1;0;1;0;106;68;130
2730;MS;MS1447;IST;CAI;;535;125;;1111111;A220-300;147;1;1;1;0;1;0;106;64;125
2731;MS;MS1448;CAI;IST;;835;130;;1111111;Boeing 737-800;139;1;1;1;0;1;0;126;62;130
2732;MS;MS1449;IST;CAI;;840;125;;1111111;Boeing 737-800;129;1;1;1;0;1;0;126;67;125
2733;MS;MS1450;CAI;IST;;1130;130;;1111111;A320neo;152;1;1;1;0;0;0;106;68;130
2734;MS;MS1451;IST;CAI;;1140;125;;1111111;A320neo;152;1;1;1;1;1;0;106;70;125
2735;MS;MS1452;CAI;CMN;;825;325;;1111111;A220-300;314;1;1;1;0;1;0;248;75;325
2736;MS;MS1453;CMN;CAI;;820;285;;1111111;A220-300;273;1;1;1;0;1;0;248;74;285
2737;MS;MS1454;CAI;TUN;;825;215;;1111111;A320neo;192;1;1;1;1;0;0;141;63;215
2738;MS;MS1455;TUN;CAI;;820;185;;1111111;A320neo;183;1;1;1;0;1;0;141;73;185
2739;MS;MS1456;CAI;ALG;;845;250;;1111111;A220-300;231;1;1;1;0;1;0;182;69;250
2740;MS;MS1457;ALG;CAI;;825;215;;1111111;A220-300;198;1;1;1;0;1;0;182;62;215
2741;MS;MS600;CAI;DSS;;800;455;;1111110;Boeing 777-300ER;399;1;1;1;0;1;1;340;70;455
2742;MS;MS601;DSS;CAI;;1325;395;;0111111;Boeing 777-300ER;360;1;1;1;0;1;1;340;64;395
2743;MS;MS602;CAI;ABJ;;805;385;;1111101;Boeing 777-300ER;337;1;1;1;1;1;1;300;63;385
2744;MS;MS603;ABJ;CAI;;1320;370;;1111110;Boeing 777-300ER;373;1;1;1;0;1;0;300;64;370
2745;MS;MS604;CAI;JNB;;815;500;;1111111;Boeing 787-9;394;1;1;1;0;1;0;342;69;500
2746;MS;MS605;JNB;CAI;;1325;495;;1111111;Boeing 787-9;429;1;1;1;0;1;1;342;73;495
2747;MS;MS1458;CAI;DXB;;590;210;;1111111;Boeing 737-800;200;1;1;1;1;0;0;193;63;210
2748;MS;MS1459;DXB;CAI;;615;240;;1111111;Boeing 737-800;201;1;1;1;1;0;0;193;72;240
2749;MS;MS1460;CAI;DXB;;1075;210;;1111111;A320neo;220;1;1;1;0;1;0;162;74;210
2750;MS;MS1461;DXB;CAI;;1060;240;;1111111;A320neo;207;1;1;1;1;0;0;162;61;240
2751;MS;MS1462;CAI;DOH;;845;180;;1111111;Boeing 737-800;183;1;1;1;0;0;0;165;73;180
2752;MS;MS1463;DOH;CAI;;835;210;;1111111;Boeing 737-800;204;1;1;1;0;1;0;165;74;210
2753;MS;MS606;CAI;DEL;;1155;335;;0101010;Boeing 777-300ER;324;1;1;1;1;0;0;286;71;335
2754;MS;MS607;DEL;CAI;;615;390;;0010101;Boeing 777-300ER;326;1;1;1;0;1;0;286;71;390
2755;MS;MS608;CAI;BKK;;1170;555;;1111111;A330-300;456;1;1;1;0;1;0;473;64;555
2756;MS;MS609;BKK;CAI;;625;585;;1111111;A330-300;465;1;1;1;0;1;0;473;73;585
2757;MS;MS610;CAI;ICN;;1155;720;;0101010;Boeing 787-9;493;1;1;1;1;1;1;460;63;720
2758;MS;MS611;ICN;CAI;;610;820;;0010101;Boeing 787-9;473;1;1;1;0;1;0;460;67;820
2759;MS;MS612;CAI;HND;;1170;810;;1111111;Boeing 787-9;591;1;1;1;0;1;0;522;64;810
2760;MS;MS613;HND;CAI;;605;920;;1111111;Boeing 787-9;560;1;1;1;1;1;1;522;65;920
2761;MS;MS614;CAI;JFK;;825;745;;1111111;Boeing 787-9;551;1;1;1;0;1;1;492;64;745
2762;MS;MS615;JFK;CAI;;1175;655;;1111111;Boeing 787-9;537;1;1;1;0;1;0;492;74;655
2763;MS;MS616;CAI;YUL;;825;720;;1111111;A330-300;506;1;1;1;0;1;0;567;69;720
2764;MS;MS617;YUL;CAI;;1180;635;;1111111;A330-300;528;1;1;1;0;0;0;567;65;635
2765;HF;HF400;ABJ;CDG;;1345;395;;1111111;A330-900neo;370;1;1;1;0;1;1;268;60;395
2766;HF;HF401;CDG;ABJ;;840;405;;1111111;A330-900neo;405;1;1;1;0;1;0;268;62;405
2767;HF;HF1000;ABJ;DSS;;855;175;;1111111;A320neo;200;1;1;0;0;1;0;119;72;175
2768;HF;HF1001;DSS;ABJ;;855;170;;1111111;A320neo;178;1;1;0;0;0;0;119;66;170
2769;HF;HF1002;ABJ;CMN;;840;265;;1111111;A320neo;319;1;1;0;0;1;0;212;59;265
2770;HF;HF1003;CMN;ABJ;;855;265;;1111111;A320neo;286;1;1;0;0;1;0;212;70;265
2771;HF;HF1004;ABJ;TUN;;845;310;;1111111;A319;366;1;1;0;0;0;0;304;64;310
2772;HF;HF1005;TUN;ABJ;;860;315;;1111111;A319;366;1;1;0;0;0;0;304;58;315
2773;HF;HF402;ABJ;JNB;;910;390;;1111111;A330-900neo;439;1;1;1;0;1;0;269;68;390
2774;HF;HF403;JNB;ABJ;;930;410;;1111111;A330-900neo;406;1;1;1;0;1;0;269;64;410
2775;DL;DL014;JFK;CDG;;1040;440;;1111111;A350-900;449;1;1;1;1;1;1;319;85;440
2776;DL;DL015;CDG;JFK;;645;500;;1111111;A350-900;407;1;1;1;1;1;1;319;79;500
2777;DL;DL016;JFK;CDG;;1170;440;;1111111;A330-900neo;399;1;1;1;0;1;1;319;82;440
2778;DL;DL017;CDG;JFK;;795;500;;1111111;A330-900neo;441;1;1;1;1;1;1;319;82;500
2779;DL;DL018;JFK;CDG;;1305;440;;1111111;Boeing 767-400ER;405;1;1;1;0;1;1;436;89;440
2780;DL;DL019;CDG;JFK;;965;500;;1111111;Boeing 767-400ER;410;1;1;1;1;1;1;436;89;500
2781;DL;DL020;JFK;NCE;;1165;480;;1111111;Boeing 767-400ER;510;1;1;1;1;1;1;479;90;480
2782;DL;DL021;NCE;JFK;;810;545;;1111111;Boeing 767-400ER;535;1;1;1;0;1;1;479;85;545
2783;DL;DL022;JFK;LHR;;1075;420;;1111111;Boeing 767-400ER;412;1;1;1;1;1;1;414;89;420
2784;DL;DL023;LHR;JFK;;690;480;;1111111;Boeing 767-400ER;398;1;1;1;1;1;1;414;84;480
2785;DL;DL024;JFK;LHR;;1255;420;;1111111;A350-900;445;1;1;1;1;1;1;303;91;420
2786;DL;DL025;LHR;JFK;;915;480;;1111111;A350-900;422;1;1;1;1;1;1;303;88;480
2787;DL;DL026;JFK;AMS;;1055;440;;1111111;A330-900neo;455;1;1;1;1;1;1;319;80;440
2788;DL;DL027;AMS;JFK;;705;505;;1111111;A330-900neo;412;1;1;1;1;1;1;319;81;505
2789;DL;DL028;JFK;AMS;;1270;440;;1111111;Boeing 767-400ER;487;1;1;1;1;1;1;437;77;440
2790;DL;DL029;AMS;JFK;;920;505;;1111111;Boeing 767-400ER;405;1;1;1;1;1;1;437;81;505
2791;DL;DL030;JFK;BER;;1180;480;;1111111;A350-900;550;1;1;1;1;1;1;349;78;480
2792;DL;DL031;BER;JFK;;800;545;;1111111;A350-900;448;1;1;1;1;1;1;349;77;545
2793;DL;DL032;JFK;MAD;;1070;430;;1111111;A350-900;479;1;1;1;1;1;1;315;84;430
2794;DL;DL033;MAD;JFK;;700;495;;1111111;A350-900;414;1;1;1;1;1;1;315;90;495
2795;DL;DL034;JFK;MAD;;1265;430;;1111111;A330-900neo;451;1;1;1;1;1;1;315;79;430
2796;DL;DL035;MAD;JFK;;935;495;;1111111;A330-900neo;427;1;1;1;1;1;1;315;86;495
2797;DL;DL036;JFK;BCN;;1080;460;;1111111;A350-900;450;1;1;1;0;1;1;336;79;460
2798;DL;DL037;BCN;JFK;;705;525;;1111111;A350-900;443;1;1;1;1;1;1;336;78;525
2799;DL;DL038;JFK;BCN;;1250;460;;1111111;A330-900neo;504;1;1;1;1;1;1;336;91;460
2800;DL;DL039;BCN;JFK;;910;525;;1111111;A330-900neo;472;1;1;1;1;1;1;336;84;525
2801;DL;DL040;JFK;LIS;;1065;405;;1111111;Boeing 767-400ER;450;1;1;1;1;1;1;404;78;405
2802;DL;DL041;LIS;JFK;;700;465;;1111111;Boeing 767-400ER;409;1;1;1;1;1;1;404;88;465
2803;DL;DL042;JFK;LIS;;1270;405;;1111111;A350-900;452;1;1;1;1;1;1;295;90;405
2804;DL;DL043;LIS;JFK;;915;465;;1111111;A350-900;387;1;1;1;1;1;1;295;84;465
2805;DL;DL044;JFK;FCO;;1080;510;;1111111;Boeing 767-400ER;482;1;1;1;1;1;1;513;90;510
2806;DL;DL045;FCO;JFK;;705;580;;1111111;Boeing 767-400ER;496;1;1;1;1;1;1;513;79;580
2807;DL;DL046;JFK;FCO;;1275;510;;1111111;A350-900;530;1;1;1;1;0;1;375;89;510
2808;DL;DL047;FCO;JFK;;915;580;;1111111;A350-900;530;1;1;1;1;1;1;375;79;580
2809;DL;DL048;JFK;MXP;;1160;480;;1111111;Boeing 767-400ER;517;1;1;1;1;1;1;479;88;480
2810;DL;DL049;MXP;JFK;;800;545;;1111111;Boeing 767-400ER;443;1;1;1;1;1;1;479;86;545
2811;DL;DL050;JFK;ZRH;;1165;475;;1111111;A350-900;485;1;1;1;1;1;1;345;87;475
2812;DL;DL051;ZRH;JFK;;815;540;;1111111;A350-900;523;1;1;1;1;1;1;345;83;540
2813;DL;DL052;JFK;BRU;;1175;445;;1111111;A330-900neo;491;1;1;1;1;1;1;321;89;445
2814;DL;DL053;BRU;JFK;;820;505;;1111111;A330-900neo;451;1;1;1;1;1;1;321;81;505
2815;DL;DL054;JFK;CPH;;1170;470;;1111111;A330-900neo;489;1;1;1;1;1;1;338;85;470
2816;DL;DL055;CPH;JFK;;815;530;;1111111;A330-900neo;425;1;1;1;1;1;1;338;81;530
2817;DL;DL056;JFK;DUB;;1160;390;;1111111;A350-900;395;1;1;1;1;0;1;279;89;390
2818;DL;DL057;DUB;JFK;;825;445;;1111111;A350-900;417;1;1;1;1;1;1;279;89;445
2819;DL;DL058;JFK;PRG;;1175;490;;1111111;Boeing 767-400ER;548;1;1;1;1;1;1;490;87;490
2820;DL;DL059;PRG;JFK;;800;555;;1111111;Boeing 767-400ER;526;1;1;1;1;1;1;490;88;555
2821;DL;DL060;JFK;ATH;;1180;585;;1111111;Boeing 767-400ER;502;1;1;1;1;0;1;593;82;585
2822;DL;DL061;ATH;JFK;;805;660;;1111111;Boeing 767-400ER;598;1;1;1;1;1;1;593;87;660
2823;DL;DL062;JFK;IST;;1080;590;;1111111;A330-900neo;587;1;1;1;1;1;1;438;80;590
2824;DL;DL063;IST;JFK;;690;670;;1111111;A330-900neo;616;1;1;1;1;1;1;438;82;670
2825;DL;DL064;JFK;IST;;1275;590;;1111111;Boeing 767-400ER;591;1;1;1;1;1;1;600;85;590
2826;DL;DL065;IST;JFK;;915;670;;1111111;Boeing 767-400ER;614;1;1;1;0;1;1;600;86;670
2827;DL;DL066;JFK;DSS;;1310;455;;1111111;A350-900;485;1;1;1;1;1;1;336;90;455
2828;DL;DL067;DSS;JFK;;115;520;;1111111;A350-900;482;1;1;1;1;0;1;336;81;520
2829;DL;DL068;JFK;JNB;;1325;955;;1111111;Boeing 767-400ER;909;1;1;1;1;1;1;959;90;955
2830;DL;DL069;JNB;JFK;;110;1005;;1111111;Boeing 767-400ER;891;1;1;1;1;1;1;959;83;1005
2831;DL;DL070;JFK;DEL;;790;870;;1111111;A330-900neo;739;1;1;1;1;1;1;642;87;870
2832;DL;DL071;DEL;JFK;;1090;930;;1111111;A330-900neo;768;1;1;1;1;1;1;642;84;930
2833;DL;DL072;JFK;ICN;;790;870;;1111111;A350-900;720;1;1;1;1;1;1;606;77;870
2834;DL;DL073;ICN;JFK;;1090;835;;1111111;A350-900;759;1;1;1;1;1;1;606;77;835
2835;DL;DL074;JFK;HND;;680;865;;1111111;Boeing 767-400ER;630;1;1;1;1;1;1;813;88;865
2836;DL;DL075;HND;JFK;;1025;810;;1111111;Boeing 767-400ER;708;1;1;1;1;0;1;813;90;810
2837;DL;DL076;JFK;HND;;1320;865;;1111111;A350-900;704;1;1;1;1;1;1;594;84;865
2838;DL;DL077;HND;JFK;;1180;810;;1111111;A350-900;717;1;1;1;1;1;1;594;79;810
2839;DL;DL1400;JFK;LAX;;415;350;;1111111;Boeing 767-400ER;329;1;0;0;1;0;1;366;82;350
2840;DL;DL1401;LAX;JFK;;400;305;;1111111;Boeing 767-400ER;364;1;0;0;1;0;1;366;84;305
2841;DL;DL1402;JFK;LAX;;520;350;;1111111;A350-900;372;1;0;0;1;1;1;267;82;350
2842;DL;DL1403;LAX;JFK;;540;305;;1111111;A350-900;331;1;0;0;1;1;1;267;79;305
2843;DL;DL1404;JFK;LAX;;640;350;;1111111;A330-900neo;373;1;0;0;0;0;1;267;86;350
2844;DL;DL1405;LAX;JFK;;630;305;;1111111;A330-900neo;388;1;0;0;1;1;1;267;84;305
2845;DL;DL1406;JFK;LAX;;740;350;;1111111;Boeing 767-400ER;387;1;0;0;1;0;1;366;85;350
2846;DL;DL1407;LAX;JFK;;745;305;;1111111;Boeing 767-400ER;353;1;0;0;1;0;1;366;83;305
2847;DL;DL1408;JFK;LAX;;885;350;;1111111;A350-900;362;1;0;0;1;1;1;267;89;350
2848;DL;DL1409;LAX;JFK;;875;305;;1111111;A350-900;319;1;0;0;1;1;1;267;81;305
2849;DL;DL1410;JFK;LAX;;970;350;;1111111;A330-900neo;383;1;0;0;1;1;1;267;78;350
2850;DL;DL1411;LAX;JFK;;980;305;;1111111;A330-900neo;333;1;0;0;1;0;1;267;88;305
2851;DL;DL1412;JFK;LAX;;1115;350;;1111111;Boeing 767-400ER;356;1;0;0;1;0;1;366;85;350
2852;DL;DL1413;LAX;JFK;;1095;305;;1111111;Boeing 767-400ER;370;1;0;0;1;0;1;366;90;305
2853;DL;DL1414;JFK;LAX;;1230;350;;1111111;A350-900;365;1;0;0;1;0;1;267;82;350
2854;DL;DL1415;LAX;JFK;;1230;305;;1111111;A350-900;343;1;0;0;1;1;1;267;90;305
2855;DL;DL1416;JFK;SFO;;570;370;;1111111;A330-900neo;380;1;0;0;1;1;1;279;87;370
2856;DL;DL1417;SFO;JFK;;585;320;;1111111;A330-900neo;344;1;0;0;1;0;1;279;81;320
2857;DL;DL1418;JFK;SFO;;1050;370;;1111111;Boeing 767-400ER;388;1;0;0;1;0;1;382;81;370
2858;DL;DL1419;SFO;JFK;;1055;320;;1111111;Boeing 767-400ER;387;1;0;0;1;0;1;382;87;320
2859;DL;DL1420;JFK;MIA;;570;175;;1111111;Boeing 757-200;189;1;0;0;1;0;1;162;77;175
2860;DL;DL1421;MIA;JFK;;590;170;;1111111;Boeing 757-200;184;1;0;0;1;1;1;162;86;170
2861;DL;DL1422;JFK;MIA;;1050;175;;1111111;A321neo;182;1;0;0;1;1;1;118;87;175
2862;DL;DL1423;MIA;JFK;;1060;170;;1111111;A321neo;195;1;0;0;1;0;1;118;85;170
2863;DL;DL1424;JFK;YUL;;470;75;;1111111;A321neo;125;1;0;0;1;0;1;45;83;75
2864;DL;DL1425;YUL;JFK;;455;75;;1111111;A321neo;111;1;0;0;1;1;1;45;88;75
2865;DL;DL1426;JFK;YUL;;710;75;;1111111;Boeing 757-200;111;1;0;0;1;0;1;62;77;75
2866;DL;DL1427;YUL;JFK;;700;75;;1111111;Boeing 757-200;127;1;0;0;1;0;1;62;77;75
2867;DL;DL1428;JFK;YUL;;925;75;;1111111;A321neo;107;1;0;0;1;1;1;45;86;75
2868;DL;DL1429;YUL;JFK;;935;75;;1111111;A321neo;113;1;0;0;1;1;1;45;89;75
2869;DL;DL1430;JFK;YUL;;1150;75;;1111111;Boeing 757-200;126;1;0;0;1;0;1;62;89;75
2870;DL;DL1431;YUL;JFK;;1160;75;;1111111;Boeing 757-200;119;1;0;0;1;0;1;62;89;75
2871;DL;DL1432;JFK;MEX;;595;295;;1111111;A321neo;291;1;0;0;0;0;1;226;84;295
2872;DL;DL1433;MEX;JFK;;590;270;;1111111;A321neo;314;1;0;0;1;0;1;226;90;270
2873;DL;DL1434;JFK;MEX;;1045;295;;1111111;Boeing 757-200;298;1;0;0;1;1;1;310;91;295
2874;DL;DL1435;MEX;JFK;;1035;270;;1111111;Boeing 757-200;324;1;0;0;1;0;1;310;86;270
2875;DL;DL1436;JFK;CUN;;570;225;;1111111;A321neo;233;1;0;0;1;1;1;168;85;225
2876;DL;DL1437;CUN;JFK;;585;210;;1111111;A321neo;218;1;0;0;1;1;1;168;81;210
2877;DL;DL1438;JFK;CUN;;1035;225;;1111111;Boeing 757-200;253;1;0;0;1;0;1;231;89;225
2878;DL;DL1439;CUN;JFK;;1035;210;;1111111;Boeing 757-200;242;1;0;0;1;0;1;231;89;210
2879;DL;DL078;JFK;GRU;;885;595;;1111111;A350-900;588;1;1;1;1;1;1;418;85;595
2880;DL;DL079;GRU;JFK;;895;605;;1111111;A350-900;528;1;1;1;0;1;1;418;89;605
2881;DL;DL080;JFK;EZE;;875;660;;1010101;A350-900;571;1;1;1;1;1;1;466;77;660
2882;DL;DL081;EZE;JFK;;875;670;;1101010;A350-900;592;1;1;1;1;1;1;466;86;670
2883;AA;AA014;JFK;LHR;;1060;420;;1111111;Boeing 777-200ER;377;1;1;1;1;1;1;414;70;420
2884;AA;AA015;LHR;JFK;;675;480;;1111111;Boeing 777-200ER;424;1;1;1;1;1;1;414;69;480
2885;AA;AA016;JFK;LHR;;1140;420;;1111111;Boeing 777-300ER;403;1;1;1;1;1;1;360;77;420
2886;AA;AA017;LHR;JFK;;755;480;;1111111;Boeing 777-300ER;380;1;1;1;0;1;1;360;75;480
2887;AA;AA018;JFK;LHR;;1205;420;;1111111;Boeing 787-9;445;1;1;1;1;1;1;303;68;420
2888;AA;AA019;LHR;JFK;;850;480;;1111111;Boeing 787-9;401;1;1;1;1;1;1;303;69;480
2889;AA;AA020;JFK;LHR;;1275;420;;1111111;Boeing 777-200ER;448;1;1;1;1;1;1;414;81;420
2890;AA;AA021;LHR;JFK;;925;480;;1111111;Boeing 777-200ER;434;1;1;1;1;1;1;414;76;480
2891;AA;AA022;JFK;LHR;;1375;420;;1111111;Boeing 777-300ER;382;1;1;1;0;1;1;360;81;420
2892;AA;AA023;LHR;JFK;;1040;480;;1111111;Boeing 777-300ER;398;1;1;1;1;1;1;360;70;480
2893;AA;AA024;JFK;CDG;;1100;440;;1111111;Boeing 777-300ER;386;1;1;1;0;1;1;379;71;440
2894;AA;AA025;CDG;JFK;;730;500;;1111111;Boeing 777-300ER;438;1;1;1;1;1;1;379;74;500
2895;AA;AA026;JFK;CDG;;1300;440;;1111111;Boeing 787-9;441;1;1;1;1;1;1;319;74;440
2896;AA;AA027;CDG;JFK;;975;500;;1111111;Boeing 787-9;409;1;1;1;1;1;1;319;80;500
2897;AA;AA028;JFK;MAD;;1120;430;;1111111;Boeing 777-300ER;424;1;1;1;1;1;1;375;70;430
2898;AA;AA029;MAD;JFK;;725;495;;1111111;Boeing 777-300ER;393;1;1;1;1;1;1;375;81;495
2899;AA;AA030;JFK;MAD;;1300;430;;1111111;Boeing 787-9;460;1;1;1;1;1;1;315;72;430
2900;AA;AA031;MAD;JFK;;950;495;;1111111;Boeing 787-9;396;1;1;1;0;1;1;315;70;495
2901;AA;AA032;JFK;BCN;;1100;460;;1111111;Boeing 777-300ER;431;1;1;1;1;1;1;400;79;460
2902;AA;AA033;BCN;JFK;;745;525;;1111111;Boeing 777-300ER;448;1;1;1;1;1;1;400;80;525
2903;AA;AA034;JFK;BCN;;1295;460;;1111111;Boeing 787-9;477;1;1;1;1;1;1;336;76;460
2904;AA;AA035;BCN;JFK;;960;525;;1111111;Boeing 787-9;488;1;1;1;1;1;1;336;71;525
2905;AA;AA036;JFK;FCO;;1125;510;;1111111;Boeing 777-200ER;522;1;1;1;1;1;1;513;74;510
2906;AA;AA037;FCO;JFK;;740;580;;1111111;Boeing 777-200ER;541;1;1;1;1;0;1;513;73;580
2907;AA;AA038;JFK;FCO;;1295;510;;1111111;Boeing 777-300ER;440;1;1;1;0;1;1;446;81;510
2908;AA;AA039;FCO;JFK;;955;580;;1111111;Boeing 777-300ER;544;1;1;1;1;1;1;446;81;580
2909;AA;AA040;JFK;MXP;;1220;480;;1111111;Boeing 777-200ER;497;1;1;1;1;1;1;479;68;480
2910;AA;AA041;MXP;JFK;;855;545;;1111111;Boeing 777-200ER;531;1;1;1;1;1;1;479;74;545
2911;AA;AA042;JFK;ATH;;1210;585;;1111111;Boeing 777-200ER;572;1;1;1;1;1;1;593;74;585
2912;AA;AA043;ATH;JFK;;860;660;;1111111;Boeing 777-200ER;591;1;1;1;0;1;1;593;82;660
2913;AA;AA044;JFK;DUB;;1195;390;;1111111;Boeing 777-300ER;379;1;1;1;1;1;1;332;80;390
2914;AA;AA045;DUB;JFK;;835;445;;1111111;Boeing 777-300ER;390;1;1;1;1;0;1;332;69;445
2915;AA;AA1000;JFK;LAX;;455;350;;1111111;Boeing 777-200ER;327;1;0;0;1;1;1;366;71;350
2916;AA;AA1001;LAX;JFK;;450;305;;1111111;Boeing 777-200ER;369;1;0;0;0;0;1;366;80;305
2917;AA;AA1002;JFK;LAX;;580;350;;1111111;Boeing 777-300ER;378;1;0;0;1;0;1;318;82;350
2918;AA;AA1003;LAX;JFK;;555;305;;1111111;Boeing 777-300ER;331;1;0;0;1;1;1;318;81;305
2919;AA;AA1004;JFK;LAX;;695;350;;1111111;Boeing 787-9;336;1;0;0;0;0;1;267;73;350
2920;AA;AA1005;LAX;JFK;;685;305;;1111111;Boeing 787-9;388;1;0;0;1;1;1;267;77;305
2921;AA;AA1006;JFK;LAX;;790;350;;1111111;Boeing 777-200ER;357;1;0;0;1;1;1;366;79;350
2922;AA;AA1007;LAX;JFK;;800;305;;1111111;Boeing 777-200ER;321;1;0;0;1;1;1;366;68;305
2923;AA;AA1008;JFK;LAX;;910;350;;1111111;Boeing 777-300ER;315;1;0;0;0;1;1;318;75;350
2924;AA;AA1009;LAX;JFK;;895;305;;1111111;Boeing 777-300ER;354;1;0;0;1;1;1;318;75;305
2925;AA;AA1010;JFK;LAX;;1020;350;;1111111;Boeing 787-9;320;1;0;0;1;1;1;267;74;350
2926;AA;AA1011;LAX;JFK;;1030;305;;1111111;Boeing 787-9;341;1;0;0;0;1;1;267;81;305
2927;AA;AA1012;JFK;LAX;;1145;350;;1111111;Boeing 777-200ER;363;1;0;0;1;0;1;366;72;350
2928;AA;AA1013;LAX;JFK;;1130;305;;1111111;Boeing 777-200ER;367;1;0;0;1;0;1;366;71;305
2929;AA;AA1014;JFK;LAX;;1265;350;;1111111;Boeing 777-300ER;315;1;0;0;1;0;1;318;74;350
2930;AA;AA1015;LAX;JFK;;1250;305;;1111111;Boeing 777-300ER;355;1;0;0;1;0;1;318;73;305
2931;AA;AA1016;JFK;SFO;;630;370;;1111111;Boeing 787-9;361;1;0;0;1;0;1;279;71;370
2932;AA;AA1017;SFO;JFK;;620;320;;1111111;Boeing 787-9;388;1;0;0;1;1;1;279;73;320
2933;AA;AA1018;JFK;SFO;;1070;370;;1111111;Boeing 777-200ER;341;1;0;0;1;0;1;382;77;370
2934;AA;AA1019;SFO;JFK;;1090;320;;1111111;Boeing 777-200ER;367;1;0;0;1;0;1;382;71;320
2935;AA;AA1020;JFK;MIA;;455;175;;1111111;Boeing 737-800;193;1;0;0;1;1;1;141;71;175
2936;AA;AA1021;MIA;JFK;;450;170;;1111111;Boeing 737-800;202;1;0;0;1;0;1;141;77;170
2937;AA;AA1022;JFK;MIA;;575;175;;1111111;A321;209;1;0;0;1;0;1;141;80;175
2938;AA;AA1023;MIA;JFK;;575;170;;1111111;A321;213;1;0;0;1;0;1;141;77;170
2939;AA;AA1024;JFK;MIA;;670;175;;1111111;Boeing 737-800;177;1;0;0;1;1;1;141;76;175
2940;AA;AA1025;MIA;JFK;;680;170;;1111111;Boeing 737-800;206;1;0;0;1;0;1;141;75;170
2941;AA;AA1026;JFK;MIA;;790;175;;1111111;A321;202;1;0;0;1;0;1;141;80;175
2942;AA;AA1027;MIA;JFK;;810;170;;1111111;A321;208;1;0;0;1;1;1;141;78;170
2943;AA;AA1028;JFK;MIA;;900;175;;1111111;Boeing 737-800;195;1;0;0;1;1;1;141;70;175
2944;AA;AA1029;MIA;JFK;;900;170;;1111111;Boeing 737-800;207;1;0;0;1;0;1;141;68;170
2945;AA;AA1030;JFK;MIA;;1035;175;;1111111;A321;189;1;0;0;0;0;1;141;70;175
2946;AA;AA1031;MIA;JFK;;1035;170;;1111111;A321;201;1;0;0;1;0;1;141;73;170
2947;AA;AA1032;JFK;MIA;;1130;175;;1111111;Boeing 737-800;176;1;0;0;1;1;1;141;81;175
2948;AA;AA1033;MIA;JFK;;1155;170;;1111111;Boeing 737-800;183;1;0;0;1;0;1;141;69;170
2949;AA;AA1034;JFK;MIA;;1250;175;;1111111;A321;192;1;0;0;1;1;1;141;72;175
2950;AA;AA1035;MIA;JFK;;1260;170;;1111111;A321;201;1;0;0;1;0;1;141;73;170
2951;AA;AA1036;JFK;MEX;;630;295;;1111111;A321;349;1;0;0;1;0;1;269;75;295
2952;AA;AA1037;MEX;JFK;;620;270;;1111111;A321;344;1;0;0;1;1;1;269;71;270
2953;AA;AA1038;JFK;MEX;;1090;295;;1111111;Boeing 737-800;346;1;0;0;1;0;1;269;82;295
2954;AA;AA1039;MEX;JFK;;1075;270;;1111111;Boeing 737-800;342;1;0;0;1;0;1;269;82;270
2955;AA;AA1040;JFK;CUN;;620;225;;1111111;A321;246;1;0;0;0;0;1;200;82;225
2956;AA;AA1041;CUN;JFK;;620;210;;1111111;A321;233;1;0;0;1;0;1;200;70;210
2957;AA;AA1042;JFK;CUN;;1095;225;;1111111;Boeing 737-800;235;1;0;0;1;0;1;200;81;225
2958;AA;AA1043;CUN;JFK;;1075;210;;1111111;Boeing 737-800;231;1;0;0;1;1;1;200;80;210
2959;AA;AA046;JFK;GRU;;925;595;;1111111;Boeing 777-300ER;556;1;1;1;1;1;1;498;72;595
2960;AA;AA047;GRU;JFK;;930;605;;1111111;Boeing 777-300ER;505;1;1;1;0;1;1;498;78;605
2961;AA;AA048;JFK;HND;;740;865;;1111111;Boeing 777-200ER;722;1;1;1;1;1;1;813;74;865
2962;AA;AA049;HND;JFK;;1070;810;;1111111;Boeing 777-200ER;741;1;1;1;1;1;1;813;69;810
2963;AA;AA050;JFK;HND;;1355;865;;1111111;Boeing 777-300ER;600;1;1;1;1;0;1;707;75;865
2964;AA;AA051;HND;JFK;;1210;810;;1111111;Boeing 777-300ER;629;1;1;1;1;1;1;707;78;810
2965;AA;AA052;MIA;LHR;;1220;530;;1111111;Boeing 777-300ER;480;1;1;1;1;1;1;462;76;530
2966;AA;AA053;LHR;MIA;;855;605;;1111111;Boeing 777-300ER;483;1;1;1;1;1;1;462;70;605
2967;AA;AA054;MIA;CDG;;1205;550;;1111111;Boeing 777-200ER;560;1;1;1;1;0;1;551;76;550
2968;AA;AA055;CDG;MIA;;845;625;;1111111;Boeing 777-200ER;563;1;1;1;1;1;1;551;74;625
2969;AA;AA056;MIA;MAD;;1195;525;;1111111;Boeing 787-9;515;1;1;1;1;1;1;388;77;525
2970;AA;AA057;MAD;MIA;;850;605;;1111111;Boeing 787-9;493;1;1;1;1;1;1;388;73;605
2971;AA;AA058;MIA;BCN;;1215;560;;1111111;Boeing 787-9;512;1;1;1;1;1;1;412;73;560
2972;AA;AA059;BCN;MIA;;840;640;;1111111;Boeing 787-9;575;1;1;1;1;1;1;412;69;640
2973;AA;AA060;MIA;FCO;;1205;615;;1111111;Boeing 787-9;628;1;1;1;1;1;1;455;82;615
2974;AA;AA061;FCO;MIA;;860;700;;1111111;Boeing 787-9;640;1;1;1;1;0;1;455;81;700
2975;AA;AA1044;MIA;MEX;;865;210;;1111111;A321;233;1;0;0;1;0;1;164;80;210
2976;AA;AA1045;MEX;MIA;;860;185;;1111111;A321;200;1;0;0;1;0;1;164;78;185
2977;AA;AA1046;MIA;CUN;;625;100;;1111111;A321;133;1;0;0;0;0;1;85;82;100
2978;AA;AA1047;CUN;MIA;;635;90;;1111111;A321;141;1;0;0;1;0;1;85;79;90
2979;AA;AA1048;MIA;CUN;;1095;100;;1111111;Boeing 737-800;130;1;0;0;1;0;1;85;79;100
2980;AA;AA1049;CUN;MIA;;1095;90;;1111111;Boeing 737-800;149;1;0;0;1;0;1;85;71;90
2981;AA;AA062;MIA;GRU;;930;510;;1111111;Boeing 777-300ER;523;1;1;1;1;1;1;427;69;510
2982;AA;AA063;GRU;MIA;;910;530;;1111111;Boeing 777-300ER;444;1;1;1;1;1;1;427;70;530
2983;AA;AA064;MIA;EZE;;910;555;;1001001;Boeing 787-9;487;1;1;1;1;1;1;389;70;555
2984;AA;AA065;EZE;MIA;;925;565;;1100100;Boeing 787-9;589;1;1;1;1;1;1;389;78;565
2985;AA;AA1050;MIA;LAX;;855;330;;1111111;Boeing 737-800;368;1;0;0;1;0;1;301;72;330
2986;AA;AA1051;LAX;MIA;;865;290;;1111111;Boeing 737-800;335;1;0;0;1;0;1;301;80;290
2987;AA;AA1052;MIA;SFO;;850;365;;1111111;Boeing 787-9;349;1;0;0;0;1;1;279;80;365
2988;AA;AA1053;SFO;MIA;;845;320;;1111111;Boeing 787-9;395;1;0;0;1;0;1;279;73;320
2989;AA;AA066;LAX;LHR;;1095;655;;1111111;Boeing 777-200ER;549;1;1;1;1;1;1;655;81;655
2990;AA;AA067;LHR;LAX;;735;725;;1111111;Boeing 777-200ER;592;1;1;1;1;1;1;655;68;725
2991;AA;AA068;LAX;LHR;;1295;655;;1111111;Boeing 777-300ER;662;1;1;1;1;0;1;569;80;655
2992;AA;AA069;LHR;LAX;;955;725;;1111111;Boeing 777-300ER;660;1;1;1;1;1;1;569;69;725
2993;AA;AA070;LAX;HND;;845;730;;1111111;Boeing 787-9;611;1;1;1;1;1;1;481;68;730
2994;AA;AA071;HND;LAX;;1135;645;;1111111;Boeing 787-9;566;1;1;1;1;1;1;481;75;645
2995;AA;AA072;LAX;SYD;;1400;945;;1111111;Boeing 777-200ER;809;1;1;1;1;1;1;902;81;945
2996;AA;AA073;SYD;LAX;;775;900;;1111111;Boeing 777-200ER;829;1;1;1;1;1;1;902;77;900
2997;AA;AA1054;LAX;SFO;;635;80;;1111111;A321;106;1;0;0;1;0;1;54;70;80
2998;AA;AA1055;SFO;LAX;;615;75;;1111111;A321;108;1;0;0;1;0;1;54;73;75
2999;AA;AA1056;LAX;SFO;;1070;80;;1111111;Boeing 737-800;105;1;0;0;1;0;1;54;71;80
3000;AA;AA1057;SFO;LAX;;1095;75;;1111111;Boeing 737-800;111;1;0;0;1;0;1;54;71;75
3001;AA;AA1058;LAX;MEX;;850;215;;1111111;A321;237;1;0;0;1;0;1;200;69;215
3002;AA;AA1059;MEX;LAX;;865;245;;1111111;A321;256;1;0;0;1;0;1;200;81;245
3003;AA;AA1060;LAX;CUN;;850;265;;1111111;A321;363;1;0;0;1;0;1;273;78;265
3004;AA;AA1061;CUN;LAX;;845;300;;1111111;A321;330;1;0;0;1;0;1;273;81;300
3005;UA;UA014;SFO;CDG;;1165;670;;1111111;Boeing 777-300ER;562;1;1;1;1;1;1;583;80;670
3006;UA;UA015;CDG;SFO;;800;735;;1111111;Boeing 777-300ER;630;1;1;1;1;1;1;583;78;735
3007;UA;UA016;SFO;LHR;;1150;645;;1111111;Boeing 767-300ER;600;1;1;1;1;1;1;644;82;645
3008;UA;UA017;LHR;SFO;;800;710;;1111111;Boeing 767-300ER;659;1;1;1;1;1;1;644;81;710
3009;UA;UA018;SFO;FRA;;1160;685;;1111111;Boeing 777-300ER;644;1;1;1;1;0;1;595;80;685
3010;UA;UA019;FRA;SFO;;805;745;;1111111;Boeing 777-300ER;561;1;1;1;1;1;1;595;83;745
3011;UA;UA020;SFO;MUC;;1155;705;;1111111;Boeing 787-10;589;1;1;1;1;1;1;515;77;705
3012;UA;UA021;MUC;SFO;;815;765;;1111111;Boeing 787-10;618;1;1;1;1;1;1;515;79;765
3013;UA;UA022;SFO;ZRH;;1150;700;;1001001;Boeing 777-300ER;695;1;1;1;1;1;1;609;78;700
3014;UA;UA023;ZRH;SFO;;795;760;;1100100;Boeing 777-300ER;577;1;1;1;1;1;1;609;83;760
3015;UA;UA024;SFO;HND;;780;690;;1111111;Boeing 777-300ER;504;1;1;1;1;1;1;539;83;690
3016;UA;UA025;HND;SFO;;1080;610;;1111111;Boeing 777-300ER;546;1;1;1;1;1;1;539;75;610
3017;UA;UA026;SFO;ICN;;790;750;;1111110;Boeing 787-10;598;1;1;1;1;1;1;496;82;750
3018;UA;UA027;ICN;SFO;;1085;665;;0111111;Boeing 787-10;686;1;1;1;1;1;1;496;79;665
3019;UA;UA028;SFO;SIN;;795;1060;;1111111;Boeing 787-10;778;1;1;1;1;1;1;742;84;1060
3020;UA;UA029;SIN;SFO;;1075;1015;;1111111;Boeing 787-10;763;1;1;1;1;1;1;742;82;1015
3021;UA;UA030;SFO;HKG;;790;910;;0101010;Boeing 777-300ER;707;1;1;1;1;1;1;723;82;910
3022;UA;UA031;HKG;SFO;;1080;810;;0010101;Boeing 777-300ER;695;1;1;1;1;1;1;723;81;810
3023;UA;UA032;SFO;SYD;;1355;940;;0101010;Boeing 787-10;767;1;1;1;1;1;1;652;72;940
3024;UA;UA033;SYD;SFO;;715;895;;0010101;Boeing 787-10;796;1;1;1;1;1;1;652;75;895
3025;UA;UA034;SFO;DEL;;785;970;;1111101;Boeing 787-10;754;1;1;1;0;1;1;676;79;970
3026;UA;UA035;DEL;SFO;;1100;925;;1111110;Boeing 787-10;833;1;1;1;1;1;1;676;73;925
3027;UA;UA1400;SFO;LAX;;395;75;;1111111;Boeing 737 MAX 9;104;1;0;0;1;0;1;46;73;75
3028;UA;UA1401;LAX;SFO;;405;80;;1111111;Boeing 737 MAX 9;125;1;0;0;1;0;1;46;82;80
3029;UA;UA1402;SFO;LAX;;505;75;;1111111;A320;111;1;0;0;1;0;1;54;81;75
3030;UA;UA1403;LAX;SFO;;515;80;;1111111;A320;103;1;0;0;1;0;1;54;72;80
3031;UA;UA1404;SFO;LAX;;650;75;;1111111;Boeing 737 MAX 9;120;1;0;0;1;1;1;46;71;75
3032;UA;UA1405;LAX;SFO;;635;80;;1111111;Boeing 737 MAX 9;126;1;0;0;1;0;1;46;83;80
3033;UA;UA1406;SFO;LAX;;760;75;;1111111;A320;116;1;0;0;1;0;1;54;82;75
3034;UA;UA1407;LAX;SFO;;760;80;;1111111;A320;108;1;0;0;1;0;1;54;74;80
3035;UA;UA1408;SFO;LAX;;860;75;;1111111;Boeing 737 MAX 9;113;1;0;0;1;1;1;46;74;75
3036;UA;UA1409;LAX;SFO;;855;80;;1111111;Boeing 737 MAX 9;106;1;0;0;1;1;1;46;75;80
3037;UA;UA1410;SFO;LAX;;970;75;;1111111;A320;122;1;0;0;1;0;1;54;78;75
3038;UA;UA1411;LAX;SFO;;970;80;;1111111;A320;105;1;0;0;1;1;1;54;77;80
3039;UA;UA1412;SFO;LAX;;1090;75;;1111111;Boeing 737 MAX 9;111;1;0;0;1;0;1;46;81;75
3040;UA;UA1413;LAX;SFO;;1080;80;;1111111;Boeing 737 MAX 9;118;1;0;0;1;1;1;46;85;80
3041;UA;UA1414;SFO;LAX;;1200;75;;1111111;A320;118;1;0;0;1;0;1;54;72;75
3042;UA;UA1415;LAX;SFO;;1225;80;;1111111;A320;120;1;0;0;0;0;1;54;85;80
3043;UA;UA1416;SFO;MIA;;805;320;;1111111;Boeing 777-300ER;393;1;0;0;1;0;1;332;81;320
3044;UA;UA1417;MIA;SFO;;825;365;;1111111;Boeing 777-300ER;348;1;0;0;1;0;1;332;77;365
3045;UA;UA1418;SFO;MEX;;795;240;;1111111;A320;300;1;0;0;1;0;1;242;73;240
3046;UA;UA1419;MEX;SFO;;815;270;;1111111;A320;310;1;0;0;1;0;1;242;77;270
3047;UA;UA1420;SFO;CUN;;815;295;;1111111;Boeing 787-10;359;1;0;0;1;1;1;260;72;295
3048;UA;UA1421;CUN;SFO;;800;335;;1111111;Boeing 787-10;360;1;0;0;1;0;1;260;84;335
3049;UA;UA1422;SFO;YUL;;825;315;;1111111;Boeing 767-300ER;378;1;0;0;1;0;1;375;84;315
3050;UA;UA1423;YUL;SFO;;795;365;;1111111;Boeing 767-300ER;341;1;0;0;1;1;1;375;76;365
3051;AC;AC014;YUL;CDG;;1070;415;;1111111;Boeing 787-9;423;1;1;1;1;1;1;302;76;415
3052;AC;AC015;CDG;YUL;;695;475;;1111111;Boeing 787-9;414;1;1;1;1;1;1;302;73;475
3053;AC;AC016;YUL;CDG;;1200;415;;1111111;Boeing 777-300ER;376;1;1;1;1;1;1;359;76;415
3054;AC;AC017;CDG;YUL;;840;475;;1111111;Boeing 777-300ER;436;1;1;1;1;1;1;359;68;475
3055;AC;AC018;YUL;CDG;;1330;415;;1111111;A330-300;417;1;1;1;1;1;1;359;67;415
3056;AC;AC019;CDG;YUL;;1000;475;;1111111;A330-300;432;1;1;1;1;1;1;359;65;475
3057;AC;AC020;YUL;NCE;;1205;460;;1111111;Boeing 787-9;413;1;1;1;1;1;1;335;64;460
3058;AC;AC021;NCE;YUL;;835;520;;1111111;Boeing 787-9;421;1;1;1;1;1;1;335;71;520
3059;AC;AC022;YUL;LYS;;1205;440;;1111111;A330-300;451;1;1;1;0;0;1;381;74;440
3060;AC;AC023;LYS;YUL;;850;500;;1111111;A330-300;420;1;1;1;0;1;1;381;68;500
3061;AC;AC024;YUL;MRS;;1215;450;;1111111;Boeing 777-300ER;481;1;1;1;1;1;1;390;68;450
3062;AC;AC025;MRS;YUL;;850;510;;1111111;Boeing 777-300ER;472;1;1;1;0;1;1;390;76;510
3063;AC;AC026;YUL;TLS;;1195;430;;1001001;A330-300;425;1;1;1;1;1;1;372;64;430
3064;AC;AC027;TLS;YUL;;845;490;;1100100;A330-300;446;1;1;1;1;1;1;372;70;490
3065;AC;AC028;YUL;BOD;;1210;415;;1010101;Boeing 787-9;410;1;1;1;0;1;1;301;74;415
3066;AC;AC029;BOD;YUL;;855;475;;1101010;Boeing 787-9;451;1;1;1;1;1;1;301;71;475
3067;AC;AC030;YUL;LHR;;1120;395;;1111111;Boeing 787-9;424;1;1;1;1;1;1;285;69;395
3068;AC;AC031;LHR;YUL;;730;450;;1111111;Boeing 787-9;382;1;1;1;1;1;1;285;68;450
3069;AC;AC032;YUL;LHR;;1305;395;;1111111;Boeing 777-300ER;442;1;1;1;1;0;1;339;70;395
3070;AC;AC033;LHR;YUL;;945;450;;1111111;Boeing 777-300ER;443;1;1;1;1;1;1;339;66;450
3071;AC;AC034;YUL;FRA;;1200;440;;1111111;Boeing 787-9;473;1;1;1;1;1;1;320;68;440
3072;AC;AC035;FRA;YUL;;855;500;;1111111;Boeing 787-9;434;1;1;1;1;1;1;320;64;500
3073;AC;AC036;YUL;MUC;;1205;460;;1111111;A330-300;493;1;1;1;1;1;1;400;76;460
3074;AC;AC037;MUC;YUL;;855;525;;1111111;A330-300;408;1;1;1;1;1;1;400;65;525
3075;AC;AC038;YUL;MAD;;1205;415;;1111111;A330-300;458;1;1;1;1;1;1;361;66;415
3076;AC;AC039;MAD;YUL;;845;475;;1111111;A330-300;442;1;1;1;1;1;1;361;67;475
3077;AC;AC040;YUL;BCN;;1200;440;;1111111;Boeing 777-300ER;427;1;1;1;1;1;1;384;75;440
3078;AC;AC041;BCN;YUL;;855;505;;1111111;Boeing 777-300ER;398;1;1;1;0;1;1;384;68;505
3079;AC;AC042;YUL;LIS;;1210;395;;1111111;Boeing 777-300ER;388;1;1;1;1;1;1;340;71;395
3080;AC;AC043;LIS;YUL;;845;450;;1111111;Boeing 777-300ER;422;1;1;1;0;1;1;340;77;450
3081;AC;AC044;YUL;OPO;;1195;390;;1111111;Boeing 787-9;430;1;1;1;1;0;1;280;69;390
3082;AC;AC045;OPO;YUL;;850;445;;1111111;Boeing 787-9;364;1;1;1;1;1;1;280;74;445
3083;AC;AC046;YUL;FCO;;1220;490;;1111111;Boeing 777-300ER;494;1;1;1;1;0;1;428;65;490
3084;AC;AC047;FCO;YUL;;855;555;;1111111;Boeing 777-300ER;442;1;1;1;1;1;1;428;76;555
3085;AC;AC048;YUL;ZRH;;1210;450;;1111111;A330-300;400;1;1;1;1;1;1;390;76;450
3086;AC;AC049;ZRH;YUL;;855;510;;1111111;A330-300;446;1;1;1;1;1;1;390;76;510
3087;AC;AC050;YUL;GVA;;1215;445;;1010101;Boeing 787-9;440;1;1;1;1;1;1;322;72;445
3088;AC;AC051;GVA;YUL;;860;505;;1101010;Boeing 787-9;462;1;1;1;1;0;1;322;63;505
3089;AC;AC052;YUL;BRU;;1220;420;;1011111;Boeing 787-9;457;1;1;1;1;1;1;303;68;420
3090;AC;AC053;BRU;YUL;;845;480;;1101111;Boeing 787-9;448;1;1;1;1;1;1;303;70;480
3091;AC;AC054;YUL;VIE;;1215;485;;0101010;Boeing 787-9;487;1;1;1;1;0;1;353;76;485
3092;AC;AC055;VIE;YUL;;855;545;;0010101;Boeing 787-9;478;1;1;1;0;1;1;353;75;545
3093;AC;AC056;YUL;DUB;;1215;365;;0111011;A330-300;403;1;1;1;1;1;1;310;69;365
3094;AC;AC057;DUB;YUL;;845;420;;1011101;A330-300;423;1;1;1;1;1;1;310;70;420
3095;AC;AC058;YUL;ATH;;1205;560;;1111111;Boeing 787-9;576;1;1;1;1;0;1;417;75;560
3096;AC;AC059;ATH;YUL;;835;635;;1111111;Boeing 787-9;485;1;1;1;1;1;1;417;66;635
3097;AC;AC060;YUL;CMN;;1190;425;;1111111;A330-300;421;1;1;1;1;1;1;369;76;425
3098;AC;AC061;CMN;YUL;;855;485;;1111111;A330-300;424;1;1;1;1;1;1;369;75;485
3099;AC;AC062;YUL;ALG;;1220;465;;0111011;A330-300;451;1;1;1;1;1;1;408;71;465
3100;AC;AC063;ALG;YUL;;845;530;;1011101;A330-300;439;1;1;1;1;1;1;408;69;530
3101;AC;AC064;YUL;CAI;;1210;635;;1111111;Boeing 777-300ER;530;1;1;1;1;1;1;567;68;635
3102;AC;AC065;CAI;YUL;;840;720;;1111111;Boeing 777-300ER;550;1;1;1;0;1;1;567;68;720
3103;AC;AC066;YUL;DEL;;825;835;;1111111;Boeing 777-300ER;728;1;1;1;0;1;1;733;67;835
3104;AC;AC067;DEL;YUL;;1145;890;;1111111;Boeing 777-300ER;703;1;1;1;1;1;1;733;72;890
3105;AC;AC068;YUL;HND;;825;830;;1111111;Boeing 777-300ER;717;1;1;1;1;1;1;676;76;830
3106;AC;AC069;HND;YUL;;1120;780;;1111111;Boeing 777-300ER;712;1;1;1;1;0;1;676;69;780
3107;AC;AC1200;YUL;MIA;;840;215;;1111111;A220-300;246;1;0;0;1;0;1;152;71;215
3108;AC;AC1201;MIA;YUL;;840;210;;1111111;A220-300;234;1;0;0;1;0;1;152;70;210
3109;AC;AC1202;YUL;LAX;;610;350;;1111111;Boeing 787-9;366;1;0;0;1;0;1;267;70;350
3110;AC;AC1203;LAX;YUL;;625;305;;1111111;Boeing 787-9;353;1;0;0;1;1;1;267;65;305
3111;AC;AC1204;YUL;LAX;;1095;350;;1111111;Boeing 777-300ER;384;1;0;0;1;0;1;318;73;350
3112;AC;AC1205;LAX;YUL;;1090;305;;1111111;Boeing 777-300ER;324;1;0;0;1;0;1;318;64;305
3113;AC;AC1206;YUL;SFO;;855;365;;1111111;A330-300;338;1;0;0;1;0;1;326;69;365
3114;AC;AC1207;SFO;YUL;;865;315;;1111111;A330-300;325;1;0;0;1;0;1;326;69;315
3115;AC;AC1208;YUL;MEX;;845;325;;1111111;A321;325;1;0;0;1;0;1;297;68;325
3116;AC;AC1209;MEX;YUL;;860;295;;1111111;A321;313;1;0;0;1;0;1;297;72;295
3117;AC;AC1210;YUL;CUN;;845;260;;1111111;A321;256;1;0;0;1;0;1;238;71;260
3118;AC;AC1211;CUN;YUL;;840;245;;1111111;A321;257;1;0;0;1;0;1;238;64;245
3119;AC;AC1212;YUL;PTP;;865;280;;1111111;A321;317;1;0;0;1;1;1;275;75;280
3120;AC;AC1213;PTP;YUL;;840;290;;1111111;A321;328;1;0;0;1;0;1;275;75;290
3121;AC;AC1214;YUL;FDF;;850;290;;1111111;A321;325;1;0;0;0;1;1;291;72;290
3122;AC;AC1215;FDF;YUL;;855;305;;1111111;A321;330;1;0;0;1;0;1;291;72;305
3123;TS;TS500;YUL;CDG;;1075;415;;0111011;A321LR;240;1;0;1;0;1;0;302;74;415
3124;TS;TS501;CDG;YUL;;710;475;;1011101;A321LR;242;1;0;1;0;1;0;302;69;475
3125;TS;TS502;YUL;NCE;;1080;460;;1010101;A321LR;303;1;0;1;0;0;0;335;70;460
3126;TS;TS503;NCE;YUL;;705;520;;1101010;A321LR;270;1;0;1;0;1;0;335;75;520
3127;TS;TS504;YUL;LYS;;1090;440;;1101010;A321LR;281;1;0;1;0;0;0;320;63;440
3128;TS;TS505;LYS;YUL;;720;500;;0110101;A321LR;246;1;0;1;0;1;0;320;74;500
3129;TS;TS506;YUL;MRS;;1080;450;;1010100;A321LR;270;1;0;1;1;1;0;328;71;450
3130;TS;TS507;MRS;YUL;;720;510;;0101010;A321LR;259;1;0;1;0;0;0;328;65;510
3131;TS;TS508;YUL;TLS;;1095;430;;0101010;A330-300;239;1;0;1;0;1;0;372;77;430
3132;TS;TS509;TLS;YUL;;700;490;;0010101;A330-300;294;1;0;1;0;1;0;372;75;490
3133;TS;TS510;YUL;BOD;;1085;415;;0101010;A330-300;235;1;0;1;0;1;0;359;72;415
3134;TS;TS511;BOD;YUL;;705;475;;0010101;A330-300;241;1;0;1;0;1;0;359;69;475
3135;TS;TS512;YUL;NTE;;1085;405;;1001001;A330-300;252;1;0;1;0;1;0;347;64;405
3136;TS;TS513;NTE;YUL;;705;460;;1100100;A330-300;280;1;0;1;0;1;0;347;65;460
3137;TS;TS514;YUL;BRU;;1080;420;;1011101;A330-300;263;1;0;1;0;0;0;361;73;420
3138;TS;TS515;BRU;YUL;;705;480;;1101110;A330-300;277;1;0;1;0;1;0;361;76;480
3139;TS;TS516;YUL;LIS;;1100;395;;1001001;A321LR;218;1;0;1;0;1;0;286;77;395
3140;TS;TS517;LIS;YUL;;715;450;;1100100;A321LR;260;1;0;1;0;0;0;286;67;450
3141;TS;TS518;YUL;OPO;;1080;390;;1010100;A321LR;248;1;0;1;0;1;0;280;69;390
3142;TS;TS519;OPO;YUL;;720;445;;0101010;A321LR;224;1;0;1;0;0;0;280;73;445
3143;TS;TS520;YUL;BCN;;1095;440;;0101010;A330-300;293;1;0;1;0;1;0;384;74;440
3144;TS;TS521;BCN;YUL;;700;505;;0010101;A330-300;255;1;0;1;0;1;0;384;67;505
3145;TS;TS522;YUL;FCO;;1105;490;;0110110;A321LR;289;1;0;1;0;1;0;360;70;490
3146;TS;TS523;FCO;YUL;;700;555;;0011011;A321LR;308;1;0;1;0;1;0;360;74;555
3147;TS;TS524;YUL;ATH;;1100;560;;1011101;A330-300;342;1;0;1;0;0;0;496;75;560
3148;TS;TS525;ATH;YUL;;720;635;;1101110;A330-300;326;1;0;1;0;0;0;496;66;635
3149;TS;TS526;YUL;LGW;;1085;400;;0111011;A321LR;279;1;0;1;0;0;0;286;74;400
3150;TS;TS527;LGW;YUL;;700;455;;1011101;A321LR;276;1;0;1;1;0;0;286;64;455
3151;TS;TS6000;YUL;PTP;;595;280;;0100010;A321LR;151;0;0;0;0;1;0;231;76;280
3152;TS;TS6001;PTP;YUL;;600;290;;0100010;A321LR;150;0;0;0;0;0;0;231;69;290
3153;TS;TS6002;YUL;FDF;;605;290;;1010101;A321LR;155;0;0;0;0;1;0;244;74;290
3154;TS;TS6003;FDF;YUL;;590;305;;1010101;A321LR;169;0;0;0;0;0;0;244;72;305
3155;TS;TS6004;YUL;CUN;;595;260;;1111111;A321LR;132;0;0;0;0;0;0;200;74;260
3156;TS;TS6005;CUN;YUL;;615;245;;1111111;A321LR;148;0;0;0;0;1;0;200;72;245
3157;LA;LA014;GRU;LHR;;1170;725;;1111111;Boeing 777-300ER;569;1;1;1;1;1;0;615;88;725
3158;LA;LA015;LHR;GRU;;825;745;;1111111;Boeing 777-300ER;548;1;1;1;1;1;0;615;80;745
3159;LA;LA016;GRU;MAD;;1165;645;;1111111;Boeing 777-300ER;574;1;1;1;0;1;0;544;86;645
3160;LA;LA017;MAD;GRU;;815;665;;1111111;Boeing 777-300ER;498;1;1;1;1;1;1;544;83;665
3161;LA;LA018;GRU;LIS;;1160;610;;1111111;Boeing 777-300ER;511;1;1;1;1;0;1;516;89;610
3162;LA;LA019;LIS;GRU;;820;630;;1111111;Boeing 777-300ER;569;1;1;1;0;1;1;516;87;630
3163;LA;LA020;GRU;FCO;;1185;720;;1111111;Boeing 777-300ER;607;1;1;1;1;1;0;613;84;720
3164;LA;LA021;FCO;GRU;;825;745;;1111111;Boeing 777-300ER;552;1;1;1;1;1;0;613;88;745
3165;LA;LA022;GRU;FRA;;1175;745;;1111101;Boeing 787-9;565;1;1;1;1;0;1;535;82;745
3166;LA;LA023;FRA;GRU;;820;775;;1111110;Boeing 787-9;619;1;1;1;1;1;1;535;81;775
3167;LA;LA024;GRU;BCN;;1180;670;;1111111;Boeing 787-9;632;1;1;1;1;1;0;479;84;670
3168;LA;LA025;BCN;GRU;;825;695;;1111111;Boeing 787-9;634;1;1;1;1;1;0;479;90;695
3169;LA;LA026;GRU;JFK;;890;605;;1111111;Boeing 787-9;532;1;1;1;1;1;1;418;91;605
3170;LA;LA027;JFK;GRU;;890;595;;1111111;Boeing 787-9;482;1;1;1;1;1;1;418;83;595
3171;LA;LA028;GRU;MIA;;895;530;;1011111;Boeing 787-9;479;1;1;1;1;1;0;359;89;530
3172;LA;LA029;MIA;GRU;;885;510;;1101111;Boeing 787-9;449;1;1;1;0;1;0;359;89;510
3173;LA;LA030;GRU;MEX;;880;595;;1111101;Boeing 777-300ER;532;1;1;1;0;1;1;483;86;595
3174;LA;LA031;MEX;GRU;;895;570;;1111110;Boeing 777-300ER;466;1;1;1;1;1;1;483;86;570
3175;LA;LA032;GRU;CUN;;885;535;;1101010;Boeing 777-300ER;466;1;1;1;1;1;0;429;88;535
3176;LA;LA033;CUN;GRU;;900;515;;0110101;Boeing 777-300ER;460;1;1;1;0;1;0;429;81;515
3177;LA;LA1400;GRU;EZE;;800;175;;1101010;A321;209;1;1;0;0;1;0;138;81;175
3178;LA;LA1401;EZE;GRU;;825;160;;1101010;A321;173;1;1;0;1;0;0;138;90;160
3179;LA;LA034;GRU;JNB;;1330;545;;1111101;Boeing 777-300ER;510;1;1;1;0;1;0;484;83;545
3180;LA;LA035;JNB;GRU;;100;630;;1111110;Boeing 777-300ER;487;1;1;1;1;1;1;484;80;630
3181;AM;AM014;MEX;CDG;;1230;680;;1111111;Boeing 787-8;541;1;1;1;1;1;0;502;75;680
3182;AM;AM015;CDG;MEX;;875;770;;1111111;Boeing 787-8;618;1;1;1;1;1;0;502;81;770
3183;AM;AM016;MEX;LHR;;1225;660;;1111111;Boeing 787-8;546;1;1;1;1;0;1;486;84;660
3184;AM;AM017;LHR;MEX;;860;745;;1111111;Boeing 787-8;638;1;1;1;0;1;0;486;87;745
3185;AM;AM018;MEX;AMS;;1205;680;;1111111;Boeing 787-9;640;1;1;1;1;1;0;503;84;680
3186;AM;AM019;AMS;MEX;;860;770;;1111111;Boeing 787-9;629;1;1;1;1;1;1;503;79;770
3187;AM;AM020;MEX;MAD;;1210;665;;1111111;Boeing 787-8;638;1;1;1;1;1;1;495;79;665
3188;AM;AM021;MAD;MEX;;850;760;;1111111;Boeing 787-8;566;1;1;1;0;1;1;495;80;760
3189;AM;AM022;MEX;BCN;;1215;695;;1111111;Boeing 787-9;585;1;1;1;1;1;1;518;75;695
3190;AM;AM023;BCN;MEX;;850;790;;1111111;Boeing 787-9;639;1;1;1;0;1;0;518;87;790
3191;AM;AM024;MEX;FCO;;1230;750;;1111111;Boeing 787-8;729;1;1;1;1;1;1;558;89;750
3192;AM;AM025;FCO;MEX;;870;845;;1111111;Boeing 787-8;669;1;1;1;1;1;0;558;81;845
3193;AM;AM026;MEX;HND;;845;920;;1111111;Boeing 787-8;686;1;1;1;1;0;0;618;77;920
3194;AM;AM027;HND;MEX;;1145;815;;1111111;Boeing 787-8;782;1;1;1;1;1;0;618;81;815
3195;AM;AM028;MEX;ICN;;855;970;;1111111;Boeing 787-8;802;1;1;1;1;1;0;661;84;970
3196;AM;AM029;ICN;MEX;;1130;875;;1111111;Boeing 787-8;679;1;1;1;1;1;1;661;81;875
3197;AM;AM1000;MEX;JFK;;645;270;;1111111;Boeing 737 MAX 8;314;1;1;0;0;1;0;226;82;270
3198;AM;AM1001;JFK;MEX;;635;295;;1111111;Boeing 737 MAX 8;332;1;1;0;0;1;0;226;77;295
3199;AM;AM1002;MEX;JFK;;1100;270;;1111111;Boeing 737 MAX 8;298;1;1;0;1;0;0;226;83;270
3200;AM;AM1003;JFK;MEX;;1110;295;;1111111;Boeing 737 MAX 8;294;1;1;0;1;1;0;226;78;295
3201;AM;AM1004;MEX;MIA;;865;185;;1111111;Boeing 737 MAX 8;201;1;1;0;1;1;0;138;88;185
3202;AM;AM1005;MIA;MEX;;865;210;;1111111;Boeing 737 MAX 8;211;1;1;0;1;0;0;138;82;210
3203;AM;AM1006;MEX;LAX;;865;245;;1111111;Boeing 737 MAX 8;248;1;1;0;1;1;0;168;85;245
3204;AM;AM1007;LAX;MEX;;870;215;;1111111;Boeing 737 MAX 8;214;1;1;0;1;0;0;168;85;215
3205;AM;AM1008;MEX;SFO;;870;270;;1111111;Boeing 737 MAX 8;316;1;1;0;1;0;0;204;79;270
3206;AM;AM1009;SFO;MEX;;855;240;;1111111;Boeing 737 MAX 8;282;1;1;0;1;1;0;204;82;240
3207;AM;AM1010;MEX;YUL;;865;295;;1111111;Boeing 737 MAX 8;297;1;1;0;1;1;0;249;86;295
3208;AM;AM1011;YUL;MEX;;855;325;;1111111;Boeing 737 MAX 8;344;1;1;0;1;1;0;249;87;325
3209;AM;AM1012;MEX;CUN;;650;125;;1111111;Boeing 737 MAX 8;175;1;1;0;1;0;0;108;76;125
3210;AM;AM1013;CUN;MEX;;625;135;;1111111;Boeing 737 MAX 8;155;1;1;0;1;1;0;108;81;135
3211;AM;AM1014;MEX;CUN;;1090;125;;1111111;Boeing 737 MAX 8;174;1;1;0;0;1;0;108;81;125
3212;AM;AM1015;CUN;MEX;;1110;135;;1111111;Boeing 737 MAX 8;182;1;1;0;1;1;0;108;83;135
3213;AM;AM030;MEX;GRU;;940;570;;1010100;Boeing 787-8;482;1;1;1;0;0;0;406;81;570
3214;AM;AM031;GRU;MEX;;950;595;;0101010;Boeing 787-8;490;1;1;1;0;1;1;406;84;595
3215;AM;AM032;MEX;EZE;;950;570;;1111101;Boeing 787-8;557;1;1;1;1;1;1;404;87;570
3216;AM;AM033;EZE;MEX;;940;590;;1111110;Boeing 787-8;485;1;1;1;1;1;1;404;89;590
3217;JL;JL014;HND;CDG;;85;905;;1111111;A350-1000;617;1;1;1;1;1;1;530;90;905
3218;JL;JL015;CDG;HND;;795;840;;1111111;A350-1000;667;1;1;1;1;1;1;530;87;840
3219;JL;JL016;HND;CDG;;695;905;;1111111;Boeing 787-9;636;1;1;1;1;1;1;530;82;905
3220;JL;JL017;CDG;HND;;1270;840;;1111111;Boeing 787-9;609;1;1;1;1;1;1;530;91;840
3221;JL;JL018;HND;LHR;;90;890;;1111111;A350-1000;655;1;1;1;1;1;1;524;95;890
3222;JL;JL019;LHR;HND;;770;830;;1111111;A350-1000;709;1;1;1;1;1;1;524;82;830
3223;JL;JL020;HND;LHR;;705;890;;1111111;Boeing 787-9;708;1;1;1;1;1;1;524;84;890
3224;JL;JL021;LHR;HND;;1280;830;;1111111;Boeing 787-9;715;1;1;1;1;1;1;524;91;830
3225;JL;JL022;HND;FRA;;625;880;;1111111;Boeing 777-300ER;628;1;1;1;1;1;1;609;95;880
3226;JL;JL023;FRA;HND;;1140;805;;1111111;Boeing 777-300ER;726;1;1;1;1;1;1;609;81;805
3227;JL;JL024;HND;JFK;;1015;810;;1111111;Boeing 777-300ER;785;1;1;1;1;1;1;707;94;810
3228;JL;JL025;JFK;HND;;705;865;;1111111;Boeing 777-300ER;734;1;1;1;1;0;1;707;88;865
3229;JL;JL026;HND;JFK;;1190;810;;1111111;A350-1000;705;1;1;1;0;1;1;594;87;810
3230;JL;JL027;JFK;HND;;1325;865;;1111111;A350-1000;710;1;1;1;1;1;1;594;91;865
3231;JL;JL028;HND;LAX;;1105;645;;1111111;Boeing 787-9;618;1;1;1;1;1;1;481;86;645
3232;JL;JL029;LAX;HND;;790;730;;1111111;Boeing 787-9;671;1;1;1;1;1;1;481;91;730
3233;JL;JL030;HND;SFO;;1105;610;;1111111;Boeing 787-9;647;1;1;1;1;1;1;452;91;610
3234;JL;JL031;SFO;HND;;795;690;;1111111;Boeing 787-9;647;1;1;1;1;1;1;452;85;690
3235;JL;JL032;HND;SIN;;885;435;;1111111;A350-1000;461;1;1;1;1;1;1;289;89;435
3236;JL;JL033;SIN;HND;;895;420;;1111111;A350-1000;491;1;1;1;1;1;1;289;91;420
3237;JL;JL034;HND;BKK;;670;405;;1111111;Boeing 787-9;383;1;1;1;1;1;1;251;83;405
3238;JL;JL035;BKK;HND;;675;355;;1111111;Boeing 787-9;372;1;1;1;1;1;1;251;93;355
3239;JL;JL036;HND;BKK;;1105;405;;1111111;Boeing 777-300ER;437;1;1;1;1;1;1;298;88;405
3240;JL;JL037;BKK;HND;;1100;355;;1111111;Boeing 777-300ER;378;1;1;1;1;1;1;298;84;355
3241;JL;JL1000;HND;HKG;;585;265;;1111111;Boeing 737-800;271;1;1;1;1;1;1;232;81;265
3242;JL;JL1001;HKG;HND;;590;235;;1111111;Boeing 737-800;246;1;1;1;1;1;1;232;91;235
3243;JL;JL1002;HND;HKG;;1050;265;;1111111;Boeing 737-800;271;1;1;1;1;0;1;232;92;265
3244;JL;JL1003;HKG;HND;;1040;235;;1111111;Boeing 737-800;287;1;1;1;1;1;1;232;88;235
3245;JL;JL1004;HND;ICN;;530;135;;1111111;Boeing 737-800;177;1;1;1;1;1;1;121;90;135
3246;JL;JL1005;ICN;HND;;510;115;;1111111;Boeing 737-800;170;1;1;1;1;0;1;121;84;115
3247;JL;JL1006;HND;ICN;;815;135;;1111111;Boeing 737-800;171;1;1;1;1;0;1;121;90;135
3248;JL;JL1007;ICN;HND;;810;115;;1111111;Boeing 737-800;173;1;1;1;1;0;1;121;84;115
3249;JL;JL1008;HND;ICN;;1135;135;;1111111;Boeing 737-800;196;1;1;1;1;0;1;121;89;135
3250;JL;JL1009;ICN;HND;;1135;115;;1111111;Boeing 737-800;167;1;1;1;1;1;1;121;88;115
3251;JL;JL038;HND;SYD;;905;610;;1111111;Boeing 777-300ER;518;1;1;1;1;1;1;508;92;610
3252;JL;JL039;SYD;HND;;890;615;;1111111;Boeing 777-300ER;613;1;1;1;1;1;1;508;87;615
3253;JL;JL040;HND;DEL;;885;505;;1111111;A350-1000;508;1;1;1;1;1;1;320;92;505
3254;JL;JL041;DEL;HND;;890;440;;1111111;A350-1000;439;1;1;1;1;1;1;320;85;440
3255;NH;NH014;HND;CDG;;110;905;;1111111;Boeing 777-300ER;729;1;1;1;1;1;1;631;89;905
3256;NH;NH015;CDG;HND;;795;840;;1111111;Boeing 777-300ER;742;1;1;1;1;1;1;631;92;840
3257;NH;NH016;HND;CDG;;710;905;;1111111;Boeing 787-9;724;1;1;1;1;1;1;530;84;905
3258;NH;NH017;CDG;HND;;1295;840;;1111111;Boeing 787-9;612;1;1;1;1;1;1;530;84;840
3259;NH;NH018;HND;LHR;;110;890;;1111111;Boeing 777-300ER;638;1;1;1;1;1;1;623;85;890
3260;NH;NH019;LHR;HND;;800;830;;1111111;Boeing 777-300ER;742;1;1;1;1;1;1;623;81;830
3261;NH;NH020;HND;LHR;;730;890;;1111111;Boeing 787-9;741;1;1;1;1;1;1;524;90;890
3262;NH;NH021;LHR;HND;;1280;830;;1111111;Boeing 787-9;664;1;1;1;1;0;1;524;81;830
3263;NH;NH022;HND;FRA;;615;880;;1111111;Boeing 787-9;636;1;1;1;1;1;1;511;88;880
3264;NH;NH023;FRA;HND;;1150;805;;1111111;Boeing 787-9;651;1;1;1;0;1;1;511;87;805
3265;NH;NH024;HND;MUC;;640;880;;1111111;Boeing 787-9;632;1;1;1;1;1;1;511;85;880
3266;NH;NH025;MUC;HND;;1155;805;;1111111;Boeing 787-9;672;1;1;1;1;1;1;511;93;805
3267;NH;NH026;HND;IST;;125;860;;1111111;Boeing 777-300ER;642;1;1;1;1;1;1;582;91;860
3268;NH;NH027;IST;HND;;790;765;;1111111;Boeing 777-300ER;609;1;1;1;1;1;1;582;87;765
3269;NH;NH028;HND;IST;;720;860;;1111111;Boeing 787-9;623;1;1;1;1;1;1;489;84;860
3270;NH;NH029;IST;HND;;1305;765;;1111111;Boeing 787-9;660;1;1;1;1;0;1;489;80;765
3271;NH;NH030;HND;JFK;;1055;810;;1111111;Boeing 787-9;703;1;1;1;1;1;1;594;88;810
3272;NH;NH031;JFK;HND;;725;865;;1111111;Boeing 787-9;718;1;1;1;1;1;1;594;89;865
3273;NH;NH032;HND;JFK;;1185;810;;1111111;Boeing 777-300ER;742;1;1;1;1;1;1;707;90;810
3274;NH;NH033;JFK;HND;;1355;865;;1111111;Boeing 777-300ER;668;1;1;1;0;1;1;707;90;865
3275;NH;NH034;HND;LAX;;1130;645;;1111111;Boeing 787-9;632;1;1;1;1;1;1;481;83;645
3276;NH;NH035;LAX;HND;;805;730;;1111111;Boeing 787-9;622;1;1;1;0;1;1;481;85;730
3277;NH;NH036;HND;SFO;;1110;610;;1111111;Boeing 777-300ER;612;1;1;1;1;1;1;539;90;610
3278;NH;NH037;SFO;HND;;805;690;;1111111;Boeing 777-300ER;623;1;1;1;1;0;1;539;84;690
3279;NH;NH038;HND;SIN;;905;435;;1111111;Boeing 777-300ER;467;1;1;1;1;1;1;344;90;435
3280;NH;NH039;SIN;HND;;895;420;;1111111;Boeing 777-300ER;456;1;1;1;1;1;1;344;86;420
3281;NH;NH040;HND;BKK;;705;405;;1111111;Boeing 777-300ER;438;1;1;1;1;1;1;298;91;405
3282;NH;NH041;BKK;HND;;695;355;;1111111;Boeing 777-300ER;425;1;1;1;1;1;1;298;83;355
3283;NH;NH042;HND;BKK;;1120;405;;1111111;Boeing 787-9;404;1;1;1;1;1;1;251;82;405
3284;NH;NH043;BKK;HND;;1120;355;;1111111;Boeing 787-9;369;1;1;1;1;1;1;251;80;355
3285;NH;NH1200;HND;HKG;;600;265;;1111111;Boeing 737-800;279;1;1;1;1;0;1;232;87;265
3286;NH;NH1201;HKG;HND;;610;235;;1111111;Boeing 737-800;294;1;1;1;1;0;1;232;90;235
3287;NH;NH1202;HND;HKG;;1085;265;;1111111;Boeing 737-800;267;1;1;1;1;0;1;232;83;265
3288;NH;NH1203;HKG;HND;;1070;235;;1111111;Boeing 737-800;276;1;1;1;1;0;1;232;83;235
3289;NH;NH1204;HND;ICN;;525;135;;1111111;Boeing 737-800;196;1;1;1;1;0;1;121;80;135
3290;NH;NH1205;ICN;HND;;525;115;;1111111;Boeing 737-800;189;1;1;1;1;0;1;121;84;115
3291;NH;NH1206;HND;ICN;;840;135;;1111111;Boeing 737-800;166;1;1;1;1;0;1;121;87;135
3292;NH;NH1207;ICN;HND;;840;115;;1111111;Boeing 737-800;176;1;1;1;1;0;1;121;93;115
3293;NH;NH1208;HND;ICN;;1135;135;;1111111;Boeing 737-800;186;1;1;1;1;1;1;121;89;135
3294;NH;NH1209;ICN;HND;;1130;115;;1111111;Boeing 737-800;158;1;1;1;1;0;1;121;84;115
3295;NH;NH044;HND;SYD;;915;610;;1111111;Boeing 777-300ER;533;1;1;1;1;1;1;508;86;610
3296;NH;NH045;SYD;HND;;920;615;;1111111;Boeing 777-300ER;545;1;1;1;1;1;1;508;85;615
3297;NH;NH046;HND;DEL;;910;505;;1111111;Boeing 787-9;467;1;1;1;1;1;1;320;87;505
3298;NH;NH047;DEL;HND;;905;440;;1111111;Boeing 787-9;508;1;1;1;1;0;1;320;91;440
3299;KE;KE014;ICN;CDG;;610;845;;1111111;A330-300;614;1;1;1;1;1;0;580;89;845
3300;KE;KE015;CDG;ICN;;1145;765;;1111111;A330-300;601;1;1;1;0;1;0;580;89;765
3301;KE;KE016;ICN;LHR;;595;835;;1111111;A380-800;551;1;1;1;1;1;0;662;85;835
3302;KE;KE017;LHR;ICN;;1140;765;;1111111;A380-800;638;1;1;1;0;1;0;662;84;765
3303;KE;KE018;ICN;AMS;;585;810;;1111111;Boeing 787-9;598;1;1;1;0;1;0;467;86;810
3304;KE;KE019;AMS;ICN;;1125;735;;1111111;Boeing 787-9;513;1;1;1;1;0;0;467;87;735
3305;KE;KE020;ICN;FRA;;585;810;;1111111;Boeing 787-9;526;1;1;1;0;1;0;467;86;810
3306;KE;KE021;FRA;ICN;;1130;735;;1111111;Boeing 787-9;560;1;1;1;0;1;0;467;81;735
3307;KE;KE022;ICN;MAD;;600;940;;1111111;A380-800;624;1;1;1;1;1;1;745;84;940
3308;KE;KE023;MAD;ICN;;1130;855;;1111111;A380-800;672;1;1;1;0;1;0;745;78;855
3309;KE;KE024;ICN;BCN;;610;910;;1111111;Boeing 787-9;590;1;1;1;0;1;1;524;78;910
3310;KE;KE025;BCN;ICN;;1120;820;;1111111;Boeing 787-9;613;1;1;1;1;1;0;524;79;820
3311;KE;KE026;ICN;FCO;;600;855;;1111111;A330-300;543;1;1;1;1;1;0;583;84;855
3312;KE;KE027;FCO;ICN;;1145;765;;1111111;A330-300;589;1;1;1;0;1;1;583;84;765
3313;KE;KE028;ICN;MXP;;585;845;;0101010;Boeing 777-300ER;600;1;1;1;1;1;0;577;76;845
3314;KE;KE029;MXP;ICN;;1125;760;;0010101;Boeing 777-300ER;560;1;1;1;0;1;1;577;89;760
3315;KE;KE030;ICN;ZRH;;610;830;;0110110;A330-300;575;1;1;1;1;1;1;568;78;830
3316;KE;KE031;ZRH;ICN;;1130;750;;0011011;A330-300;526;1;1;1;1;1;1;568;83;750
3317;KE;KE032;ICN;VIE;;605;790;;1001001;A330-300;515;1;1;1;0;1;0;536;83;790
3318;KE;KE033;VIE;ICN;;1135;705;;1100100;A330-300;562;1;1;1;0;1;1;536;78;705
3319;KE;KE034;ICN;PRG;;585;785;;1010100;Boeing 777-300ER;582;1;1;1;0;0;0;535;76;785
3320;KE;KE035;PRG;ICN;;1145;705;;0101010;Boeing 777-300ER;626;1;1;1;1;0;0;535;88;705
3321;KE;KE036;ICN;IST;;610;770;;1111111;A330-300;508;1;1;1;0;0;1;515;86;770
3322;KE;KE037;IST;ICN;;1125;675;;1111111;A330-300;484;1;1;1;0;1;1;515;79;675
3323;KE;KE038;ICN;DXB;;1080;575;;1111111;A380-800;475;1;1;1;0;1;0;503;80;575
3324;KE;KE039;DXB;ICN;;450;500;;1111111;A380-800;440;1;1;1;0;1;0;503;76;500
3325;KE;KE040;ICN;DEL;;890;410;;1111110;Boeing 777-300ER;419;1;1;1;0;0;0;302;84;410
3326;KE;KE041;DEL;ICN;;885;355;;0111111;Boeing 777-300ER;364;1;1;1;0;1;1;302;86;355
3327;KE;KE1200;ICN;BKK;;570;320;;1111111;Boeing 737-900;318;1;1;1;1;0;0;293;88;320
3328;KE;KE1201;BKK;ICN;;575;290;;1111111;Boeing 737-900;337;1;1;1;1;0;0;293;88;290
3329;KE;KE1202;ICN;BKK;;1045;320;;1111111;A321neo;354;1;1;1;1;0;0;246;89;320
3330;KE;KE1203;BKK;ICN;;1035;290;;1111111;A321neo;322;1;1;1;1;1;0;246;88;290
3331;KE;KE042;ICN;SIN;;870;385;;1111111;A380-800;391;1;1;1;1;1;1;346;78;385
3332;KE;KE043;SIN;ICN;;875;375;;1111111;A380-800;381;1;1;1;0;1;0;346;82;375
3333;KE;KE044;ICN;DPS;;875;430;;1111111;Boeing 777-300ER;403;1;1;1;0;1;0;343;84;430
3334;KE;KE045;DPS;ICN;;895;425;;1111111;Boeing 777-300ER;426;1;1;1;0;1;1;343;84;425
3335;KE;KE1204;ICN;HKG;;800;205;;1111111;Boeing 737-900;227;1;1;1;0;0;0;165;85;205
3336;KE;KE1205;HKG;ICN;;800;190;;1111111;Boeing 737-900;215;1;1;1;1;0;0;165;83;190
3337;KE;KE046;ICN;SYD;;880;645;;0111011;A330-300;559;1;1;1;1;1;0;542;80;645
3338;KE;KE047;SYD;ICN;;890;655;;1011101;A330-300;598;1;1;1;0;1;0;542;85;655
3339;KE;KE048;ICN;JFK;;1080;835;;1111111;Boeing 787-9;678;1;1;1;1;1;0;606;76;835
3340;KE;KE049;JFK;ICN;;790;870;;1111111;Boeing 787-9;678;1;1;1;0;1;0;606;83;870
3341;KE;KE050;ICN;LAX;;1075;705;;1111111;Boeing 787-9;656;1;1;1;1;1;1;526;87;705
3342;KE;KE051;LAX;ICN;;785;790;;1111111;Boeing 787-9;581;1;1;1;1;1;1;526;79;790
3343;KE;KE052;ICN;SFO;;1090;665;;1110110;A380-800;579;1;1;1;0;1;0;679;83;665
3344;KE;KE053;SFO;ICN;;785;750;;0111011;A380-800;556;1;1;1;1;1;0;679;76;750
3345;SQ;SQ014;SIN;CDG;;70;870;;1111111;Boeing 787-10;803;1;1;1;1;1;1;586;80;870
3346;SQ;SQ015;CDG;SIN;;750;765;;1111111;Boeing 787-10;799;1;1;1;1;1;1;586;79;765
3347;SQ;SQ016;SIN;CDG;;670;870;;1111111;A350-900;698;1;1;1;1;0;1;586;85;870
3348;SQ;SQ017;CDG;SIN;;1255;765;;1111111;A350-900;811;1;1;1;1;1;1;586;83;765
3349;SQ;SQ018;SIN;LHR;;45;880;;1111111;Boeing 777-300ER;758;1;1;1;1;1;1;707;88;880
3350;SQ;SQ019;LHR;SIN;;745;775;;1111111;Boeing 777-300ER;826;1;1;1;1;1;1;707;91;775
3351;SQ;SQ020;SIN;LHR;;685;880;;1111111;A380-800;824;1;1;1;1;0;1;813;78;880
3352;SQ;SQ021;LHR;SIN;;1250;775;;1111111;A380-800;736;1;1;1;1;0;1;813;89;775
3353;SQ;SQ022;SIN;AMS;;580;850;;1111111;A380-800;721;1;1;1;1;1;1;786;80;850
3354;SQ;SQ023;AMS;SIN;;1100;750;;1111111;A380-800;755;1;1;1;1;1;1;786;90;750
3355;SQ;SQ024;SIN;FRA;;580;835;;1111111;A380-800;739;1;1;1;0;1;1;768;81;835
3356;SQ;SQ025;FRA;SIN;;1105;735;;1111111;A380-800;746;1;1;1;1;1;1;768;81;735
3357;SQ;SQ026;SIN;MUC;;145;820;;1111111;A380-800;792;1;1;1;1;1;1;752;90;820
3358;SQ;SQ027;MUC;SIN;;1100;720;;1111111;A380-800;789;1;1;1;1;1;1;752;78;720
3359;SQ;SQ028;SIN;BCN;;585;855;;1111111;A380-800;700;1;1;1;1;1;1;815;90;855
3360;SQ;SQ029;BCN;SIN;;1105;815;;1111111;A380-800;856;1;1;1;1;1;1;815;86;815
3361;SQ;SQ030;SIN;FCO;;590;790;;1111111;Boeing 787-10;739;1;1;1;1;0;1;549;85;790
3362;SQ;SQ031;FCO;SIN;;1100;755;;1111111;Boeing 787-10;787;1;1;1;1;1;1;549;85;755
3363;SQ;SQ032;SIN;MXP;;575;840;;1111111;A380-800;745;1;1;1;1;1;1;771;89;840
3364;SQ;SQ033;MXP;SIN;;1110;735;;1111111;A380-800;760;1;1;1;1;1;1;771;86;735
3365;SQ;SQ034;SIN;ZRH;;145;840;;1111111;Boeing 787-10;732;1;1;1;1;1;1;563;82;840
3366;SQ;SQ035;ZRH;SIN;;1100;735;;1111111;Boeing 787-10;755;1;1;1;1;1;1;563;78;735
3367;SQ;SQ036;SIN;CPH;;575;805;;1111111;A350-900;714;1;1;1;1;1;1;544;82;805
3368;SQ;SQ037;CPH;SIN;;1100;715;;1111111;A350-900;727;1;1;1;1;1;1;544;79;715
3369;SQ;SQ038;SIN;BRU;;585;855;;1111111;A380-800;706;1;1;1;1;1;1;789;78;855
3370;SQ;SQ039;BRU;SIN;;1105;755;;1111111;A380-800;780;1;1;1;1;1;1;789;77;755
3371;SQ;SQ040;SIN;IST;;580;690;;1111111;Boeing 787-10;665;1;1;1;1;1;1;474;85;690
3372;SQ;SQ041;IST;SIN;;1110;655;;1111111;Boeing 787-10;610;1;1;1;1;1;1;474;79;655
3373;SQ;SQ1000;SIN;DEL;;785;350;;1111111;A350-900;438;1;1;1;1;0;1;279;89;350
3374;SQ;SQ1001;DEL;SIN;;785;335;;1111111;A350-900;363;1;1;1;1;1;1;279;77;335
3375;SQ;SQ1002;SIN;BKK;;475;140;;1111111;Boeing 737 MAX 8;209;1;1;1;1;1;1;119;86;140
3376;SQ;SQ1003;BKK;SIN;;485;140;;1111111;Boeing 737 MAX 8;202;1;1;1;1;0;1;119;87;140
3377;SQ;SQ1004;SIN;BKK;;780;140;;1111111;Boeing 737 MAX 8;203;1;1;1;1;1;1;119;81;140
3378;SQ;SQ1005;BKK;SIN;;775;140;;1111111;Boeing 737 MAX 8;189;1;1;1;1;0;1;119;81;140
3379;SQ;SQ1006;SIN;BKK;;1085;140;;1111111;Boeing 737 MAX 8;178;1;1;1;1;1;1;119;79;140
3380;SQ;SQ1007;BKK;SIN;;1105;140;;1111111;Boeing 737 MAX 8;197;1;1;1;1;1;1;119;88;140
3381;SQ;SQ1008;SIN;DPS;;780;160;;1111111;Boeing 737 MAX 8;223;1;1;1;1;1;1;112;87;160
3382;SQ;SQ1009;DPS;SIN;;775;170;;1111111;Boeing 737 MAX 8;232;1;1;1;1;0;1;112;85;170
3383;SQ;SQ1010;SIN;HKG;;795;220;;1111111;Boeing 737 MAX 8;237;1;1;1;1;1;1;172;77;220
3384;SQ;SQ1011;HKG;SIN;;790;225;;1111111;Boeing 737 MAX 8;234;1;1;1;1;0;1;172;84;225
3385;SQ;SQ042;SIN;ICN;;855;375;;1111111;Boeing 777-300ER;459;1;1;1;1;1;1;301;77;375
3386;SQ;SQ043;ICN;SIN;;870;385;;1111111;Boeing 777-300ER;396;1;1;1;1;1;1;301;90;385
3387;SQ;SQ044;SIN;HND;;845;420;;1111111;Boeing 777-300ER;471;1;1;1;1;1;1;344;91;420
3388;SQ;SQ045;HND;SIN;;850;435;;1111111;Boeing 777-300ER;480;1;1;1;0;1;1;344;84;435
3389;SQ;SQ046;SIN;SYD;;850;490;;1111111;Boeing 787-10;530;1;1;1;1;1;1;344;87;490
3390;SQ;SQ047;SYD;SIN;;845;510;;1111111;Boeing 787-10;566;1;1;1;1;1;1;344;86;510
3391;SQ;SQ048;SIN;JFK;;980;1165;;1111111;A350-900;944;1;1;1;1;1;1;838;84;1165
3392;SQ;SQ049;JFK;SIN;;660;1160;;1111111;A350-900;1094;1;1;1;1;1;1;838;86;1160
3393;SQ;SQ050;SIN;JFK;;1150;1165;;1111111;Boeing 777-300ER;998;1;1;1;1;1;1;997;90;1165
3394;SQ;SQ051;JFK;SIN;;865;1160;;1111111;Boeing 777-300ER;974;1;1;1;1;1;1;997;88;1160
3395;SQ;SQ052;SIN;LAX;;1075;1050;;1111111;A350-900;870;1;1;1;1;1;1;770;83;1050
3396;SQ;SQ053;LAX;SIN;;755;1100;;1111111;A350-900;907;1;1;1;1;1;1;770;85;1100
3397;SQ;SQ054;SIN;SFO;;1055;1015;;1111111;Boeing 777-300ER;960;1;1;1;1;0;1;883;86;1015
3398;SQ;SQ055;SFO;SIN;;770;1060;;1111111;Boeing 777-300ER;938;1;1;1;1;1;1;883;80;1060
3399;SQ;SQ056;SIN;JNB;;860;690;;1111111;Boeing 777-300ER;703;1;1;1;0;1;1;563;82;690
3400;SQ;SQ057;JNB;SIN;;870;655;;1111111;Boeing 777-300ER;590;1;1;1;1;1;1;563;80;655
3401;SQ;SQ1012;SIN;MLE;;785;290;;1111111;Boeing 737 MAX 8;333;1;1;1;1;0;1;228;85;290
3402;SQ;SQ1013;MLE;SIN;;800;275;;1111111;Boeing 737 MAX 8;342;1;1;1;1;1;1;228;82;275
3403;CX;CX014;HKG;CDG;;645;810;;1111111;A350-900;762;1;1;1;1;1;1;524;80;810
3404;CX;CX015;CDG;HKG;;1190;720;;1111111;A350-900;660;1;1;1;1;1;0;524;86;720
3405;CX;CX016;HKG;LHR;;635;810;;1111111;Boeing 777-300ER;701;1;1;1;1;1;0;626;79;810
3406;CX;CX017;LHR;HKG;;1185;725;;1111111;Boeing 777-300ER;717;1;1;1;1;1;1;626;78;725
3407;CX;CX018;HKG;AMS;;645;780;;1111111;A350-1000;704;1;1;1;1;1;0;506;87;780
3408;CX;CX019;AMS;HKG;;1170;695;;1111111;A350-1000;656;1;1;1;1;1;1;506;82;695
3409;CX;CX020;HKG;FRA;;635;775;;1111111;A350-900;643;1;1;1;1;1;0;500;82;775
3410;CX;CX021;FRA;HKG;;1190;690;;1111111;A350-900;690;1;1;1;1;1;1;500;87;690
3411;CX;CX022;HKG;MAD;;635;885;;1111111;Boeing 777-300ER;825;1;1;1;1;1;0;683;77;885
3412;CX;CX023;MAD;HKG;;1185;790;;1111111;Boeing 777-300ER;727;1;1;1;1;1;0;683;78;790
3413;CX;CX024;HKG;BCN;;655;850;;1111111;Boeing 777-300ER;702;1;1;1;1;1;0;654;80;850
3414;CX;CX025;BCN;HKG;;1195;755;;1111111;Boeing 777-300ER;781;1;1;1;1;1;0;654;78;755
3415;CX;CX026;HKG;FCO;;630;790;;1111111;A350-1000;696;1;1;1;1;1;0;507;76;790
3416;CX;CX027;FCO;HKG;;1170;695;;1111111;A350-1000;631;1;1;1;1;1;0;507;86;695
3417;CX;CX028;HKG;MXP;;650;795;;1110110;A350-900;729;1;1;1;1;1;1;511;84;795
3418;CX;CX029;MXP;HKG;;1195;700;;0111011;A350-900;660;1;1;1;1;1;1;511;76;700
3419;CX;CX030;HKG;ZRH;;645;785;;0111011;Boeing 777-300ER;607;1;1;1;1;1;1;603;89;785
3420;CX;CX031;ZRH;HKG;;1180;695;;1011101;Boeing 777-300ER;601;1;1;1;1;0;1;603;83;695
3421;CX;CX032;HKG;DUB;;630;820;;1111111;A350-1000;699;1;1;1;1;1;0;537;88;820
3422;CX;CX033;DUB;HKG;;1195;740;;1111111;A350-1000;712;1;1;1;1;1;1;537;88;740
3423;CX;CX034;HKG;DXB;;1145;510;;1111111;Boeing 777-300ER;463;1;1;1;0;1;0;385;90;510
3424;CX;CX035;DXB;HKG;;485;440;;1111111;Boeing 777-300ER;450;1;1;1;0;1;0;385;85;440
3425;CX;CX1000;HKG;DEL;;870;330;;1111111;A321neo;382;1;1;1;0;1;0;252;77;330
3426;CX;CX1001;DEL;HKG;;870;285;;1111111;A321neo;377;1;1;1;1;1;0;252;83;285
3427;CX;CX1002;HKG;BKK;;615;170;;1111111;A321neo;201;1;1;1;1;1;0;113;88;170
3428;CX;CX1003;BKK;HKG;;630;165;;1111111;A321neo;192;1;1;1;1;1;0;113;76;165
3429;CX;CX1004;HKG;BKK;;1080;170;;1111111;A321neo;219;1;1;1;1;1;0;113;85;170
3430;CX;CX1005;BKK;HKG;;1080;165;;1111111;A321neo;223;1;1;1;1;0;0;113;80;165
3431;CX;CX1006;HKG;SIN;;865;225;;1111111;A321neo;287;1;1;1;1;0;0;172;80;225
3432;CX;CX1007;SIN;HKG;;855;220;;1111111;A321neo;241;1;1;1;1;1;0;172;87;220
3433;CX;CX1008;HKG;DPS;;860;285;;1111111;A321neo;402;1;1;1;1;1;0;232;77;285
3434;CX;CX1009;DPS;HKG;;850;285;;1111111;A321neo;408;1;1;1;1;1;0;232;85;285
3435;CX;CX1010;HKG;ICN;;860;190;;1111111;A321neo;216;1;1;1;1;1;0;139;80;190
3436;CX;CX1011;ICN;HKG;;865;205;;1111111;A321neo;234;1;1;1;1;0;0;139;81;205
3437;CX;CX1012;HKG;HND;;615;235;;1111111;A321neo;270;1;1;1;1;1;0;195;85;235
3438;CX;CX1013;HND;HKG;;625;265;;1111111;A321neo;267;1;1;1;1;0;0;195;89;265
3439;CX;CX1014;HKG;HND;;1085;235;;1111111;A321neo;246;1;1;1;1;1;0;195;86;235
3440;CX;CX1015;HND;HKG;;1085;265;;1111111;A321neo;279;1;1;1;1;1;0;195;82;265
3441;CX;CX036;HKG;SYD;;920;570;;1010101;Boeing 777-300ER;573;1;1;1;1;1;0;481;84;570
3442;CX;CX037;SYD;HKG;;915;590;;1101010;Boeing 777-300ER;529;1;1;1;1;1;1;481;77;590
3443;CX;CX038;HKG;JFK;;1140;980;;1111111;A350-900;865;1;1;1;1;0;1;708;78;980
3444;CX;CX039;JFK;HKG;;835;1000;;1111111;A350-900;866;1;1;1;1;1;0;708;88;1000
3445;CX;CX040;HKG;LAX;;1130;850;;1111111;Boeing 777-300ER;841;1;1;1;1;1;0;758;78;850
3446;CX;CX041;LAX;HKG;;825;950;;1111111;Boeing 777-300ER;865;1;1;1;1;1;0;758;80;950
3447;CX;CX042;HKG;SFO;;1125;810;;1001001;A350-900;844;1;1;1;1;1;0;608;87;810
3448;CX;CX043;SFO;HKG;;825;910;;1100100;A350-900;784;1;1;1;1;1;0;608;82;910
3449;CX;CX044;HKG;JNB;;915;845;;1101010;Boeing 777-300ER;741;1;1;1;1;1;0;694;77;845
3450;CX;CX045;JNB;HKG;;920;800;;0110101;Boeing 777-300ER;733;1;1;1;1;1;0;694;80;800
3451;TG;TG014;BKK;CDG;;100;770;;1111111;Boeing 787-9;619;1;1;1;0;1;0;516;81;770
3452;TG;TG015;CDG;BKK;;810;680;;1111111;Boeing 787-9;671;1;1;1;1;1;0;516;83;680
3453;TG;TG016;BKK;CDG;;725;770;;1111111;A350-900;570;1;1;1;0;1;0;516;75;770
3454;TG;TG017;CDG;BKK;;1300;680;;1111111;A350-900;551;1;1;1;0;1;0;516;79;680
3455;TG;TG018;BKK;LHR;;115;780;;1111111;Boeing 787-9;583;1;1;1;1;1;0;523;82;780
3456;TG;TG019;LHR;BKK;;805;690;;1111111;Boeing 787-9;612;1;1;1;1;1;1;523;85;690
3457;TG;TG020;BKK;LHR;;720;780;;1111111;A350-900;649;1;1;1;0;0;0;523;87;780
3458;TG;TG021;LHR;BKK;;1295;690;;1111111;A350-900;676;1;1;1;1;1;0;523;76;690
3459;TG;TG022;BKK;FRA;;630;735;;1111111;A350-900;579;1;1;1;1;1;0;491;79;735
3460;TG;TG023;FRA;BKK;;1165;650;;1111111;A350-900;577;1;1;1;1;1;0;491;83;650
3461;TG;TG024;BKK;MUC;;625;720;;1111111;Boeing 787-9;620;1;1;1;1;1;1;480;87;720
3462;TG;TG025;MUC;BKK;;1165;635;;1111111;Boeing 787-9;547;1;1;1;0;1;0;480;81;635
3463;TG;TG026;BKK;ZRH;;630;740;;1111111;Boeing 777-300ER;633;1;1;1;1;1;0;588;78;740
3464;TG;TG027;ZRH;BKK;;1175;655;;1111111;Boeing 777-300ER;571;1;1;1;1;1;0;588;84;655
3465;TG;TG028;BKK;CPH;;635;705;;1111111;Boeing 787-9;602;1;1;1;0;1;1;472;87;705
3466;TG;TG029;CPH;BKK;;1180;625;;1111111;Boeing 787-9;590;1;1;1;0;1;0;472;86;625
3467;TG;TG030;BKK;BRU;;625;755;;1111111;Boeing 777-300ER;654;1;1;1;0;1;0;602;85;755
3468;TG;TG031;BRU;BKK;;1160;670;;1111111;Boeing 777-300ER;680;1;1;1;1;1;0;602;79;670
3469;TG;TG032;BKK;IST;;115;625;;1111111;Boeing 787-9;559;1;1;1;0;0;0;410;82;625
3470;TG;TG033;IST;BKK;;805;550;;1111111;Boeing 787-9;558;1;1;1;0;1;1;410;78;550
3471;TG;TG034;BKK;IST;;725;625;;1111111;A350-900;520;1;1;1;0;0;1;410;78;625
3472;TG;TG035;IST;BKK;;1295;550;;1111111;A350-900;520;1;1;1;0;1;0;410;86;550
3473;TG;TG1200;BKK;DEL;;615;255;;1111111;A320neo;277;1;1;1;1;1;0;198;87;255
3474;TG;TG1201;DEL;BKK;;620;245;;1111111;A320neo;236;1;1;1;0;1;0;198;87;245
3475;TG;TG1202;BKK;DEL;;1085;255;;1111111;A320neo;259;1;1;1;0;0;0;198;84;255
3476;TG;TG1203;DEL;BKK;;1085;245;;1111111;A320neo;246;1;1;1;1;1;0;198;85;245
3477;TG;TG1204;BKK;SIN;;545;140;;1111111;A320neo;154;1;1;1;0;1;0;119;75;140
3478;TG;TG1205;SIN;BKK;;540;140;;1111111;A320neo;188;1;1;1;1;1;0;119;75;140
3479;TG;TG1206;BKK;SIN;;835;140;;1111111;A320neo;188;1;1;1;0;0;0;119;82;140
3480;TG;TG1207;SIN;BKK;;840;140;;1111111;A320neo;173;1;1;1;1;0;0;119;81;140
3481;TG;TG1208;BKK;SIN;;1160;140;;1111111;A320neo;179;1;1;1;1;1;0;119;83;140
3482;TG;TG1209;SIN;BKK;;1135;140;;1111111;A320neo;153;1;1;1;0;1;0;119;76;140
3483;TG;TG1210;BKK;DPS;;615;245;;1111111;A320neo;285;1;1;1;1;1;0;199;81;245
3484;TG;TG1211;DPS;BKK;;610;255;;1111111;A320neo;269;1;1;1;1;0;0;199;77;255
3485;TG;TG1212;BKK;DPS;;1065;245;;1111111;A320neo;259;1;1;1;1;1;0;199;85;245
3486;TG;TG1213;DPS;BKK;;1085;255;;1111111;A320neo;245;1;1;1;0;0;0;199;77;255
3487;TG;TG1214;BKK;HKG;;605;165;;1111111;A320neo;190;1;1;1;0;1;0;113;84;165
3488;TG;TG1215;HKG;BKK;;625;170;;1111111;A320neo;187;1;1;1;0;1;0;113;80;170
3489;TG;TG1216;BKK;HKG;;1060;165;;1111111;A320neo;167;1;1;1;1;1;0;113;82;165
3490;TG;TG1217;HKG;BKK;;1075;170;;1111111;A320neo;190;1;1;1;1;1;0;113;85;170
3491;TG;TG1218;BKK;ICN;;620;290;;1111111;A320neo;361;1;1;1;0;1;0;246;86;290
3492;TG;TG1219;ICN;BKK;;625;320;;1111111;A320neo;348;1;1;1;1;1;0;246;80;320
3493;TG;TG1220;BKK;ICN;;1070;290;;1111111;A320neo;330;1;1;1;0;1;0;246;85;290
3494;TG;TG1221;ICN;BKK;;1085;320;;1111111;A320neo;308;1;1;1;0;1;0;246;76;320
3495;TG;TG036;BKK;HND;;705;355;;1111111;Boeing 777-300ER;393;1;1;1;1;1;1;298;86;355
3496;TG;TG037;HND;BKK;;695;405;;1111111;Boeing 777-300ER;348;1;1;1;0;0;1;298;81;405
3497;TG;TG038;BKK;HND;;1125;355;;1111111;Boeing 787-9;382;1;1;1;0;1;1;251;81;355
3498;TG;TG039;HND;BKK;;1130;405;;1111111;Boeing 787-9;325;1;1;1;0;1;1;251;81;405
3499;TG;TG040;BKK;SYD;;915;580;;1111111;Boeing 777-300ER;481;1;1;1;0;1;0;488;73;580
3500;TG;TG041;SYD;BKK;;925;605;;1111111;Boeing 777-300ER;508;1;1;1;0;1;1;488;84;605
3501;AI;AI014;DEL;CDG;;640;550;;1111111;Boeing 777-300ER;486;1;1;1;0;1;0;427;70;550
3502;AI;AI015;CDG;DEL;;1180;485;;1111111;Boeing 777-300ER;478;1;1;1;0;1;0;427;65;485
3503;AI;AI016;DEL;LHR;;645;560;;1111111;Boeing 787-8;502;1;1;1;0;0;1;368;67;560
3504;AI;AI017;LHR;DEL;;1190;495;;1111111;Boeing 787-8;506;1;1;1;1;1;1;368;67;495
3505;AI;AI018;DEL;AMS;;660;535;;1111111;A350-900;467;1;1;1;0;1;1;347;68;535
3506;AI;AI019;AMS;DEL;;1190;470;;1111111;A350-900;460;1;1;1;0;0;0;347;71;470
3507;AI;AI020;DEL;FRA;;650;515;;1111111;Boeing 777-300ER;416;1;1;1;0;1;1;398;70;515
3508;AI;AI021;FRA;DEL;;1195;455;;1111111;Boeing 777-300ER;475;1;1;1;1;1;0;398;64;455
3509;AI;AI022;DEL;MXP;;655;520;;1111111;Boeing 777-300ER;495;1;1;1;0;1;0;400;68;520
3510;AI;AI023;MXP;DEL;;1185;455;;1111111;Boeing 777-300ER;503;1;1;1;0;1;1;400;73;455
3511;AI;AI024;DEL;CPH;;660;490;;0111011;Boeing 787-8;487;1;1;1;1;1;1;319;69;490
3512;AI;AI025;CPH;DEL;;1200;435;;1011101;Boeing 787-8;459;1;1;1;0;0;1;319;73;435
3513;AI;AI026;DEL;VIE;;650;470;;0111011;Boeing 777-300ER;429;1;1;1;1;1;0;361;65;470
3514;AI;AI027;VIE;DEL;;1195;415;;1011101;Boeing 777-300ER;408;1;1;1;1;1;1;361;75;415
3515;AI;AI1400;DEL;DXB;;635;220;;1111111;A320neo;205;1;1;1;1;1;0;147;71;220
3516;AI;AI1401;DXB;DEL;;645;190;;1111111;A320neo;194;1;1;1;1;0;0;147;67;190
3517;AI;AI1402;DEL;DXB;;1090;220;;1111111;A321neo;226;1;1;1;0;1;0;147;63;220
3518;AI;AI1403;DXB;DEL;;1085;190;;1111111;A321neo;235;1;1;1;1;1;0;147;63;190
3519;AI;AI1404;DEL;DOH;;875;235;;1111111;A321neo;245;1;1;1;0;1;0;171;73;235
3520;AI;AI1405;DOH;DEL;;875;205;;1111111;A321neo;211;1;1;1;0;1;0;171;67;205
3521;AI;AI1406;DEL;BKK;;620;245;;1111111;A320neo;272;1;1;1;0;1;0;198;74;245
3522;AI;AI1407;BKK;DEL;;645;255;;1111111;A320neo;281;1;1;1;1;1;0;198;72;255
3523;AI;AI1408;DEL;BKK;;1080;245;;1111111;A321neo;282;1;1;1;0;1;0;198;68;245
3524;AI;AI1409;BKK;DEL;;1085;255;;1111111;A321neo;271;1;1;1;0;1;0;198;67;255
3525;AI;AI1410;DEL;SIN;;850;335;;1111111;Boeing 787-8;327;1;1;1;0;0;0;279;70;335
3526;AI;AI1411;SIN;DEL;;870;350;;1111111;Boeing 787-8;324;1;1;1;1;0;0;279;63;350
3527;AI;AI1412;DEL;HKG;;850;285;;1111111;A320neo;355;1;1;1;0;1;0;252;71;285
3528;AI;AI1413;HKG;DEL;;865;330;;1111111;A320neo;332;1;1;1;0;1;0;252;74;330
3529;AI;AI028;DEL;HND;;920;440;;1111111;Boeing 777-300ER;466;1;1;1;0;1;0;381;67;440
3530;AI;AI029;HND;DEL;;940;505;;1111111;Boeing 777-300ER;444;1;1;1;0;1;0;381;67;505
3531;AI;AI030;DEL;SYD;;915;785;;0101010;Boeing 777-300ER;613;1;1;1;1;1;0;678;68;785
3532;AI;AI031;SYD;DEL;;925;825;;0010101;Boeing 777-300ER;682;1;1;1;0;1;1;678;75;825
3533;AI;AI032;DEL;JFK;;1130;930;;1111111;Boeing 787-8;706;1;1;1;0;1;0;642;76;930
3534;AI;AI033;JFK;DEL;;840;870;;1111111;Boeing 787-8;784;1;1;1;0;1;0;642;70;870
3535;AI;AI034;DEL;SFO;;1140;925;;1001001;Boeing 777-300ER;805;1;1;1;1;1;1;805;68;925
3536;AI;AI035;SFO;DEL;;845;970;;1100100;Boeing 777-300ER;823;1;1;1;1;1;1;805;69;970
3537;AI;AI036;DEL;YUL;;1130;890;;1111111;Boeing 787-8;703;1;1;1;1;1;0;615;66;890
3538;AI;AI037;YUL;DEL;;845;835;;1111111;Boeing 787-8;708;1;1;1;1;1;0;615;77;835
3539;AI;AI1414;DEL;MLE;;850;235;;1111111;A320neo;263;1;1;1;1;1;0;184;73;235
3540;AI;AI1415;MLE;DEL;;870;235;;1111111;A320neo;257;1;1;1;0;1;0;184;76;235
3541;QF;QF014;SYD;LHR;;1095;1310;;1111111;Boeing 787-9;1102;1;1;1;1;1;1;929;76;1310
3542;QF;QF015;LHR;SYD;;1295;1255;;1111111;Boeing 787-9;932;1;1;1;1;1;1;929;83;1255
3543;QF;QF016;SYD;SIN;;920;510;;1111111;A330-300;468;1;1;1;1;0;1;409;81;510
3544;QF;QF017;SIN;SYD;;915;490;;1111111;A330-300;449;1;1;1;1;1;0;409;70;490
3545;QF;QF018;SYD;DPS;;900;385;;1001001;A380-800;408;1;1;1;1;1;0;345;76;385
3546;QF;QF019;DPS;SYD;;900;370;;1100100;A380-800;410;1;1;1;1;1;0;345;76;370
3547;QF;QF020;SYD;HKG;;915;590;;1111101;A330-300;528;1;1;1;1;0;0;481;81;590
3548;QF;QF021;HKG;SYD;;895;570;;1111110;A330-300;548;1;1;1;1;1;0;481;71;570
3549;QF;QF022;SYD;HND;;900;615;;1111111;A330-300;499;1;1;1;1;1;1;508;72;615
3550;QF;QF023;HND;SYD;;915;610;;1111111;A330-300;502;1;1;1;1;1;0;508;70;610
3551;QF;QF024;SYD;LAX;;745;900;;1111111;A330-300;743;1;1;1;1;1;0;784;71;900
3552;QF;QF025;LAX;SYD;;1370;945;;1111111;A330-300;784;1;1;1;1;1;1;784;80;945
3553;QF;QF026;SYD;SFO;;745;895;;1010101;A380-800;763;1;1;1;1;1;1;893;80;895
3554;QF;QF027;SFO;SYD;;1370;940;;1101010;A380-800;756;1;1;1;0;1;1;893;77;940
3555;QF;QF028;SYD;JFK;;770;1185;;1111111;A380-800;854;1;1;1;0;0;1;1197;82;1185
3556;QF;QF029;JFK;SYD;;1370;1250;;1111111;A380-800;915;1;1;1;1;1;1;1197;70;1250
3557;QF;QF030;SYD;JNB;;920;900;;1101010;Boeing 787-9;682;1;1;1;0;1;0;602;72;900
3558;QF;QF031;JNB;SYD;;900;805;;0110101;Boeing 787-9;775;1;1;1;1;1;1;602;69;805
3559;QF;QF032;SYD;DEL;;910;825;;1001001;A380-800;715;1;1;1;0;1;0;780;72;825
3560;QF;QF033;DEL;SYD;;920;785;;1100100;A380-800;632;1;1;1;0;1;0;780;70;785
3561;QF;QF034;SYD;BKK;;900;605;;1111111;Boeing 787-9;484;1;1;1;1;1;0;410;76;605
3562;QF;QF035;BKK;SYD;;905;580;;1111111;Boeing 787-9;550;1;1;1;0;0;1;410;77;580
3563;UU;UU600;RUN;CDG;;1320;735;;1111111;Boeing 787-8;594;1;1;1;1;1;0;512;66;735
3564;UU;UU601;CDG;RUN;;795;710;;1111111;Boeing 787-8;562;1;1;1;0;0;1;512;66;710
3565;UU;UU602;RUN;LYS;;1310;710;;1101010;Boeing 787-8;644;1;1;1;0;1;1;490;73;710
3566;UU;UU603;LYS;RUN;;795;685;;0110101;Boeing 787-8;524;1;1;1;1;1;0;490;72;685
3567;UU;UU604;RUN;MRS;;1320;695;;1011101;Boeing 787-8;577;1;1;1;0;1;0;481;69;695
3568;UU;UU605;MRS;RUN;;805;670;;1101110;Boeing 787-8;621;1;1;1;0;1;1;481;73;670
3569;UU;UU606;RUN;TLS;;1315;715;;1111111;Boeing 777-300ER;600;1;1;1;0;1;0;588;76;715
3570;UU;UU607;TLS;RUN;;785;690;;1111111;Boeing 777-300ER;589;1;1;1;1;1;1;588;73;690
3571;UU;UU1400;RUN;JNB;;825;260;;1111111;Boeing 737-800;256;1;1;0;0;0;0;227;71;260
3572;UU;UU1401;JNB;RUN;;820;225;;1111111;Boeing 737-800;235;1;1;0;0;0;0;227;74;225
3573;UU;UU608;RUN;BKK;;875;485;;1111111;Boeing 787-8;432;1;1;1;0;1;1;342;76;485
3574;UU;UU609;BKK;RUN;;895;510;;1111111;Boeing 787-8;432;1;1;1;0;1;0;342;76;510
3575;TX;TX600;ORY;PTP;;825;580;;1111111;A350-900;481;1;1;1;1;1;1;369;73;580
3576;TX;TX601;PTP;ORY;;1190;505;;1111111;A350-900;470;1;1;1;1;1;0;369;66;505
3577;TX;TX602;ORY;FDF;;815;585;;1101010;A350-900;508;1;1;1;0;1;1;374;72;585
3578;TX;TX603;FDF;ORY;;1165;515;;0110101;A350-900;458;1;1;1;1;1;0;374;69;515
3579;TX;TX604;ORY;CUN;;800;695;;1111111;A350-900;598;1;1;1;1;1;0;448;65;695
3580;TX;TX605;CUN;ORY;;1180;610;;1111111;A350-900;603;1;1;1;1;1;0;448;65;610
3581;TX;TX1400;PTP;FDF;;835;45;;1111111;A350-900;91;1;1;0;1;1;0;16;76;45
3582;TX;TX1401;FDF;PTP;;835;45;;1111111;A350-900;93;1;1;0;1;0;0;16;70;45
3583;SS;SS600;ORY;PTP;;775;580;;1111110;A330-900neo;425;1;1;1;1;1;0;369;71;580
3584;SS;SS601;PTP;ORY;;1155;505;;0111111;A330-900neo;461;1;1;1;0;1;1;369;67;505
3585;SS;SS602;ORY;FDF;;780;585;;1111111;A330-900neo;485;1;1;1;1;1;0;374;67;585
3586;SS;SS603;FDF;ORY;;1140;515;;1111111;A330-900neo;503;1;1;1;1;0;0;374;67;515
3587;SS;SS604;ORY;RUN;;760;710;;1110110;A330-900neo;539;1;1;1;1;1;1;511;68;710
3588;SS;SS605;RUN;ORY;;1280;735;;0111011;A330-900neo;609;1;1;1;0;1;0;511;70;735
3589;SS;SS606;ORY;ABJ;;760;400;;0101010;A330-900neo;368;1;1;1;0;1;0;266;74;400
3590;SS;SS607;ABJ;ORY;;1275;390;;0010101;A330-900neo;426;1;1;1;0;1;0;266;75;390
3591;SS;SS1400;ORY;DSS;;795;360;;1111111;A330-900neo;404;1;1;0;1;0;0;281;75;360
3592;SS;SS1401;DSS;ORY;;795;335;;1111111;A330-900neo;385;1;1;0;0;1;0;281;66;335
3593;SS;SS608;ORY;YUL;;770;475;;1111111;A330-900neo;398;1;1;1;0;1;0;302;65;475
3594;SS;SS609;YUL;ORY;;1135;420;;1111111;A330-900neo;474;1;1;1;0;1;1;302;73;420
3595;SS;SS610;LYS;RUN;;765;685;;1101010;A330-900neo;536;1;1;1;0;1;0;490;62;685
3596;SS;SS611;RUN;LYS;;1265;710;;0110101;A330-900neo;582;1;1;1;0;0;0;490;73;710
3597;SS;SS612;MRS;RUN;;755;670;;0110110;A330-900neo;563;1;1;1;1;0;0;481;68;670
3598;SS;SS613;RUN;MRS;;1290;695;;0011011;A330-900neo;614;1;1;1;0;1;0;481;73;695
3599;BF;BF400;ORY;RUN;;685;710;;1101010;A350-900;397;1;0;0;1;1;0;511;78;710
3600;BF;BF401;RUN;ORY;;1250;735;;0110101;A350-900;350;1;0;0;1;1;0;511;79;735
3601;BF;BF402;ORY;SFO;;695;735;;1110110;A350-1000;353;1;0;0;1;1;0;490;78;735
3602;BF;BF403;SFO;ORY;;1080;670;;0111011;A350-1000;415;1;0;0;1;1;0;490;72;670
3603;BF;BF404;ORY;LAX;;710;750;;1001001;A350-900;348;1;0;0;1;1;0;498;72;750
3604;BF;BF405;LAX;ORY;;1085;675;;1100100;A350-900;402;1;0;0;0;1;0;498;70;675
3605;BF;BF406;ORY;JFK;;700;500;;1101010;A350-900;294;1;0;0;1;1;0;319;80;500
3606;BF;BF407;JFK;ORY;;1090;440;;0110101;A350-900;304;1;0;0;1;0;0;319;68;440
3607;U2;U25000;CDG;NCE;;440;85;;1111111;A319;60;0;0;0;0;1;0;69;72;85
3608;U2;U25001;NCE;CDG;;440;95;;1111111;A319;56;0;0;0;0;1;0;69;65;95
3609;U2;U25002;CDG;NCE;;760;85;;1111111;A320;61;0;0;0;0;0;0;69;66;85
3610;U2;U25003;NCE;CDG;;755;95;;1111111;A320;56;0;0;0;0;1;0;69;69;95
3611;U2;U25004;CDG;NCE;;1055;85;;1111111;A320neo;67;0;0;0;0;1;0;58;67;85
3612;U2;U25005;NCE;CDG;;1070;95;;1111111;A320neo;61;0;0;0;0;1;0;58;66;95
3613;U2;U25006;TLS;CDG;;595;80;;1111111;A320;56;0;0;0;0;0;0;61;72;80
3614;U2;U25007;CDG;TLS;;595;85;;1111111;A320;58;0;0;0;0;0;0;61;65;85
3615;U2;U25008;CDG;BOD;;585;75;;1111111;A321neo;58;0;0;0;0;0;0;44;69;75
3616;U2;U25009;BOD;CDG;;600;75;;1111111;A321neo;57;0;0;0;0;1;0;44;74;75
3617;U2;U25010;LGW;CDG;;485;55;;1111111;A319;47;0;0;0;0;1;0;31;67;55
3618;U2;U25011;CDG;LGW;;480;55;;1111111;A319;43;0;0;0;0;0;0;31;73;55
3619;U2;U25012;LGW;CDG;;940;55;;1111111;A320;40;0;0;0;0;0;0;31;66;55
3620;U2;U25013;CDG;LGW;;940;55;;1111111;A320;48;0;0;0;0;1;0;31;73;55
3621;U2;U25014;CDG;AMS;;475;60;;1111111;A320;43;0;0;0;0;0;0;40;74;60
3622;U2;U25015;AMS;CDG;;475;65;;1111111;A320;48;0;0;0;0;0;0;40;65;65
3623;U2;U25016;CDG;AMS;;935;60;;1111111;A320neo;44;0;0;0;0;0;0;33;78;60
3624;U2;U25017;AMS;CDG;;935;65;;1111111;A320neo;49;0;0;0;0;1;0;33;76;65
3625;U2;U25018;CDG;BER;;475;90;;1111111;A321neo;63;0;0;0;0;0;0;72;75;90
3626;U2;U25019;BER;CDG;;495;100;;1111111;A321neo;68;0;0;0;0;1;0;72;78;100
3627;U2;U25020;CDG;BER;;945;90;;1111111;A319;69;0;0;0;0;0;0;86;77;90
3628;U2;U25021;BER;CDG;;950;100;;1111111;A319;65;0;0;0;0;0;0;86;75;100
3629;U2;U25022;CDG;MAD;;480;115;;1111111;A319;76;0;0;0;0;0;0;106;66;115
3630;U2;U25023;MAD;CDG;;480;110;;1111111;A319;63;0;0;0;0;1;0;106;76;110
3631;U2;U25024;CDG;MAD;;940;115;;1111111;A320;77;0;0;0;0;0;0;106;69;115
3632;U2;U25025;MAD;CDG;;930;110;;1111111;A320;65;0;0;0;0;0;0;106;72;110
3633;U2;U25026;CDG;BCN;;495;95;;1111111;A320;63;0;0;0;0;0;0;86;75;95
3634;U2;U25027;BCN;CDG;;485;95;;1111111;A320;72;0;0;0;0;0;0;86;70;95
3635;U2;U25028;CDG;BCN;;930;95;;1111111;A320neo;70;0;0;0;0;1;0;72;72;95
3636;U2;U25029;BCN;CDG;;960;95;;1111111;A320neo;70;0;0;0;0;1;0;72;70;95
3637;U2;U25030;CDG;PMI;;605;110;;1111111;A319;78;0;0;0;0;0;0;105;72;110
3638;U2;U25031;PMI;CDG;;590;110;;1111111;A319;73;0;0;0;0;0;0;105;68;110
3639;U2;U25032;CDG;LIS;;490;150;;1111111;A320neo;78;0;0;0;0;0;0;124;72;150
3640;U2;U25033;LIS;CDG;;470;140;;1111111;A320neo;84;0;0;0;0;0;0;124;65;140
3641;U2;U25034;CDG;LIS;;955;150;;1111111;A321neo;77;0;0;0;0;0;0;124;79;150
3642;U2;U25035;LIS;CDG;;955;140;;1111111;A321neo;89;0;0;0;0;1;0;124;68;140
3643;U2;U25036;CDG;OPO;;590;130;;1111111;A320neo;76;0;0;0;0;1;0;103;76;130
3644;U2;U25037;OPO;CDG;;585;120;;1111111;A320neo;86;0;0;0;0;1;0;103;75;120
3645;U2;U25038;CDG;FCO;;475;110;;1111111;A320neo;77;0;0;0;0;1;0;92;70;110
3646;U2;U25039;FCO;CDG;;490;120;;1111111;A320neo;68;0;0;0;0;1;0;92;70;120
3647;U2;U25040;CDG;FCO;;935;110;;1111111;A321neo;67;0;0;0;0;1;0;92;67;110
3648;U2;U25041;FCO;CDG;;940;120;;1111111;A321neo;65;0;0;0;0;1;0;92;78;120
3649;U2;U25042;MXP;CDG;;490;85;;1111111;A321neo;59;0;0;0;0;1;0;50;66;85
3650;U2;U25043;CDG;MXP;;490;75;;1111111;A321neo;52;0;0;0;0;1;0;50;65;75
3651;U2;U25044;MXP;CDG;;955;85;;1111111;A319;61;0;0;0;0;0;0;60;66;85
3652;U2;U25045;CDG;MXP;;940;75;;1111111;A319;60;0;0;0;0;0;0;60;72;75
3653;U2;U25046;GVA;CDG;;595;65;;1111111;A320neo;45;0;0;0;0;1;0;34;71;65
3654;U2;U25047;CDG;GVA;;590;60;;1111111;A320neo;43;0;0;0;0;1;0;34;77;60
3655;U2;U25048;CDG;VIE;;605;105;;1111111;A320neo;66;0;0;0;0;0;0;87;77;105
3656;U2;U25049;VIE;CDG;;595;120;;1111111;A320neo;77;0;0;0;0;1;0;87;68;120
3657;U2;U25050;CDG;CPH;;610;105;;1111111;A320;72;0;0;0;0;0;0;100;66;105
3658;U2;U25051;CPH;CDG;;605;115;;1111111;A320;72;0;0;0;0;0;0;100;74;115
3659;U2;U25052;CDG;PRG;;605;90;;1111111;A321neo;62;0;0;0;0;0;0;72;78;90
3660;U2;U25053;PRG;CDG;;585;100;;1111111;A321neo;67;0;0;0;0;0;0;72;69;100
3661;U2;U25054;CDG;ATH;;480;185;;1111111;A320;111;0;0;0;0;1;0;169;75;185
3662;U2;U25055;ATH;CDG;;485;210;;1111111;A320;112;0;0;0;0;0;0;169;76;210
3663;U2;U25056;CDG;ATH;;950;185;;1111111;A320neo;96;0;0;0;0;1;0;142;70;185
3664;U2;U25057;ATH;CDG;;950;210;;1111111;A320neo;100;0;0;0;0;0;0;142;73;210
3665;U2;U25058;CDG;CMN;;475;190;;1111111;A319;88;0;0;0;0;0;0;154;78;190
3666;U2;U25059;CMN;CDG;;485;180;;1111111;A319;100;0;0;0;0;0;0;154;73;180
3667;U2;U25060;CDG;CMN;;945;190;;1111111;A320;106;0;0;0;0;1;0;154;76;190
3668;U2;U25061;CMN;CDG;;960;180;;1111111;A320;89;0;0;0;0;0;0;154;77;180
3669;U2;U25062;CDG;RAK;;480;210;;1111111;A319;97;0;0;0;0;0;0;170;67;210
3670;U2;U25063;RAK;CDG;;475;195;;1111111;A319;109;0;0;0;0;1;0;170;70;195
3671;U2;U25064;CDG;RAK;;940;210;;1111111;A320;109;0;0;0;0;1;0;170;71;210
3672;U2;U25065;RAK;CDG;;940;195;;1111111;A320;111;0;0;0;0;1;0;170;79;195
3673;U2;U25066;CDG;TUN;;615;140;;1111111;A321neo;76;0;0;0;0;1;0;125;69;140
3674;U2;U25067;TUN;CDG;;595;150;;1111111;A321neo;79;0;0;0;0;1;0;125;76;150
3675;U2;U25068;ORY;NCE;;405;85;;1111111;A319;58;0;0;0;0;1;0;67;74;85
3676;U2;U25069;NCE;ORY;;405;90;;1111111;A319;62;0;0;0;0;0;0;67;66;90
3677;U2;U25070;ORY;NCE;;610;85;;1111111;A320;62;0;0;0;0;0;0;67;72;85
3678;U2;U25071;NCE;ORY;;590;90;;1111111;A320;59;0;0;0;0;0;0;67;71;90
3679;U2;U25072;ORY;NCE;;795;85;;1111111;A320neo;61;0;0;0;0;1;0;57;69;85
3680;U2;U25073;NCE;ORY;;795;90;;1111111;A320neo;55;0;0;0;0;0;0;57;72;90
3681;U2;U25074;ORY;NCE;;955;85;;1111111;A321neo;52;0;0;0;0;1;0;57;78;85
3682;U2;U25075;NCE;ORY;;955;90;;1111111;A321neo;52;0;0;0;0;1;0;57;70;90
3683;U2;U25076;ORY;NCE;;1145;85;;1111111;A319;53;0;0;0;0;0;0;67;74;85
3684;U2;U25077;NCE;ORY;;1150;90;;1111111;A319;58;0;0;0;0;0;0;67;78;90
3685;U2;U25078;TLS;ORY;;600;80;;0010001;A320;52;0;0;0;0;0;0;57;70;80
3686;U2;U25079;ORY;TLS;;610;80;;0010001;A320;56;0;0;0;0;1;0;57;66;80
3687;U2;U25080;BOD;ORY;;605;70;;1010101;A321neo;51;0;0;0;0;1;0;41;79;70
3688;U2;U25081;ORY;BOD;;610;75;;1010101;A321neo;55;0;0;0;0;1;0;41;75;75
3689;U2;U25082;ORY;MRS;;610;80;;0110110;A320neo;58;0;0;0;0;0;0;53;73;80
3690;U2;U25083;MRS;ORY;;610;85;;0110110;A320neo;66;0;0;0;0;0;0;53;78;85
3691;U2;U25084;ORY;NTE;;600;60;;1010100;A321neo;48;0;0;0;0;0;0;29;76;60
3692;U2;U25085;NTE;ORY;;610;55;;1010100;A321neo;47;0;0;0;0;0;0;29;73;55
3693;U2;U25086;ORY;LIS;;595;150;;1111111;A320neo;78;0;0;0;0;1;0;121;67;150
3694;U2;U25087;LIS;ORY;;595;135;;1111111;A320neo;75;0;0;0;0;1;0;121;68;135
3695;U2;U25088;ORY;OPO;;610;130;;1101010;A320neo;73;0;0;0;0;1;0;101;73;130
3696;U2;U25089;OPO;ORY;;610;120;;1101010;A320neo;75;0;0;0;0;0;0;101;66;120
3697;U2;U25090;ORY;BCN;;475;95;;1111111;A320;68;0;0;0;0;0;0;83;70;95
3698;U2;U25091;BCN;ORY;;475;95;;1111111;A320;60;0;0;0;0;0;0;83;70;95
3699;U2;U25092;ORY;BCN;;930;95;;1111111;A320neo;63;0;0;0;0;0;0;69;69;95
3700;U2;U25093;BCN;ORY;;945;95;;1111111;A320neo;63;0;0;0;0;1;0;69;73;95
3701;U2;U25094;ORY;MAD;;475;115;;1111111;A319;69;0;0;0;0;0;0;103;76;115
3702;U2;U25095;MAD;ORY;;475;105;;1111111;A319;64;0;0;0;0;0;0;103;72;105
3703;U2;U25096;ORY;MAD;;930;115;;1111111;A320;63;0;0;0;0;0;0;103;68;115
3704;U2;U25097;MAD;ORY;;950;105;;1111111;A320;70;0;0;0;0;0;0;103;65;105
3705;U2;U25098;ORY;FCO;;495;110;;1111111;A320neo;78;0;0;0;0;1;0;91;77;110
3706;U2;U25099;FCO;ORY;;490;120;;1111111;A320neo;71;0;0;0;0;1;0;91;67;120
3707;U2;U25100;ORY;FCO;;940;110;;1111111;A321neo;71;0;0;0;0;1;0;91;72;110
3708;U2;U25101;FCO;ORY;;945;120;;1111111;A321neo;78;0;0;0;0;0;0;91;68;120
3709;U2;U25102;MXP;ORY;;595;85;;1111111;A320;54;0;0;0;0;1;0;59;71;85
3710;U2;U25103;ORY;MXP;;600;75;;1111111;A320;61;0;0;0;0;0;0;59;68;75
3711;U2;U25104;GVA;ORY;;595;65;;1101010;A320neo;51;0;0;0;0;1;0;33;67;65
3712;U2;U25105;ORY;GVA;;600;60;;1101010;A320neo;45;0;0;0;0;1;0;33;67;60
3713;U2;U25106;ORY;RAK;;585;205;;1111111;A319;94;0;0;0;0;0;0;168;73;205
3714;U2;U25107;RAK;ORY;;605;195;;1111111;A319;103;0;0;0;0;0;0;168;71;195
3715;U2;U25108;ORY;PMI;;595;110;;1101010;A319;70;0;0;0;0;0;0;102;70;110
3716;U2;U25109;PMI;ORY;;585;110;;1101010;A319;63;0;0;0;0;0;0;102;71;110
3717;U2;U25110;ORY;ATH;;610;185;;1111111;A320;107;0;0;0;0;0;0;168;67;185
3718;U2;U25111;ATH;ORY;;595;210;;1111111;A320;95;0;0;0;0;1;0;168;66;210
3719;U2;U25112;LGW;NCE;;585;105;;0010001;A320neo;75;0;0;0;0;1;0;84;69;105
3720;U2;U25113;NCE;LGW;;595;110;;0010001;A320neo;75;0;0;0;0;1;0;84;65;110
3721;U2;U25114;NCE;AMS;;600;105;;1111111;A321neo;76;0;0;0;0;1;0;82;78;105
3722;U2;U25115;AMS;NCE;;595;105;;1111111;A321neo;75;0;0;0;0;0;0;82;67;105
3723;U2;U25116;BER;NCE;;590;115;;1111101;A320;81;0;0;0;0;1;0;107;77;115
3724;U2;U25117;NCE;BER;;605;110;;1111101;A320;77;0;0;0;0;0;0;107;66;110
3725;U2;U25118;NTE;NCE;;600;95;;1011101;A321neo;64;0;0;0;0;1;0;66;73;95
3726;U2;U25119;NCE;NTE;;600;105;;1011101;A321neo;63;0;0;0;0;1;0;66;79;105
3727;U2;U25120;BOD;NCE;;590;80;;0010001;A320;58;0;0;0;0;0;0;64;68;80
3728;U2;U25121;NCE;BOD;;610;90;;0010001;A320;53;0;0;0;0;0;0;64;72;90
3729;U2;U25122;TLS;NCE;;615;65;;1010101;A321neo;48;0;0;0;0;0;0;39;69;65
3730;U2;U25123;NCE;TLS;;585;75;;1010101;A321neo;47;0;0;0;0;1;0;39;76;75
3731;U2;U25124;NCE;LIS;;610;155;;1111111;A319;84;0;0;0;0;0;0;147;75;155
3732;U2;U25125;LIS;NCE;;610;135;;1111111;A319;80;0;0;0;0;0;0;147;69;135
3733;U2;U25126;NCE;OPO;;600;145;;1110110;A319;79;0;0;0;0;0;0;133;70;145
3734;U2;U25127;OPO;NCE;;600;125;;1110110;A319;79;0;0;0;0;1;0;133;68;125
3735;U2;U25128;NCE;BCN;;595;75;;1111111;A321neo;56;0;0;0;0;1;0;42;77;75
3736;U2;U25129;BCN;NCE;;600;70;;1111111;A321neo;47;0;0;0;0;1;0;42;72;70
3737;U2;U25130;NCE;MAD;;590;110;;1111111;A320neo;69;0;0;0;0;1;0;80;78;110
3738;U2;U25131;MAD;NCE;;590;100;;1111111;A320neo;65;0;0;0;0;0;0;80;75;100
3739;U2;U25132;MXP;NCE;;605;50;;1001001;A321neo;41;0;0;0;0;1;0;21;75;50
3740;U2;U25133;NCE;MXP;;595;50;;1001001;A321neo;40;0;0;0;0;0;0;21;67;50
3741;U2;U25134;GVA;NCE;;615;55;;0010001;A319;42;0;0;0;0;0;0;30;75;55
3742;U2;U25135;NCE;GVA;;615;55;;0010001;A319;47;0;0;0;0;1;0;30;72;55
3743;U2;U25136;NCE;CPH;;595;135;;0110110;A320;77;0;0;0;0;0;0;139;75;135
3744;U2;U25137;CPH;NCE;;585;140;;0110110;A320;88;0;0;0;0;0;0;139;66;140
3745;U2;U25138;NCE;BRU;;590;95;;1111110;A321neo;67;0;0;0;0;1;0;70;77;95
3746;U2;U25139;BRU;NCE;;585;90;;1111110;A321neo;74;0;0;0;0;1;0;70;72;90
3747;U2;U25140;NCE;ATH;;595;145;;0110110;A321neo;87;0;0;0;0;0;0;104;67;145
3748;U2;U25141;ATH;NCE;;610;165;;0110110;A321neo;87;0;0;0;0;0;0;104;75;165
3749;U2;U25142;NCE;RAK;;590;195;;1111111;A320neo;96;0;0;0;0;1;0;127;73;195
3750;U2;U25143;RAK;NCE;;605;175;;1111111;A320neo;92;0;0;0;0;0;0;127;71;175
3751;U2;U25144;LYS;NCE;;585;50;;1011111;A319;43;0;0;0;0;0;0;28;72;50
3752;U2;U25145;NCE;LYS;;585;55;;1011111;A319;43;0;0;0;0;0;0;28;67;55
3753;U2;U25146;TLS;LYS;;590;60;;1001001;A320;50;0;0;0;0;1;0;37;67;60
3754;U2;U25147;LYS;TLS;;595;65;;1001001;A320;45;0;0;0;0;0;0;37;74;65
3755;U2;U25148;BOD;LYS;;585;65;;1110110;A321neo;55;0;0;0;0;0;0;39;76;65
3756;U2;U25149;LYS;BOD;;605;75;;1110110;A321neo;53;0;0;0;0;1;0;39;72;75
3757;U2;U25150;NTE;LYS;;590;70;;1010101;A320;53;0;0;0;0;0;0;54;67;70
3758;U2;U25151;LYS;NTE;;610;80;;1010101;A320;54;0;0;0;0;0;0;54;66;80
3759;U2;U25152;LGW;LYS;;605;90;;1000100;A319;66;0;0;0;0;0;0;72;70;90
3760;U2;U25153;LYS;LGW;;605;95;;1000100;A319;67;0;0;0;0;0;0;72;77;95
3761;U2;U25154;LYS;AMS;;590;95;;1111111;A320;66;0;0;0;0;1;0;73;75;95
3762;U2;U25155;AMS;LYS;;600;95;;1111111;A320;61;0;0;0;0;0;0;73;72;95
3763;U2;U25156;LYS;BER;;585;100;;0101010;A321neo;67;0;0;0;0;1;0;81;78;100
3764;U2;U25157;BER;LYS;;605;110;;0101010;A321neo;68;0;0;0;0;1;0;81;65;110
3765;U2;U25158;LYS;MAD;;605;105;;1111111;A319;73;0;0;0;0;1;0;91;77;105
3766;U2;U25159;MAD;LYS;;605;95;;1111111;A319;65;0;0;0;0;1;0;91;70;95
3767;U2;U25160;LYS;BCN;;610;80;;1111111;A320;54;0;0;0;0;0;0;55;66;80
3768;U2;U25161;BCN;LYS;;585;75;;1111111;A320;52;0;0;0;0;1;0;55;70;75
3769;U2;U25162;LYS;PMI;;605;95;;1111101;A319;56;0;0;0;0;0;0;71;66;95
3770;U2;U25163;PMI;LYS;;605;90;;1111101;A319;55;0;0;0;0;0;0;71;69;90
3771;U2;U25164;LYS;LIS;;590;150;;1000100;A320neo;85;0;0;0;0;1;0;117;65;150
3772;U2;U25165;LIS;LYS;;590;130;;1000100;A320neo;86;0;0;0;0;0;0;117;78;130
3773;U2;U25166;LYS;OPO;;615;135;;1111101;A320neo;70;0;0;0;0;1;0;102;71;135
3774;U2;U25167;OPO;LYS;;615;115;;1111101;A320neo;70;0;0;0;0;0;0;102;70;115
3775;U2;U25168;LYS;FCO;;595;85;;1111111;A320neo;68;0;0;0;0;0;0;61;65;85
3776;U2;U25169;FCO;LYS;;600;100;;1111111;A320neo;61;0;0;0;0;1;0;61;75;100
3777;U2;U25170;MXP;LYS;;605;55;;0110110;A321neo;42;0;0;0;0;0;0;24;72;55
3778;U2;U25171;LYS;MXP;;590;50;;0110110;A321neo;48;0;0;0;0;1;0;24;70;50
3779;U2;U25172;LYS;ATH;;595;165;;1101010;A320;94;0;0;0;0;0;0;142;73;165
3780;U2;U25173;ATH;LYS;;605;185;;1101010;A320;103;0;0;0;0;1;0;142;66;185
3781;U2;U25174;LYS;RAK;;605;195;;1111101;A319;110;0;0;0;0;0;0;155;65;195
3782;U2;U25175;RAK;LYS;;610;180;;1111101;A319;91;0;0;0;0;0;0;155;72;180
3783;U2;U25176;LYS;CMN;;590;180;;0100010;A319;86;0;0;0;0;0;0;140;72;180
3784;U2;U25177;CMN;LYS;;615;165;;0100010;A319;87;0;0;0;0;0;0;140;67;165
3785;U2;U25178;LYS;TUN;;585;110;;1010101;A321neo;69;0;0;0;0;1;0;90;71;110
3786;U2;U25179;TUN;LYS;;600;115;;1010101;A321neo;68;0;0;0;0;1;0;90;73;115
3787;U2;U25180;LYS;ALG;;590;110;;1110110;A319;73;0;0;0;0;0;0;102;74;110
3788;U2;U25181;ALG;LYS;;590;105;;1110110;A319;64;0;0;0;0;1;0;102;73;105
3789;U2;U25182;NTE;GVA;;610;75;;1101010;A320;63;0;0;0;0;0;0;60;65;75
3790;U2;U25183;GVA;NTE;;605;85;;1101010;A320;55;0;0;0;0;0;0;60;69;85
3791;U2;U25184;BOD;GVA;;590;75;;1011101;A321neo;50;0;0;0;0;0;0;47;71;75
3792;U2;U25185;GVA;BOD;;585;85;;1011101;A321neo;50;0;0;0;0;1;0;47;75;85
3793;U2;U25186;TLS;GVA;;595;65;;0101010;A320;51;0;0;0;0;1;0;47;73;65
3794;U2;U25187;GVA;TLS;;595;75;;0101010;A320;51;0;0;0;0;0;0;47;76;75
3795;U2;U25188;GVA;MRS;;605;55;;1010100;A320neo;46;0;0;0;0;0;0;27;74;55
3796;U2;U25189;MRS;GVA;;605;55;;1010100;A320neo;49;0;0;0;0;0;0;27;68;55
3797;U2;U25190;LGW;GVA;;590;90;;1101010;A319;64;0;0;0;0;0;0;71;74;90
3798;U2;U25191;GVA;LGW;;610;95;;1101010;A319;65;0;0;0;0;1;0;71;70;95
3799;U2;U25192;GVA;AMS;;605;90;;1111111;A320;59;0;0;0;0;1;0;68;67;90
3800;U2;U25193;AMS;GVA;;605;90;;1111111;A320;66;0;0;0;0;0;0;68;72;90
3801;U2;U25194;BER;GVA;;585;100;;0100010;A321neo;73;0;0;0;0;1;0;73;76;100
3802;U2;U25195;GVA;BER;;605;95;;0100010;A321neo;69;0;0;0;0;1;0;73;73;95
3803;U2;U25196;GVA;MAD;;605;115;;1111111;A319;70;0;0;0;0;0;0;101;70;115
3804;U2;U25197;MAD;GVA;;615;105;;1111111;A319;74;0;0;0;0;0;0;101;75;105
3805;U2;U25198;GVA;BCN;;610;90;;1111111;A320;57;0;0;0;0;0;0;64;78;90
3806;U2;U25199;BCN;GVA;;595;80;;1111111;A320;59;0;0;0;0;0;0;64;68;80
3807;U2;U25200;GVA;PMI;;590;100;;0100010;A319;59;0;0;0;0;1;0;79;75;100
3808;U2;U25201;PMI;GVA;;590;95;;0100010;A319;70;0;0;0;0;0;0;79;65;95
3809;U2;U25202;GVA;LIS;;595;155;;1011101;A320neo;81;0;0;0;0;1;0;126;67;155
3810;U2;U25203;LIS;GVA;;610;140;;1011101;A320neo;79;0;0;0;0;0;0;126;72;140
3811;U2;U25204;GVA;OPO;;615;140;;0110110;A320neo;70;0;0;0;0;1;0;110;72;140
3812;U2;U25205;OPO;GVA;;610;125;;0110110;A320neo;82;0;0;0;0;0;0;110;67;125
3813;U2;U25206;GVA;FCO;;610;85;;1111111;A320neo;58;0;0;0;0;1;0;58;73;85
3814;U2;U25207;FCO;GVA;;605;95;;1111111;A320neo;62;0;0;0;0;1;0;58;70;95
3815;U2;U25208;GVA;CPH;;585;115;;1101010;A321neo;73;0;0;0;0;0;0;96;68;115
3816;U2;U25209;CPH;GVA;;590;120;;1101010;A321neo;68;0;0;0;0;1;0;96;78;120
3817;U2;U25210;GVA;PRG;;595;90;;0111011;A321neo;58;0;0;0;0;0;0;62;77;90
3818;U2;U25211;PRG;GVA;;590;100;;0111011;A321neo;68;0;0;0;0;1;0;62;77;100
3819;U2;U25212;GVA;VIE;;595;90;;1101010;A320neo;65;0;0;0;0;1;0;69;76;90
3820;U2;U25213;VIE;GVA;;590;100;;1101010;A320neo;62;0;0;0;0;1;0;69;69;100
3821;U2;U25214;GVA;ATH;;610;160;;1101010;A320;86;0;0;0;0;1;0;138;78;160
3822;U2;U25215;ATH;GVA;;600;180;;1101010;A320;101;0;0;0;0;0;0;138;70;180
3823;U2;U25216;GVA;RAK;;615;205;;1010100;A319;110;0;0;0;0;0;0;162;76;205
3824;U2;U25217;RAK;GVA;;600;185;;1010100;A319;111;0;0;0;0;0;0;162;69;185
3825;U2;U25218;LGW;MRS;;610;100;;1010100;A319;78;0;0;0;0;0;0;95;69;100
3826;U2;U25219;MRS;LGW;;585;105;;1010100;A319;75;0;0;0;0;0;0;95;71;105
3827;U2;U25220;TLS;LGW;;605;95;;1000100;A321neo;74;0;0;0;0;1;0;71;78;95
3828;U2;U25221;LGW;TLS;;610;95;;1000100;A321neo;66;0;0;0;0;1;0;71;76;95
3829;U2;U25222;BOD;LGW;;585;90;;0100010;A320;59;0;0;0;0;0;0;70;76;90
3830;U2;U25223;LGW;BOD;;605;90;;0100010;A320;58;0;0;0;0;0;0;70;70;90
3831;U2;U25224;NTE;LGW;;590;70;;0100010;A321neo;47;0;0;0;0;1;0;38;77;70
3832;U2;U25225;LGW;NTE;;590;70;;0100010;A321neo;53;0;0;0;0;1;0;38;75;70
3833;U2;U25226;LGW;AMS;;605;60;;1111111;A321neo;51;0;0;0;0;1;0;31;77;60
3834;U2;U25227;AMS;LGW;;590;65;;1111111;A321neo;51;0;0;0;0;1;0;31;79;65
3835;U2;U25228;BER;LGW;;585;110;;1101010;A320;79;0;0;0;0;0;0;95;69;110
3836;U2;U25229;LGW;BER;;590;95;;1101010;A320;69;0;0;0;0;0;0;95;72;95
3837;U2;U25230;LGW;MAD;;610;125;;1111111;A320neo;83;0;0;0;0;1;0;102;68;125
3838;U2;U25231;MAD;LGW;;595;120;;1111111;A320neo;73;0;0;0;0;1;0;102;72;120
3839;U2;U25232;LGW;BCN;;605;115;;1111111;A321neo;78;0;0;0;0;1;0;93;72;115
3840;U2;U25233;BCN;LGW;;590;115;;1111111;A321neo;76;0;0;0;0;0;0;93;69;115
3841;U2;U25234;LGW;PMI;;600;130;;1011101;A320neo;70;0;0;0;0;1;0;110;76;130
3842;U2;U25235;PMI;LGW;;590;135;;1011101;A320neo;74;0;0;0;0;1;0;110;67;135
3843;U2;U25236;LGW;LIS;;605;160;;1111111;A319;86;0;0;0;0;0;0;123;76;160
3844;U2;U25237;LIS;LGW;;605;150;;1111111;A319;86;0;0;0;0;1;0;123;77;150
3845;U2;U25238;LGW;OPO;;585;135;;1111101;A319;73;0;0;0;0;0;0;128;69;135
3846;U2;U25239;OPO;LGW;;605;125;;1111101;A319;79;0;0;0;0;0;0;128;76;125
3847;U2;U25240;LGW;FCO;;590;130;;1111111;A319;91;0;0;0;0;0;0;141;74;130
3848;U2;U25241;FCO;LGW;;585;145;;1111111;A319;80;0;0;0;0;0;0;141;69;145
3849;U2;U25242;MXP;LGW;;600;105;;0101010;A320;75;0;0;0;0;0;0;90;75;105
3850;U2;U25243;LGW;MXP;;590;95;;0101010;A320;77;0;0;0;0;0;0;90;72;95
3851;U2;U25244;LGW;CPH;;610;100;;0010001;A320;69;0;0;0;0;0;0;98;67;100
3852;U2;U25245;CPH;LGW;;610;110;;0010001;A320;79;0;0;0;0;0;0;98;71;110
3853;U2;U25246;LGW;PRG;;600;100;;1010101;A320;71;0;0;0;0;0;0;102;68;100
3854;U2;U25247;PRG;LGW;;590;115;;1010101;A320;75;0;0;0;0;0;0;102;78;115
3855;U2;U25248;LGW;VIE;;600;120;;1001001;A319;79;0;0;0;0;0;0;125;75;120
3856;U2;U25249;VIE;LGW;;605;135;;1001001;A319;86;0;0;0;0;0;0;125;75;135
3857;U2;U25250;LGW;ATH;;600;210;;0101010;A321neo;117;0;0;0;0;0;0;161;66;210
3858;U2;U25251;ATH;LGW;;590;235;;0101010;A321neo;120;0;0;0;0;1;0;161;67;235
3859;U2;U25252;LGW;CMN;;590;200;;1010101;A320neo;105;0;0;0;0;1;0;139;66;200
3860;U2;U25253;CMN;LGW;;605;195;;1010101;A320neo;101;0;0;0;0;1;0;139;79;195
3861;U2;U25254;LGW;RAK;;605;215;;1111111;A320neo;112;0;0;0;0;1;0;152;68;215
3862;U2;U25255;RAK;LGW;;605;210;;1111111;A320neo;116;0;0;0;0;1;0;152;79;210
3863;U2;U25256;BER;AMS;;590;85;;1111111;A320neo;56;0;0;0;0;1;0;50;66;85
3864;U2;U25257;AMS;BER;;600;75;;1111111;A320neo;58;0;0;0;0;1;0;50;76;75
3865;U2;U25258;BER;MAD;;615;190;;1111111;A320;93;0;0;0;0;0;0;148;72;190
3866;U2;U25259;MAD;BER;;610;170;;1111111;A320;90;0;0;0;0;0;0;148;66;170
3867;U2;U25260;BER;BCN;;590;160;;1111111;A320neo;81;0;0;0;0;0;0;101;68;160
3868;U2;U25261;BCN;BER;;615;145;;1111111;A320neo;84;0;0;0;0;0;0;101;70;145
3869;U2;U25262;BER;PMI;;605;170;;1111110;A320;80;0;0;0;0;0;0;132;75;170
3870;U2;U25263;PMI;BER;;605;160;;1111110;A320;96;0;0;0;0;0;0;132;72;160
3871;U2;U25264;BER;LIS;;590;230;;1111111;A321neo;116;0;0;0;0;0;0;155;69;230
3872;U2;U25265;LIS;BER;;585;205;;1111111;A321neo;108;0;0;0;0;0;0;155;78;205
3873;U2;U25266;BER;OPO;;590;210;;1011101;A321neo;106;0;0;0;0;1;0;140;67;210
3874;U2;U25267;OPO;BER;;585;185;;1011101;A321neo;96;0;0;0;0;1;0;140;69;185
3875;U2;U25268;BER;FCO;;600;120;;1111111;A321neo;73;0;0;0;0;0;0;99;69;120
3876;U2;U25269;FCO;BER;;600;120;;1111111;A321neo;74;0;0;0;0;0;0;99;69;120
3877;U2;U25270;MXP;BER;;605;90;;0111011;A320neo;71;0;0;0;0;1;0;69;72;90
3878;U2;U25271;BER;MXP;;615;95;;0111011;A320neo;72;0;0;0;0;1;0;69;65;95
3879;U2;U25272;BER;CPH;;595;60;;1101010;A319;44;0;0;0;0;0;0;37;67;60
3880;U2;U25273;CPH;BER;;610;60;;1101010;A319;47;0;0;0;0;0;0;37;73;60
3881;U2;U25274;BER;ATH;;605;170;;1011111;A320neo;105;0;0;0;0;0;0;121;74;170
3882;U2;U25275;ATH;BER;;595;180;;1011111;A320neo;89;0;0;0;0;0;0;121;76;180
3883;U2;U25276;BER;RAK;;585;260;;1111111;A320;143;0;0;0;0;0;0;231;76;260
3884;U2;U25277;RAK;BER;;605;235;;1111111;A320;118;0;0;0;0;1;0;231;73;235
3885;U2;U25278;MXP;MRS;;585;65;;1000100;A321neo;46;0;0;0;0;1;0;31;71;65
3886;U2;U25279;MRS;MXP;;590;60;;1000100;A321neo;48;0;0;0;0;1;0;31;72;60
3887;U2;U25280;MXP;NTE;;610;100;;0111011;A320neo;72;0;0;0;0;1;0;68;68;100
3888;U2;U25281;NTE;MXP;;600;85;;0111011;A320neo;67;0;0;0;0;1;0;68;75;85
3889;U2;U25282;MXP;AMS;;610;100;;1111111;A319;63;0;0;0;0;0;0;80;78;100
3890;U2;U25283;AMS;MXP;;615;95;;1111111;A319;66;0;0;0;0;0;0;80;74;95
3891;U2;U25284;MXP;MAD;;610;125;;1111111;A320;73;0;0;0;0;1;0;115;75;125
3892;U2;U25285;MAD;MXP;;600;115;;1111111;A320;65;0;0;0;0;0;0;115;67;115
3893;U2;U25286;MXP;BCN;;605;100;;1111111;A319;59;0;0;0;0;0;0;72;72;100
3894;U2;U25287;BCN;MXP;;605;90;;1111111;A319;57;0;0;0;0;0;0;72;78;90
3895;U2;U25288;MXP;PMI;;590;100;;0101010;A321neo;67;0;0;0;0;1;0;70;75;100
3896;U2;U25289;PMI;MXP;;610;90;;0101010;A321neo;70;0;0;0;0;1;0;70;78;90
3897;U2;U25290;MXP;LIS;;610;175;;1111111;A321neo;87;0;0;0;0;1;0;111;66;175
3898;U2;U25291;LIS;MXP;;600;155;;1111111;A321neo;86;0;0;0;0;0;0;111;77;155
3899;U2;U25292;MXP;OPO;;600;155;;1000100;A320;96;0;0;0;0;0;0;148;68;155
3900;U2;U25293;OPO;MXP;;590;135;;1000100;A320;91;0;0;0;0;1;0;148;78;135
3901;U2;U25294;MXP;GVA;;595;50;;1000100;A321neo;43;0;0;0;0;1;0;18;78;50
3902;U2;U25295;GVA;MXP;;605;45;;1000100;A321neo;40;0;0;0;0;1;0;18;72;45
3903;U2;U25296;MXP;CPH;;605;115;;0110110;A320neo;70;0;0;0;0;1;0;96;66;115
3904;U2;U25297;CPH;MXP;;590;120;;0110110;A320neo;67;0;0;0;0;1;0;96;72;120
3905;U2;U25298;MXP;PRG;;610;80;;0111011;A319;66;0;0;0;0;0;0;65;75;80
3906;U2;U25299;PRG;MXP;;595;90;;0111011;A319;59;0;0;0;0;0;0;65;69;90
3907;U2;U25300;MXP;ATH;;605;145;;0100010;A319;89;0;0;0;0;0;0;122;78;145
3908;U2;U25301;ATH;MXP;;585;160;;0100010;A319;83;0;0;0;0;0;0;122;71;160
3909;U2;U25302;MXP;RAK;;605;215;;1111111;A321neo;105;0;0;0;0;1;0;143;77;215
3910;U2;U25303;RAK;MXP;;605;190;;1111111;A321neo;101;0;0;0;0;1;0;143;69;190
3911;U2;U25304;BOD;BER;;590;125;;0100010;A319;74;0;0;0;0;0;0;134;72;125
3912;U2;U25305;BER;BOD;;600;140;;0100010;A319;82;0;0;0;0;0;0;134;66;140
3913;U2;U25306;BOD;PMI;;590;85;;0110110;A320;51;0;0;0;0;1;0;65;69;85
3914;U2;U25307;PMI;BOD;;595;90;;0110110;A320;50;0;0;0;0;0;0;65;68;90
3915;U2;U25308;BOD;LIS;;615;110;;1010100;A321neo;66;0;0;0;0;1;0;81;67;110
3916;U2;U25309;LIS;BOD;;615;100;;1010100;A321neo;76;0;0;0;0;1;0;81;73;100
3917;U2;U25310;BOD;OPO;;605;100;;1111101;A321neo;62;0;0;0;0;1;0;64;67;100
3918;U2;U25311;OPO;BOD;;595;90;;1111101;A321neo;58;0;0;0;0;1;0;64;71;90
3919;U2;U25312;BOD;FCO;;605;110;;1011111;A321neo;65;0;0;0;0;1;0;92;70;110
3920;U2;U25313;FCO;BOD;;610;125;;1011111;A321neo;72;0;0;0;0;0;0;92;75;125
3921;U2;U25314;BOD;MXP;;615;90;;1010100;A320neo;61;0;0;0;0;0;0;63;76;90
3922;U2;U25315;MXP;BOD;;610;100;;1010100;A320neo;67;0;0;0;0;1;0;63;78;100
3923;U2;U25316;BOD;RAK;;585;165;;1101010;A320;83;0;0;0;0;0;0;128;75;165
3924;U2;U25317;RAK;BOD;;605;155;;1101010;A320;98;0;0;0;0;0;0;128;77;155
3925;U2;U25318;BOD;CMN;;595;145;;1011111;A320;89;0;0;0;0;0;0;140;72;145
3926;U2;U25319;CMN;BOD;;600;135;;1011111;A320;79;0;0;0;0;1;0;140;72;135
3927;U2;U25320;TLS;NTE;;590;70;;1111101;A319;49;0;0;0;0;0;0;46;70;70
3928;U2;U25321;NTE;TLS;;615;65;;1111101;A319;47;0;0;0;0;1;0;46;74;65
3929;U2;U25322;TLS;BER;;610;125;;1000100;A319;79;0;0;0;0;0;0;132;76;125
3930;U2;U25323;BER;TLS;;595;140;;1000100;A319;82;0;0;0;0;0;0;132;78;140
3931;U2;U25324;TLS;LIS;;605;115;;1011111;A320;68;0;0;0;0;1;0;103;78;115
3932;U2;U25325;LIS;TLS;;610;105;;1011111;A320;65;0;0;0;0;0;0;103;77;105
3933;U2;U25326;TLS;RAK;;590;165;;0100010;A321neo;97;0;0;0;0;1;0;106;65;165
3934;U2;U25327;RAK;TLS;;615;150;;0100010;A321neo;100;0;0;0;0;1;0;106;69;150
3935;U2;U25328;TLS;CMN;;590;145;;0111011;A321neo;89;0;0;0;0;1;0;116;74;145
3936;U2;U25329;CMN;TLS;;610;130;;0111011;A321neo;75;0;0;0;0;1;0;116;70;130
3937;U2;U25330;NTE;MRS;;615;85;;1000100;A320;56;0;0;0;0;0;0;67;79;85
3938;U2;U25331;MRS;NTE;;615;95;;1000100;A320;53;0;0;0;0;0;0;67;79;95
3939;U2;U25332;NTE;AMS;;590;90;;1011101;A320neo;61;0;0;0;0;1;0;62;66;90
3940;U2;U25333;AMS;NTE;;590;100;;1011101;A320neo;65;0;0;0;0;1;0;62;74;100
3941;U2;U25334;NTE;BER;;595;120;;1011111;A319;80;0;0;0;0;0;0;123;68;120
3942;U2;U25335;BER;NTE;;600;135;;1011111;A319;76;0;0;0;0;0;0;123;75;135
3943;U2;U25336;NTE;BCN;;595;90;;1000100;A320neo;55;0;0;0;0;0;0;60;74;90
3944;U2;U25337;BCN;NTE;;605;95;;1000100;A320neo;59;0;0;0;0;1;0;60;67;95
3945;U2;U25338;NTE;PMI;;605;100;;0100010;A320;58;0;0;0;0;0;0;91;74;100
3946;U2;U25339;PMI;NTE;;605;105;;0100010;A320;59;0;0;0;0;1;0;91;71;105
3947;U2;U25340;NTE;LIS;;595;120;;0110110;A320;63;0;0;0;0;0;0;111;67;120
3948;U2;U25341;LIS;NTE;;605;110;;0110110;A320;63;0;0;0;0;1;0;111;74;110
3949;U2;U25342;NTE;OPO;;595;100;;1111110;A321neo;63;0;0;0;0;1;0;73;75;100
3950;U2;U25343;OPO;NTE;;595;95;;1111110;A321neo;59;0;0;0;0;0;0;73;76;95
3951;U2;U25344;NTE;FCO;;590;120;;0111011;A320;77;0;0;0;0;0;0;125;72;120
3952;U2;U25345;FCO;NTE;;610;135;;0111011;A320;66;0;0;0;0;0;0;125;66;135
3953;U2;U25346;NTE;RAK;;610;180;;0110110;A320;94;0;0;0;0;0;0;145;68;180
3954;U2;U25347;RAK;NTE;;605;175;;0110110;A320;87;0;0;0;0;0;0;145;70;175
3955;U2;U25348;NTE;CMN;;600;165;;1110110;A321neo;88;0;0;0;0;0;0;108;78;165
3956;U2;U25349;CMN;NTE;;605;155;;1110110;A321neo;94;0;0;0;0;0;0;108;68;155
3957;FR;FR1000;MRS;DUB;;605;145;;0101010;Boeing 737-800;80;0;0;0;0;0;0;139;87;145
3958;FR;FR1001;DUB;MRS;;605;130;;0101010;Boeing 737-800;79;0;0;0;0;1;0;139;91;130
3959;FR;FR1002;BOD;DUB;;600;115;;1111101;Boeing 737 MAX 8-200;63;0;0;0;0;1;0;87;90;115
3960;FR;FR1003;DUB;BOD;;610;105;;1111101;Boeing 737 MAX 8-200;69;0;0;0;0;0;0;87;80;105
3961;FR;FR1004;DUB;NTE;;610;95;;1111101;Boeing 737 MAX 8-200;63;0;0;0;0;1;0;65;80;95
3962;FR;FR1005;NTE;DUB;;615;100;;1111101;Boeing 737 MAX 8-200;59;0;0;0;0;1;0;65;89;100
3963;FR;FR1006;BER;DUB;;595;145;;0100010;Boeing 737 MAX 8-200;79;0;0;0;0;0;0;111;87;145
3964;FR;FR1007;DUB;BER;;590;125;;0100010;Boeing 737 MAX 8-200;80;0;0;0;0;1;0;111;89;125
3965;FR;FR1008;MAD;DUB;;600;145;;1111111;Boeing 737-800;82;0;0;0;0;1;0;145;84;145
3966;FR;FR1009;DUB;MAD;;610;140;;1111111;Boeing 737-800;76;0;0;0;0;0;0;145;89;140
3967;FR;FR1010;BCN;DUB;;615;150;;1111111;Boeing 737 MAX 8-200;88;0;0;0;0;1;0;125;81;150
3968;FR;FR1011;DUB;BCN;;615;140;;1111111;Boeing 737 MAX 8-200;75;0;0;0;0;1;0;125;83;140
3969;FR;FR1012;PMI;DUB;;600;170;;0100010;Boeing 737-800;83;0;0;0;0;0;0;135;87;170
3970;FR;FR1013;DUB;PMI;;595;160;;0100010;Boeing 737-800;97;0;0;0;0;0;0;135;90;160
3971;FR;FR1014;LIS;DUB;;610;160;;1101010;Boeing 737-800;93;0;0;0;0;0;0;131;78;160
3972;FR;FR1015;DUB;LIS;;610;165;;1101010;Boeing 737-800;97;0;0;0;0;0;0;131;87;165
3973;FR;FR1016;DUB;OPO;;610;135;;1101010;Boeing 737-800;90;0;0;0;0;0;0;137;84;135
3974;FR;FR1017;OPO;DUB;;615;135;;1101010;Boeing 737-800;88;0;0;0;0;0;0;137;86;135
3975;FR;FR1018;FCO;DUB;;615;190;;1111111;Boeing 737-800;94;0;0;0;0;0;0;151;91;190
3976;FR;FR1019;DUB;FCO;;605;170;;1111111;Boeing 737-800;101;0;0;0;0;0;0;151;88;170
3977;FR;FR1020;DUB;VIE;;615;155;;1101010;Boeing 737-800;95;0;0;0;0;0;0;136;87;155
3978;FR;FR1021;VIE;DUB;;620;180;;1101010;Boeing 737-800;93;0;0;0;0;0;0;136;84;180
3979;FR;FR1022;DUB;CPH;;595;120;;0101010;Boeing 737 MAX 8-200;69;0;0;0;0;1;0;104;88;120
3980;FR;FR1023;CPH;DUB;;600;135;;0101010;Boeing 737 MAX 8-200;73;0;0;0;0;0;0;104;92;135
3981;FR;FR1024;DUB;PRG;;590;135;;0110110;Boeing 737 MAX 8-200;80;0;0;0;0;1;0;122;79;135
3982;FR;FR1025;PRG;DUB;;605;155;;0110110;Boeing 737 MAX 8-200;92;0;0;0;0;1;0;122;86;155
3983;FR;FR1026;DUB;ATH;;615;230;;0101010;Boeing 737 MAX 8-200;136;0;0;0;0;1;0;193;88;230
3984;FR;FR1027;ATH;DUB;;605;255;;0101010;Boeing 737 MAX 8-200;135;0;0;0;0;1;0;193;85;255
3985;FR;FR1028;DUB;RAK;;595;225;;1101010;Boeing 737-800;131;0;0;0;0;0;0;194;87;225
3986;FR;FR1029;RAK;DUB;;620;225;;1101010;Boeing 737-800;118;0;0;0;0;0;0;194;91;225
3987;FR;FR1030;BCN;OPO;;590;105;;1111111;Boeing 737-800;77;0;0;0;0;0;0;90;78;105
3988;FR;FR1031;OPO;BCN;;595;95;;1111111;Boeing 737-800;70;0;0;0;0;1;0;90;84;95
3989;FR;FR1032;FCO;BCN;;495;100;;1111111;Boeing 737-800;64;0;0;0;0;0;0;85;86;100
3990;FR;FR1033;BCN;FCO;;500;90;;1111111;Boeing 737-800;66;0;0;0;0;0;0;85;90;90
3991;FR;FR1034;FCO;BCN;;960;100;;1111111;Boeing 737 MAX 8-200;59;0;0;0;0;0;0;71;79;100
3992;FR;FR1035;BCN;FCO;;955;90;;1111111;Boeing 737 MAX 8-200;65;0;0;0;0;0;0;71;88;90
3993;FR;FR1036;BCN;MXP;;590;90;;1111111;Boeing 737 MAX 8-200;61;0;0;0;0;1;0;60;88;90
3994;FR;FR1037;MXP;BCN;;605;100;;1111111;Boeing 737 MAX 8-200;64;0;0;0;0;1;0;60;85;100
3995;FR;FR1038;BCN;VIE;;610;130;;1111111;Boeing 737-800;73;0;0;0;0;0;0;137;85;130
3996;FR;FR1039;VIE;BCN;;610;145;;1111111;Boeing 737-800;81;0;0;0;0;0;0;137;87;145
3997;FR;FR1040;MAD;BCN;;495;65;;1111111;Boeing 737-800;45;0;0;0;0;1;0;48;83;65
3998;FR;FR1041;BCN;MAD;;480;75;;1111111;Boeing 737-800;55;0;0;0;0;0;0;48;81;75
3999;FR;FR1042;MAD;BCN;;940;65;;1111111;Boeing 737 MAX 8-200;53;0;0;0;0;1;0;41;81;65
4000;FR;FR1043;BCN;MAD;;935;75;;1111111;Boeing 737 MAX 8-200;45;0;0;0;0;1;0;41;79;75
4001;FR;FR1044;PMI;BCN;;600;45;;1111111;Boeing 737-800;39;0;0;0;0;0;0;20;80;45
4002;FR;FR1045;BCN;PMI;;610;45;;1111111;Boeing 737-800;37;0;0;0;0;0;0;20;84;45
4003;FR;FR1046;BCN;NTE;;600;95;;1011111;Boeing 737 MAX 8-200;52;0;0;0;0;0;0;60;92;95
4004;FR;FR1047;NTE;BCN;;615;90;;1011111;Boeing 737 MAX 8-200;50;0;0;0;0;1;0;60;86;90
4005;FR;FR1048;BOD;BCN;;600;65;;1011101;Boeing 737 MAX 8-200;49;0;0;0;0;1;0;38;90;65
4006;FR;FR1049;BCN;BOD;;610;70;;1011101;Boeing 737 MAX 8-200;44;0;0;0;0;1;0;38;86;70
4007;FR;FR1050;MRS;BCN;;590;60;;1111111;Boeing 737-800;50;0;0;0;0;1;0;35;90;60
4008;FR;FR1051;BCN;MRS;;600;55;;1111111;Boeing 737-800;41;0;0;0;0;0;0;35;82;55
4009;FR;FR1052;BCN;ATH;;615;170;;1111111;Boeing 737 MAX 8-200;101;0;0;0;0;1;0;128;85;170
4010;FR;FR1053;ATH;BCN;;620;195;;1111111;Boeing 737 MAX 8-200;93;0;0;0;0;1;0;128;81;195
4011;FR;FR1054;BCN;RAK;;480;145;;1111111;Boeing 737-800;92;0;0;0;0;1;0;141;81;145
4012;FR;FR1055;RAK;BCN;;505;135;;1111111;Boeing 737-800;87;0;0;0;0;1;0;141;81;135
4013;FR;FR1056;BCN;RAK;;960;145;;1111111;Boeing 737 MAX 8-200;81;0;0;0;0;1;0;118;89;145
4014;FR;FR1057;RAK;BCN;;950;135;;1111111;Boeing 737 MAX 8-200;90;0;0;0;0;0;0;118;82;135
4015;FR;FR1058;MAD;MRS;;610;95;;1111111;Boeing 737 MAX 8-200;63;0;0;0;0;1;0;67;86;95
4016;FR;FR1059;MRS;MAD;;590;105;;1111111;Boeing 737 MAX 8-200;68;0;0;0;0;1;0;67;82;105
4017;FR;FR1060;PMI;MRS;;600;70;;1000100;Boeing 737 MAX 8-200;48;0;0;0;0;0;0;40;86;70
4018;FR;FR1061;MRS;PMI;;590;75;;1000100;Boeing 737 MAX 8-200;52;0;0;0;0;1;0;40;90;75
4019;FR;FR1062;LIS;MRS;;590;125;;1111110;Boeing 737 MAX 8-200;81;0;0;0;0;1;0;110;83;125
4020;FR;FR1063;MRS;LIS;;620;140;;1111110;Boeing 737 MAX 8-200;77;0;0;0;0;0;0;110;84;140
4021;FR;FR1064;MRS;OPO;;600;130;;1001001;Boeing 737 MAX 8-200;69;0;0;0;0;1;0;98;79;130
4022;FR;FR1065;OPO;MRS;;595;115;;1001001;Boeing 737 MAX 8-200;69;0;0;0;0;1;0;98;79;115
4023;FR;FR1066;FCO;MRS;;605;85;;1111111;Boeing 737 MAX 8-200;56;0;0;0;0;0;0;51;90;85
4024;FR;FR1067;MRS;FCO;;605;75;;1111111;Boeing 737 MAX 8-200;55;0;0;0;0;1;0;51;84;75
4025;FR;FR1068;BER;MRS;;600;125;;1000100;Boeing 737-800;84;0;0;0;0;0;0;117;85;125
4026;FR;FR1069;MRS;BER;;610;115;;1000100;Boeing 737-800;72;0;0;0;0;0;0;117;84;115
4027;FR;FR1070;MRS;VIE;;620;105;;1111110;Boeing 737 MAX 8-200;72;0;0;0;0;0;0;86;82;105
4028;FR;FR1071;VIE;MRS;;605;115;;1111110;Boeing 737 MAX 8-200;67;0;0;0;0;1;0;86;90;115
4029;FR;FR1072;MRS;ATH;;595;155;;0100010;Boeing 737-800;86;0;0;0;0;0;0;135;92;155
4030;FR;FR1073;ATH;MRS;;600;180;;0100010;Boeing 737-800;90;0;0;0;0;0;0;135;80;180
4031;FR;FR1074;MRS;RAK;;605;180;;0100010;Boeing 737 MAX 8-200;90;0;0;0;0;1;0;118;83;180
4032;FR;FR1075;RAK;MRS;;595;165;;0100010;Boeing 737 MAX 8-200;86;0;0;0;0;1;0;118;85;165
4033;FR;FR1076;MRS;CMN;;600;165;;1101010;Boeing 737 MAX 8-200;82;0;0;0;0;1;0;106;84;165
4034;FR;FR1077;CMN;MRS;;605;150;;1101010;Boeing 737 MAX 8-200;95;0;0;0;0;1;0;106;81;150
4035;FR;FR1078;MRS;TUN;;595;90;;1111101;Boeing 737-800;63;0;0;0;0;0;0;85;86;90
4036;FR;FR1079;TUN;MRS;;610;100;;1111101;Boeing 737-800;62;0;0;0;0;0;0;85;83;100
4037;FR;FR1080;MRS;BRU;;605;95;;0101010;Boeing 737-800;67;0;0;0;0;0;0;83;88;95
4038;FR;FR1081;BRU;MRS;;595;95;;0101010;Boeing 737-800;62;0;0;0;0;0;0;83;86;95
4039;FR;FR1082;MRS;NTE;;610;95;;0100010;Boeing 737-800;53;0;0;0;0;0;0;67;89;95
4040;FR;FR1083;NTE;MRS;;600;85;;0100010;Boeing 737-800;52;0;0;0;0;0;0;67;88;85
4041;FR;FR1084;BER;BCN;;610;160;;1111111;Boeing 737 MAX 8-200;90;0;0;0;0;0;0;101;90;160
4042;FR;FR1085;BCN;BER;;600;145;;1111111;Boeing 737 MAX 8-200;79;0;0;0;0;1;0;101;79;145
4043;FR;FR1086;MAD;BER;;615;170;;1111111;Boeing 737-800;97;0;0;0;0;0;0;148;82;170
4044;FR;FR1087;BER;MAD;;605;190;;1111111;Boeing 737-800;101;0;0;0;0;0;0;148;80;190
4045;FR;FR1088;PMI;BER;;590;160;;0010001;Boeing 737-800;89;0;0;0;0;0;0;132;89;160
4046;FR;FR1089;BER;PMI;;605;170;;0010001;Boeing 737-800;81;0;0;0;0;1;0;132;86;170
4047;FR;FR1090;LIS;BER;;605;205;;1111111;Boeing 737-800;105;0;0;0;0;1;0;184;90;205
4048;FR;FR1091;BER;LIS;;595;230;;1111111;Boeing 737-800;99;0;0;0;0;1;0;184;86;230
4049;FR;FR1092;BER;OPO;;610;210;;1011101;Boeing 737-800;109;0;0;0;0;0;0;166;89;210
4050;FR;FR1093;OPO;BER;;595;185;;1011101;Boeing 737-800;99;0;0;0;0;1;0;166;88;185
4051;FR;FR1094;FCO;BER;;595;120;;1111111;Boeing 737-800;64;0;0;0;0;0;0;118;86;120
4052;FR;FR1095;BER;FCO;;610;120;;1111111;Boeing 737-800;79;0;0;0;0;0;0;118;86;120
4053;FR;FR1096;BER;MXP;;610;95;;1001001;Boeing 737 MAX 8-200;61;0;0;0;0;1;0;69;89;95
4054;FR;FR1097;MXP;BER;;590;90;;1001001;Boeing 737 MAX 8-200;63;0;0;0;0;1;0;69;91;90
4055;FR;FR1098;BER;VIE;;620;75;;1011101;Boeing 737-800;48;0;0;0;0;1;0;52;90;75
4056;FR;FR1099;VIE;BER;;610;75;;1011101;Boeing 737-800;56;0;0;0;0;0;0;52;81;75
4057;FR;FR1100;BER;CPH;;615;60;;1111101;Boeing 737 MAX 8-200;42;0;0;0;0;0;0;31;89;60
4058;FR;FR1101;CPH;BER;;615;60;;1111101;Boeing 737 MAX 8-200;42;0;0;0;0;1;0;31;85;60
4059;FR;FR1102;BER;ATH;;615;170;;0111011;Boeing 737 MAX 8-200;93;0;0;0;0;1;0;121;92;170
4060;FR;FR1103;ATH;BER;;600;180;;0111011;Boeing 737 MAX 8-200;92;0;0;0;0;1;0;121;83;180
4061;FR;FR1104;BOD;BER;;595;125;;1010100;Boeing 737 MAX 8-200;80;0;0;0;0;0;0;112;82;125
4062;FR;FR1105;BER;BOD;;620;140;;1010100;Boeing 737 MAX 8-200;83;0;0;0;0;1;0;112;85;140
4063;FR;FR1106;BER;RAK;;595;260;;1111111;Boeing 737-800;142;0;0;0;0;1;0;231;89;260
4064;FR;FR1107;RAK;BER;;605;235;;1111111;Boeing 737-800;137;0;0;0;0;0;0;231;80;235
4065;FR;FR1108;MAD;FCO;;500;125;;1111111;Boeing 737 MAX 8-200;78;0;0;0;0;1;0;112;84;125
4066;FR;FR1109;FCO;MAD;;495;145;;1111111;Boeing 737 MAX 8-200;71;0;0;0;0;1;0;112;87;145
4067;FR;FR1110;MAD;FCO;;955;125;;1111111;Boeing 737-800;77;0;0;0;0;1;0;133;78;125
4068;FR;FR1111;FCO;MAD;;945;145;;1111111;Boeing 737-800;71;0;0;0;0;1;0;133;86;145
4069;FR;FR1112;LIS;FCO;;480;165;;1111111;Boeing 737 MAX 8-200;84;0;0;0;0;1;0;124;90;165
4070;FR;FR1113;FCO;LIS;;485;190;;1111111;Boeing 737 MAX 8-200;90;0;0;0;0;1;0;124;80;190
4071;FR;FR1114;LIS;FCO;;960;165;;1111111;Boeing 737-800;92;0;0;0;0;0;0;147;87;165
4072;FR;FR1115;FCO;LIS;;965;190;;1111111;Boeing 737-800;95;0;0;0;0;0;0;147;88;190
4073;FR;FR1116;FCO;OPO;;615;185;;1111111;Boeing 737 MAX 8-200;101;0;0;0;0;1;0;117;81;185
4074;FR;FR1117;OPO;FCO;;610;160;;1111111;Boeing 737 MAX 8-200;100;0;0;0;0;1;0;117;92;160
4075;FR;FR1118;FCO;VIE;;605;95;;1111111;Boeing 737 MAX 8-200;64;0;0;0;0;1;0;65;88;95
4076;FR;FR1119;VIE;FCO;;595;100;;1111111;Boeing 737 MAX 8-200;54;0;0;0;0;1;0;65;82;100
4077;FR;FR1120;FCO;CPH;;590;155;;1111111;Boeing 737-800;72;0;0;0;0;0;0;123;81;155
4078;FR;FR1121;CPH;FCO;;590;155;;1111111;Boeing 737-800;79;0;0;0;0;1;0;123;81;155
4079;FR;FR1122;FCO;PRG;;610;100;;1111111;Boeing 737-800;64;0;0;0;0;0;0;94;81;100
4080;FR;FR1123;PRG;FCO;;610;105;;1111111;Boeing 737-800;64;0;0;0;0;1;0;94;84;105
4081;FR;FR1124;FCO;ATH;;610;105;;1111111;Boeing 737-800;77;0;0;0;0;1;0;108;92;105
4082;FR;FR1125;ATH;FCO;;615;120;;1111111;Boeing 737-800;66;0;0;0;0;0;0;108;79;120
4083;FR;FR1126;BOD;FCO;;600;110;;1110110;Boeing 737-800;68;0;0;0;0;0;0;110;84;110
4084;FR;FR1127;FCO;BOD;;600;125;;1110110;Boeing 737-800;71;0;0;0;0;1;0;110;82;125
4085;FR;FR1128;FCO;NTE;;610;135;;1010101;Boeing 737-800;80;0;0;0;0;0;0;125;85;135
4086;FR;FR1129;NTE;FCO;;615;120;;1010101;Boeing 737-800;72;0;0;0;0;0;0;125;89;120
4087;FR;FR1130;FCO;TLS;;590;105;;0111011;Boeing 737-800;80;0;0;0;0;0;0;91;91;105
4088;FR;FR1131;TLS;FCO;;590;95;;0111011;Boeing 737-800;79;0;0;0;0;0;0;91;87;95
4089;FR;FR1132;FCO;BRU;;600;125;;1111111;Boeing 737-800;79;0;0;0;0;0;0;117;84;125
4090;FR;FR1133;BRU;FCO;;610;115;;1111111;Boeing 737-800;77;0;0;0;0;0;0;117;81;115
4091;FR;FR1134;FCO;RAK;;485;215;;1111111;Boeing 737 MAX 8-200;118;0;0;0;0;0;0;143;89;215
4092;FR;FR1135;RAK;FCO;;485;190;;1111111;Boeing 737 MAX 8-200;103;0;0;0;0;1;0;143;89;190
4093;FR;FR1136;FCO;RAK;;950;215;;1111111;Boeing 737-800;113;0;0;0;0;0;0;170;79;215
4094;FR;FR1137;RAK;FCO;;950;190;;1111111;Boeing 737-800;116;0;0;0;0;1;0;170;79;190
4095;FR;FR1138;FCO;CMN;;615;205;;1111111;Boeing 737 MAX 8-200;92;0;0;0;0;1;0;133;79;205
4096;FR;FR1139;CMN;FCO;;605;180;;1111111;Boeing 737 MAX 8-200;96;0;0;0;0;0;0;133;84;180
4097;FR;FR1140;FCO;TUN;;605;80;;1111111;Boeing 737-800;52;0;0;0;0;0;0;58;87;80
4098;FR;FR1141;TUN;FCO;;595;80;;1111111;Boeing 737-800;53;0;0;0;0;0;0;58;81;80
4099;FR;FR1142;PMI;MAD;;590;80;;1111111;Boeing 737 MAX 8-200;55;0;0;0;0;0;0;46;82;80
4100;FR;FR1143;MAD;PMI;;610;70;;1111111;Boeing 737 MAX 8-200;51;0;0;0;0;0;0;46;88;70
4101;FR;FR1144;LIS;MAD;;475;70;;1111111;Boeing 737 MAX 8-200;48;0;0;0;0;1;0;43;88;70
4102;FR;FR1145;MAD;LIS;;495;80;;1111111;Boeing 737 MAX 8-200;53;0;0;0;0;1;0;43;87;80
4103;FR;FR1146;LIS;MAD;;960;70;;1111111;Boeing 737-800;46;0;0;0;0;0;0;51;92;70
4104;FR;FR1147;MAD;LIS;;960;80;;1111111;Boeing 737-800;45;0;0;0;0;0;0;51;81;80
4105;FR;FR1148;MAD;OPO;;595;70;;1111111;Boeing 737 MAX 8-200;48;0;0;0;0;1;0;37;88;70
4106;FR;FR1149;OPO;MAD;;610;65;;1111111;Boeing 737 MAX 8-200;53;0;0;0;0;0;0;37;91;65
4107;FR;FR1150;MAD;MXP;;600;115;;1111111;Boeing 737-800;71;0;0;0;0;0;0;115;86;115
4108;FR;FR1151;MXP;MAD;;590;125;;1111111;Boeing 737-800;72;0;0;0;0;0;0;115;88;125
4109;FR;FR1152;MAD;VIE;;600;165;;1111111;Boeing 737 MAX 8-200;81;0;0;0;0;0;0;121;79;165
4110;FR;FR1153;VIE;MAD;;600;190;;1111111;Boeing 737 MAX 8-200;92;0;0;0;0;1;0;121;91;190
4111;FR;FR1154;MAD;CPH;;610;190;;1111111;Boeing 737-800;108;0;0;0;0;1;0;165;87;190
4112;FR;FR1155;CPH;MAD;;605;205;;1111111;Boeing 737-800;104;0;0;0;0;0;0;165;88;205
4113;FR;FR1156;MAD;PRG;;615;165;;1111111;Boeing 737-800;99;0;0;0;0;0;0;140;90;165
4114;FR;FR1157;PRG;MAD;;605;185;;1111111;Boeing 737-800;99;0;0;0;0;0;0;140;84;185
4115;FR;FR1158;MAD;ATH;;600;205;;1111111;Boeing 737-800;112;0;0;0;0;0;0;190;86;205
4116;FR;FR1159;ATH;MAD;;615;240;;1111111;Boeing 737-800;111;0;0;0;0;1;0;190;87;240
4117;FR;FR1160;BOD;MAD;;600;80;;1101010;Boeing 737-800;53;0;0;0;0;0;0;54;88;80
4118;FR;FR1161;MAD;BOD;;600;75;;1101010;Boeing 737-800;54;0;0;0;0;0;0;54;91;75
4119;FR;FR1162;MAD;NTE;;605;95;;0101010;Boeing 737-800;58;0;0;0;0;0;0;76;85;95
4120;FR;FR1163;NTE;MAD;;590;95;;0101010;Boeing 737-800;65;0;0;0;0;0;0;76;86;95
4121;FR;FR1164;MAD;TLS;;605;75;;1010100;Boeing 737-800;59;0;0;0;0;1;0;54;91;75
4122;FR;FR1165;TLS;MAD;;595;80;;1010100;Boeing 737-800;55;0;0;0;0;0;0;54;80;80
4123;FR;FR1166;MAD;RAK;;500;115;;1111111;Boeing 737 MAX 8-200;72;0;0;0;0;1;0;89;87;115
4124;FR;FR1167;RAK;MAD;;495;110;;1111111;Boeing 737 MAX 8-200;71;0;0;0;0;1;0;89;85;110
4125;FR;FR1168;MAD;RAK;;940;115;;1111111;Boeing 737-800;80;0;0;0;0;0;0;106;80;115
4126;FR;FR1169;RAK;MAD;;935;110;;1111111;Boeing 737-800;66;0;0;0;0;0;0;106;84;110
4127;FR;FR1170;MAD;CMN;;595;100;;1111111;Boeing 737 MAX 8-200;59;0;0;0;0;1;0;73;88;100
4128;FR;FR1171;CMN;MAD;;615;95;;1111111;Boeing 737 MAX 8-200;65;0;0;0;0;0;0;73;84;95
4129;FR;FR1172;PMI;OPO;;595;115;;1111101;Boeing 737 MAX 8-200;76;0;0;0;0;1;0;83;85;115
4130;FR;FR1173;OPO;PMI;;610;100;;1111101;Boeing 737 MAX 8-200;79;0;0;0;0;0;0;83;82;100
4131;FR;FR1174;PMI;FCO;;615;90;;1111111;Boeing 737 MAX 8-200;60;0;0;0;0;1;0;71;84;90
4132;FR;FR1175;FCO;PMI;;615;100;;1111111;Boeing 737 MAX 8-200;72;0;0;0;0;0;0;71;89;100
4133;FR;FR1176;PMI;VIE;;615;135;;1011101;Boeing 737 MAX 8-200;90;0;0;0;0;1;0;123;91;135
4134;FR;FR1177;VIE;PMI;;615;150;;1011101;Boeing 737 MAX 8-200;85;0;0;0;0;0;0;123;91;150
4135;FR;FR1178;PMI;CPH;;590;180;;1110110;Boeing 737-800;92;0;0;0;0;0;0;154;87;180
4136;FR;FR1179;CPH;PMI;;600;190;;1110110;Boeing 737-800;93;0;0;0;0;0;0;154;87;190
4137;FR;FR1180;PMI;NTE;;600;105;;0101010;Boeing 737-800;71;0;0;0;0;0;0;91;80;105
4138;FR;FR1181;NTE;PMI;;615;100;;0101010;Boeing 737-800;71;0;0;0;0;0;0;91;78;100
4139;FR;FR1182;BOD;PMI;;610;85;;1110110;Boeing 737-800;51;0;0;0;0;0;0;65;79;85
4140;FR;FR1183;PMI;BOD;;600;90;;1110110;Boeing 737-800;55;0;0;0;0;1;0;65;89;90
4141;FR;FR1184;LIS;BOD;;595;100;;1001001;Boeing 737-800;66;0;0;0;0;1;0;97;82;100
4142;FR;FR1185;BOD;LIS;;615;110;;1001001;Boeing 737-800;76;0;0;0;0;1;0;97;85;110
4143;FR;FR1186;BOD;OPO;;595;100;;0100010;Boeing 737-800;60;0;0;0;0;1;0;76;91;100
4144;FR;FR1187;OPO;BOD;;590;90;;0100010;Boeing 737-800;68;0;0;0;0;0;0;76;85;90
4145;FR;FR1188;BOD;MXP;;605;90;;1010100;Boeing 737 MAX 8-200;65;0;0;0;0;1;0;63;81;90
4146;FR;FR1189;MXP;BOD;;595;100;;1010100;Boeing 737 MAX 8-200;59;0;0;0;0;1;0;63;88;100
4147;FR;FR1190;BOD;MRS;;615;70;;0100010;Boeing 737-800;55;0;0;0;0;0;0;50;90;70
4148;FR;FR1191;MRS;BOD;;605;75;;0100010;Boeing 737-800;49;0;0;0;0;0;0;50;84;75
4149;FR;FR1192;BOD;RAK;;615;165;;1111101;Boeing 737-800;83;0;0;0;0;1;0;128;78;165
4150;FR;FR1193;RAK;BOD;;590;155;;1111101;Boeing 737-800;98;0;0;0;0;0;0;128;90;155
4151;FR;FR1194;BOD;CMN;;590;145;;0100010;Boeing 737-800;78;0;0;0;0;0;0;140;81;145
4152;FR;FR1195;CMN;BOD;;610;135;;0100010;Boeing 737-800;78;0;0;0;0;0;0;140;90;135
4153;FR;FR1196;BOD;BRU;;600;95;;0101010;Boeing 737 MAX 8-200;61;0;0;0;0;0;0;65;84;95
4154;FR;FR1197;BRU;BOD;;595;100;;0101010;Boeing 737 MAX 8-200;60;0;0;0;0;0;0;65;90;100
4155;FR;FR1198;LIS;BCN;;480;100;;1111111;Boeing 737-800;71;0;0;0;0;1;0;99;80;100
4156;FR;FR1199;BCN;LIS;;495;115;;1111111;Boeing 737-800;76;0;0;0;0;0;0;99;92;115
4157;FR;FR1200;LIS;BCN;;935;100;;1111111;Boeing 737 MAX 8-200;66;0;0;0;0;1;0;84;82;100
4158;FR;FR1201;BCN;LIS;;955;115;;1111111;Boeing 737 MAX 8-200;67;0;0;0;0;0;0;84;84;115
4159;FR;FR1202;LIS;MXP;;595;155;;1111111;Boeing 737-800;78;0;0;0;0;1;0;132;88;155
4160;FR;FR1203;MXP;LIS;;605;175;;1111111;Boeing 737-800;94;0;0;0;0;0;0;132;83;175
4161;FR;FR1204;LIS;NTE;;610;110;;1010100;Boeing 737-800;65;0;0;0;0;0;0;111;89;110
4162;FR;FR1205;NTE;LIS;;595;120;;1010100;Boeing 737-800;63;0;0;0;0;0;0;111;87;120
4163;FR;FR1206;LIS;TLS;;615;105;;0101010;Boeing 737-800;70;0;0;0;0;1;0;103;92;105
4164;FR;FR1207;TLS;LIS;;600;115;;0101010;Boeing 737-800;63;0;0;0;0;0;0;103;88;115
4165;FR;FR1208;LIS;BRU;;595;160;;1101010;Boeing 737-800;101;0;0;0;0;0;0;137;89;160
4166;FR;FR1209;BRU;LIS;;595;180;;1101010;Boeing 737-800;85;0;0;0;0;0;0;137;90;180
4167;VY;VY7000;ORY;BCN;;475;95;;1111111;A320neo;65;0;0;0;0;1;0;69;61;95
4168;VY;VY7001;BCN;ORY;;485;95;;1111111;A320neo;66;0;0;0;0;0;0;69;62;95
4169;VY;VY7002;ORY;BCN;;950;95;;1111111;A321neo;63;0;0;0;0;1;0;69;62;95
4170;VY;VY7003;BCN;ORY;;950;95;;1111111;A321neo;58;0;0;0;0;0;0;69;66;95
4171;VY;VY7004;BCN;CDG;;480;95;;1111111;A320;69;0;0;0;0;0;0;86;70;95
4172;VY;VY7005;CDG;BCN;;490;95;;1111111;A320;59;0;0;0;0;0;0;86;66;95
4173;VY;VY7006;BCN;CDG;;945;95;;1111111;A320neo;73;0;0;0;0;1;0;72;62;95
4174;VY;VY7007;CDG;BCN;;955;95;;1111111;A320neo;63;0;0;0;0;1;0;72;70;95
4175;VY;VY7008;BCN;NCE;;615;70;;1111111;A320neo;51;0;0;0;0;1;0;42;63;70
4176;VY;VY7009;NCE;BCN;;610;75;;1111111;A320neo;49;0;0;0;0;1;0;42;66;75
4177;VY;VY7010;BCN;LYS;;605;75;;1111111;A320neo;47;0;0;0;0;1;0;46;64;75
4178;VY;VY7011;LYS;BCN;;610;80;;1111111;A320neo;47;0;0;0;0;0;0;46;70;80
4179;VY;VY7012;BCN;MRS;;600;55;;1111111;A321neo;49;0;0;0;0;1;0;29;65;55
4180;VY;VY7013;MRS;BCN;;600;60;;1111111;A321neo;41;0;0;0;0;1;0;29;69;60
4181;VY;VY7014;BCN;TLS;;610;50;;0111011;A320;39;0;0;0;0;0;0;27;66;50
4182;VY;VY7015;TLS;BCN;;585;50;;0111011;A320;44;0;0;0;0;1;0;27;65;50
4183;VY;VY7016;BCN;BOD;;610;70;;1011101;A320;53;0;0;0;0;0;0;45;59;70
4184;VY;VY7017;BOD;BCN;;610;65;;1011101;A320;51;0;0;0;0;0;0;45;60;65
4185;VY;VY7018;BCN;NTE;;585;95;;0110110;A320;56;0;0;0;0;0;0;71;62;95
4186;VY;VY7019;NTE;BCN;;615;90;;0110110;A320;55;0;0;0;0;1;0;71;68;90
4187;VY;VY7020;BCN;LHR;;475;120;;1111111;A320neo;78;0;0;0;0;0;0;96;71;120
4188;VY;VY7021;LHR;BCN;;480;115;;1111111;A320neo;73;0;0;0;0;1;0;96;68;115
4189;VY;VY7022;BCN;LHR;;935;120;;1111111;A321neo;83;0;0;0;0;1;0;96;67;120
4190;VY;VY7023;LHR;BCN;;955;115;;1111111;A321neo;72;0;0;0;0;0;0;96;62;115
4191;VY;VY7024;BCN;LGW;;595;115;;1111111;A320;66;0;0;0;0;0;0;111;71;115
4192;VY;VY7025;LGW;BCN;;595;115;;1111111;A320;79;0;0;0;0;0;0;111;70;115
4193;VY;VY7026;BCN;AMS;;495;125;;1111111;A321neo;83;0;0;0;0;0;0;104;58;125
4194;VY;VY7027;AMS;BCN;;490;130;;1111111;A321neo;80;0;0;0;0;0;0;104;63;130
4195;VY;VY7028;BCN;AMS;;960;125;;1111111;A320;84;0;0;0;0;0;0;124;65;125
4196;VY;VY7029;AMS;BCN;;950;130;;1111111;A320;79;0;0;0;0;0;0;124;69;130
4197;VY;VY7030;BCN;FRA;;490;110;;1111111;A320neo;81;0;0;0;0;0;0;92;59;110
4198;VY;VY7031;FRA;BCN;;485;120;;1111111;A320neo;67;0;0;0;0;1;0;92;65;120
4199;VY;VY7032;BCN;FRA;;945;110;;1111111;A321neo;68;0;0;0;0;0;0;92;60;110
4200;VY;VY7033;FRA;BCN;;950;120;;1111111;A321neo;80;0;0;0;0;1;0;92;64;120
4201;VY;VY7034;BCN;MUC;;590;110;;1111111;A320;67;0;0;0;0;0;0;109;68;110
4202;VY;VY7035;MUC;BCN;;600;120;;1111111;A320;81;0;0;0;0;0;0;109;62;120
4203;VY;VY7036;BCN;BER;;600;145;;1111111;A320;84;0;0;0;0;0;0;120;61;145
4204;VY;VY7037;BER;BCN;;590;160;;1111111;A320;78;0;0;0;0;0;0;120;66;160
4205;VY;VY7038;BCN;MAD;;405;75;;1111111;A320neo;45;0;0;0;0;0;0;41;58;75
4206;VY;VY7039;MAD;BCN;;415;65;;1111111;A320neo;45;0;0;0;0;0;0;41;63;65
4207;VY;VY7040;BCN;MAD;;570;75;;1111111;A321neo;50;0;0;0;0;1;0;41;67;75
4208;VY;VY7041;MAD;BCN;;550;65;;1111111;A321neo;50;0;0;0;0;1;0;41;66;65
4209;VY;VY7042;BCN;MAD;;715;75;;1111111;A320;46;0;0;0;0;0;0;48;67;75
4210;VY;VY7043;MAD;BCN;;710;65;;1111111;A320;49;0;0;0;0;1;0;48;65;65
4211;VY;VY7044;BCN;MAD;;855;75;;1111111;A320neo;49;0;0;0;0;1;0;41;68;75
4212;VY;VY7045;MAD;BCN;;860;65;;1111111;A320neo;47;0;0;0;0;1;0;41;63;65
4213;VY;VY7046;BCN;MAD;;1010;75;;1111111;A321neo;45;0;0;0;0;1;0;41;69;75
4214;VY;VY7047;MAD;BCN;;1010;65;;1111111;A321neo;45;0;0;0;0;1;0;41;72;65
4215;VY;VY7048;BCN;MAD;;1170;75;;1111111;A320;45;0;0;0;0;0;0;48;62;75
4216;VY;VY7049;MAD;BCN;;1185;65;;1111111;A320;54;0;0;0;0;0;0;48;68;65
4217;VY;VY7050;PMI;BCN;;610;45;;1111111;A320;40;0;0;0;0;0;0;20;58;45
4218;VY;VY7051;BCN;PMI;;605;45;;1111111;A320;42;0;0;0;0;1;0;20;70;45
4219;VY;VY7052;BCN;LIS;;495;115;;1111111;A321neo;68;0;0;0;0;0;0;84;58;115
4220;VY;VY7053;LIS;BCN;;500;100;;1111111;A321neo;78;0;0;0;0;0;0;84;62;100
4221;VY;VY7054;BCN;LIS;;935;115;;1111111;A320;70;0;0;0;0;0;0;99;65;115
4222;VY;VY7055;LIS;BCN;;935;100;;1111111;A320;66;0;0;0;0;0;0;99;64;100
4223;VY;VY7056;BCN;OPO;;605;105;;1111111;A321neo;64;0;0;0;0;1;0;75;68;105
4224;VY;VY7057;OPO;BCN;;615;95;;1111111;A321neo;66;0;0;0;0;1;0;75;59;95
4225;VY;VY7058;BCN;FCO;;495;90;;1111111;A321neo;61;0;0;0;0;0;0;71;64;90
4226;VY;VY7059;FCO;BCN;;490;100;;1111111;A321neo;64;0;0;0;0;1;0;71;64;100
4227;VY;VY7060;BCN;FCO;;955;90;;1111111;A320;68;0;0;0;0;1;0;85;71;90
4228;VY;VY7061;FCO;BCN;;955;100;;1111111;A320;70;0;0;0;0;0;0;85;58;100
4229;VY;VY7062;BCN;MXP;;595;90;;1111111;A321neo;57;0;0;0;0;1;0;60;60;90
4230;VY;VY7063;MXP;BCN;;600;100;;1111111;A321neo;64;0;0;0;0;1;0;60;60;100
4231;VY;VY7064;BCN;ZRH;;605;90;;1111111;A320neo;63;0;0;0;0;0;0;72;65;90
4232;VY;VY7065;ZRH;BCN;;595;100;;1111111;A320neo;67;0;0;0;0;1;0;72;72;100
4233;VY;VY7066;BCN;GVA;;590;80;;1111111;A321neo;56;0;0;0;0;0;0;54;59;80
4234;VY;VY7067;GVA;BCN;;585;90;;1111111;A321neo;62;0;0;0;0;1;0;54;58;90
4235;VY;VY7068;BCN;BRU;;610;110;;1111111;A320neo;78;0;0;0;0;1;0;91;68;110
4236;VY;VY7069;BRU;BCN;;595;115;;1111111;A320neo;67;0;0;0;0;1;0;91;60;115
4237;VY;VY7070;BCN;VIE;;600;130;;1111111;A320neo;84;0;0;0;0;1;0;115;62;130
4238;VY;VY7071;VIE;BCN;;600;145;;1111111;A320neo;86;0;0;0;0;0;0;115;63;145
4239;VY;VY7072;BCN;CPH;;595;170;;1111111;A321neo;89;0;0;0;0;0;0;119;63;170
4240;VY;VY7073;CPH;BCN;;595;180;;1111111;A321neo;102;0;0;0;0;0;0;119;59;180
4241;VY;VY7074;BCN;DUB;;600;150;;1111111;A320;91;0;0;0;0;0;0;148;71;150
4242;VY;VY7075;DUB;BCN;;615;140;;1111111;A320;81;0;0;0;0;0;0;148;68;140
4243;VY;VY7076;BCN;PRG;;610;130;;1111111;A320;90;0;0;0;0;0;0;136;66;130
4244;VY;VY7077;PRG;BCN;;610;145;;1111111;A320;84;0;0;0;0;0;0;136;66;145
4245;VY;VY7078;BCN;ATH;;600;170;;1111111;A320;104;0;0;0;0;0;0;152;70;170
4246;VY;VY7079;ATH;BCN;;615;195;;1111111;A320;104;0;0;0;0;0;0;152;61;195
4247;VY;VY7080;BCN;IST;;475;195;;1111111;A321neo;103;0;0;0;0;1;0;149;68;195
4248;VY;VY7081;IST;BCN;;475;225;;1111111;A321neo;112;0;0;0;0;1;0;149;60;225
4249;VY;VY7082;BCN;IST;;940;195;;1111111;A320;98;0;0;0;0;0;0;178;67;195
4250;VY;VY7083;IST;BCN;;940;225;;1111111;A320;105;0;0;0;0;1;0;178;70;225
4251;VY;VY7084;BCN;CMN;;590;130;;1111111;A321neo;77;0;0;0;0;1;0;103;67;130
4252;VY;VY7085;CMN;BCN;;600;120;;1111111;A321neo;79;0;0;0;0;1;0;103;59;120
4253;VY;VY7086;BCN;RAK;;475;145;;1111111;A321neo;89;0;0;0;0;1;0;118;61;145
4254;VY;VY7087;RAK;BCN;;485;135;;1111111;A321neo;82;0;0;0;0;1;0;118;66;135
4255;VY;VY7088;BCN;RAK;;940;145;;1111111;A320;81;0;0;0;0;1;0;141;65;145
4256;VY;VY7089;RAK;BCN;;950;135;;1111111;A320;85;0;0;0;0;0;0;141;65;135
4257;VY;VY7090;BCN;TUN;;590;90;;1111111;A320neo;73;0;0;0;0;1;0;72;58;90
4258;VY;VY7091;TUN;BCN;;610;100;;1111111;A320neo;72;0;0;0;0;1;0;72;72;100
4259;VY;VY7092;BCN;ALG;;595;75;;1111111;A320neo;54;0;0;0;0;1;0;44;63;75
4260;VY;VY7093;ALG;BCN;;600;75;;1111111;A320neo;48;0;0;0;0;1;0;44;65;75
4261;VY;VY7094;ORY;MAD;;490;115;;1111111;A320neo;67;0;0;0;0;1;0;87;58;115
4262;VY;VY7095;MAD;ORY;;475;105;;1111111;A320neo;61;0;0;0;0;1;0;87;60;105
4263;VY;VY7096;ORY;MAD;;935;115;;1111111;A321neo;61;0;0;0;0;1;0;87;67;115
4264;VY;VY7097;MAD;ORY;;945;105;;1111111;A321neo;62;0;0;0;0;0;0;87;65;105
4265;VY;VY7098;PMI;ORY;;595;110;;1011101;A320;74;0;0;0;0;0;0;102;70;110
4266;VY;VY7099;ORY;PMI;;610;110;;1011101;A320;73;0;0;0;0;0;0;102;69;110
4267;VY;VY7100;ORY;LIS;;605;150;;1111111;A321neo;74;0;0;0;0;0;0;121;65;150
4268;VY;VY7101;LIS;ORY;;595;135;;1111111;A321neo;77;0;0;0;0;0;0;121;67;135
4269;VY;VY7102;ORY;OPO;;605;130;;1111101;A320;75;0;0;0;0;0;0;120;62;130
4270;VY;VY7103;OPO;ORY;;610;120;;1111101;A320;71;0;0;0;0;0;0;120;68;120
4271;VY;VY7104;ORY;FCO;;490;110;;1111111;A320;79;0;0;0;0;0;0;109;71;110
4272;VY;VY7105;FCO;ORY;;500;120;;1111111;A320;76;0;0;0;0;0;0;109;64;120
4273;VY;VY7106;ORY;FCO;;940;110;;1111111;A320neo;74;0;0;0;0;1;0;91;60;110
4274;VY;VY7107;FCO;ORY;;940;120;;1111111;A320neo;68;0;0;0;0;1;0;91;66;120
4275;VY;VY7108;ORY;ATH;;600;185;;1111111;A320neo;108;0;0;0;0;1;0;141;66;185
4276;VY;VY7109;ATH;ORY;;615;210;;1111111;A320neo;94;0;0;0;0;1;0;141;70;210
4277;VY;VY7110;ORY;RAK;;595;205;;1111111;A320neo;104;0;0;0;0;1;0;141;61;205
4278;VY;VY7111;RAK;ORY;;605;195;;1111111;A320neo;103;0;0;0;0;1;0;141;66;195
4279;VY;VY7112;ORY;CMN;;610;190;;1111111;A320neo;96;0;0;0;0;1;0;127;67;190
4280;VY;VY7113;CMN;ORY;;610;180;;1111111;A320neo;99;0;0;0;0;0;0;127;62;180
4281;VY;VY7114;ORY;ALG;;595;135;;0110110;A320;84;0;0;0;0;0;0;134;71;135
4282;VY;VY7115;ALG;ORY;;595;135;;0110110;A320;82;0;0;0;0;1;0;134;60;135
4283;VY;VY7116;PMI;NCE;;610;80;;1010101;A320;54;0;0;0;0;1;0;59;60;80
4284;VY;VY7117;NCE;PMI;;600;85;;1010101;A320;58;0;0;0;0;0;0;59;70;85
4285;VY;VY7118;PMI;LYS;;610;90;;1000100;A320neo;56;0;0;0;0;0;0;60;60;90
4286;VY;VY7119;LYS;PMI;;595;95;;1000100;A320neo;66;0;0;0;0;1;0;60;72;95
4287;VY;VY7120;PMI;MRS;;600;70;;1111110;A320;45;0;0;0;0;0;0;48;65;70
4288;VY;VY7121;MRS;PMI;;610;75;;1111110;A320;49;0;0;0;0;0;0;48;67;75
4289;VY;VY7122;PMI;TLS;;615;70;;0101010;A321neo;51;0;0;0;0;1;0;39;62;70
4290;VY;VY7123;TLS;PMI;;590;70;;0101010;A321neo;45;0;0;0;0;1;0;39;58;70
4291;VY;VY7124;PMI;BOD;;600;90;;1011101;A320;53;0;0;0;0;1;0;65;63;90
4292;VY;VY7125;BOD;PMI;;605;85;;1011101;A320;58;0;0;0;0;0;0;65;69;85
4293;VY;VY7126;PMI;NTE;;605;105;;1010101;A320neo;58;0;0;0;0;1;0;77;61;105
4294;VY;VY7127;NTE;PMI;;610;100;;1010101;A320neo;61;0;0;0;0;1;0;77;69;100
4295;VY;VY7128;PMI;LGW;;590;135;;0010001;A321neo;80;0;0;0;0;0;0;110;61;135
4296;VY;VY7129;LGW;PMI;;605;130;;0010001;A321neo;75;0;0;0;0;1;0;110;72;130
4297;VY;VY7130;PMI;AMS;;605;140;;1111111;A321neo;87;0;0;0;0;1;0;120;63;140
4298;VY;VY7131;AMS;PMI;;610;140;;1111111;A321neo;87;0;0;0;0;1;0;120;60;140
4299;VY;VY7132;PMI;FRA;;595;125;;1110110;A320neo;81;0;0;0;0;1;0;105;70;125
4300;VY;VY7133;FRA;PMI;;605;130;;1110110;A320neo;78;0;0;0;0;0;0;105;63;130
4301;VY;VY7134;PMI;MUC;;595;120;;1010100;A320;73;0;0;0;0;0;0;122;70;120
4302;VY;VY7135;MUC;PMI;;590;130;;1010100;A320;74;0;0;0;0;0;0;122;60;130
4303;VY;VY7136;PMI;BER;;610;160;;0111011;A321neo;92;0;0;0;0;1;0;111;65;160
4304;VY;VY7137;BER;PMI;;610;170;;0111011;A321neo;89;0;0;0;0;1;0;111;62;170
4305;VY;VY7138;PMI;MAD;;615;80;;1111111;A320neo;49;0;0;0;0;1;0;46;67;80
4306;VY;VY7139;MAD;PMI;;595;70;;1111111;A320neo;51;0;0;0;0;1;0;46;60;70
4307;VY;VY7140;PMI;FCO;;610;90;;1111111;A321neo;65;0;0;0;0;1;0;71;68;90
4308;VY;VY7141;FCO;PMI;;615;100;;1111111;A321neo;71;0;0;0;0;1;0;71;64;100
4309;VY;VY7142;PMI;ZRH;;615;105;;0010001;A320neo;72;0;0;0;0;1;0;84;70;105
4310;VY;VY7143;ZRH;PMI;;600;110;;0010001;A320neo;79;0;0;0;0;1;0;84;70;110
4311;VY;VY7144;PMI;GVA;;615;95;;1111101;A320;69;0;0;0;0;0;0;79;60;95
4312;VY;VY7145;GVA;PMI;;610;100;;1111101;A320;71;0;0;0;0;0;0;79;66;100
4313;VY;VY7146;PMI;BRU;;605;125;;1101010;A321neo;84;0;0;0;0;0;0;107;61;125
4314;VY;VY7147;BRU;PMI;;605;130;;1101010;A321neo;74;0;0;0;0;0;0;107;61;130
4315;VY;VY7148;PMI;VIE;;605;135;;1010100;A320;90;0;0;0;0;0;0;146;71;135
4316;VY;VY7149;VIE;PMI;;595;150;;1010100;A320;82;0;0;0;0;1;0;146;70;150
4317;VY;VY7150;PMI;CPH;;595;180;;1001001;A321neo;85;0;0;0;0;1;0;130;60;180
4318;VY;VY7151;CPH;PMI;;590;190;;1001001;A321neo;105;0;0;0;0;0;0;130;70;190
4319;W6;W61000;FCO;NCE;;635;75;;1111111;A320;54;0;0;0;0;0;0;46;63;75
4320;W6;W61001;NCE;FCO;;620;65;;1111111;A320;46;0;0;0;0;0;0;46;65;65
4321;W6;W61002;FCO;BER;;615;120;;1111111;A321neo;72;0;0;0;0;1;0;99;65;120
4322;W6;W61003;BER;FCO;;615;120;;1111111;A321neo;73;0;0;0;0;1;0;99;57;120
4323;W6;W61004;FCO;MAD;;510;145;;1111111;A320;78;0;0;0;0;1;0;133;64;145
4324;W6;W61005;MAD;FCO;;500;125;;1111111;A320;79;0;0;0;0;0;0;133;62;125
4325;W6;W61006;FCO;MAD;;975;145;;1111111;A321neo;71;0;0;0;0;1;0;112;55;145
4326;W6;W61007;MAD;FCO;;980;125;;1111111;A321neo;71;0;0;0;0;1;0;112;57;125
4327;W6;W61008;FCO;BCN;;505;100;;1111111;A321neo;65;0;0;0;0;0;0;71;58;100
4328;W6;W61009;BCN;FCO;;505;90;;1111111;A321neo;70;0;0;0;0;0;0;71;62;90
4329;W6;W61010;FCO;BCN;;965;100;;1111111;A320;57;0;0;0;0;0;0;85;55;100
4330;W6;W61011;BCN;FCO;;980;90;;1111111;A320;57;0;0;0;0;1;0;85;54;90
4331;W6;W61012;FCO;PMI;;615;100;;1111111;A320;63;0;0;0;0;0;0;84;56;100
4332;W6;W61013;PMI;FCO;;635;90;;1111111;A320;60;0;0;0;0;0;0;84;60;90
4333;W6;W61014;FCO;LIS;;520;190;;1111111;A320;101;0;0;0;0;0;0;147;61;190
4334;W6;W61015;LIS;FCO;;515;165;;1111111;A320;91;0;0;0;0;0;0;147;57;165
4335;W6;W61016;FCO;LIS;;970;190;;1111111;A321neo;90;0;0;0;0;1;0;124;58;190
4336;W6;W61017;LIS;FCO;;970;165;;1111111;A321neo;99;0;0;0;0;0;0;124;60;165
4337;W6;W61018;VIE;FCO;;640;100;;1111111;A320;65;0;0;0;0;0;0;78;62;100
4338;W6;W61019;FCO;VIE;;630;95;;1111111;A320;62;0;0;0;0;0;0;78;58;95
4339;W6;W61020;FCO;CPH;;640;155;;1111111;A321neo;78;0;0;0;0;1;0;103;59;155
4340;W6;W61021;CPH;FCO;;635;155;;1111111;A321neo;79;0;0;0;0;1;0;103;55;155
4341;W6;W61022;FCO;PRG;;640;100;;1111111;A321neo;75;0;0;0;0;1;0;79;64;100
4342;W6;W61023;PRG;FCO;;630;105;;1111111;A321neo;70;0;0;0;0;1;0;79;55;105
4343;W6;W61024;FCO;ATH;;620;105;;1111111;A321neo;77;0;0;0;0;0;0;91;58;105
4344;W6;W61025;ATH;FCO;;640;120;;1111111;A321neo;78;0;0;0;0;1;0;91;57;120
4345;W6;W61026;FCO;IST;;520;130;;1111111;A320;73;0;0;0;0;0;0;137;62;130
4346;W6;W61027;IST;FCO;;520;145;;1111111;A320;81;0;0;0;0;0;0;137;64;145
4347;W6;W61028;FCO;IST;;960;130;;1111111;A321neo;75;0;0;0;0;0;0;115;62;130
4348;W6;W61029;IST;FCO;;980;145;;1111111;A321neo;77;0;0;0;0;0;0;115;62;145
4349;W6;W61030;FCO;BRU;;640;125;;1111111;A321neo;77;0;0;0;0;0;0;99;57;125
4350;W6;W61031;BRU;FCO;;625;115;;1111111;A321neo;72;0;0;0;0;1;0;99;58;115
4351;W6;W61032;VIE;NCE;;620;105;;1011111;A320;73;0;0;0;0;0;0;88;55;105
4352;W6;W61033;NCE;VIE;;615;95;;1011111;A320;75;0;0;0;0;0;0;88;60;95
4353;W6;W61034;VIE;LGW;;640;135;;0101010;A320;87;0;0;0;0;0;0;125;62;135
4354;W6;W61035;LGW;VIE;;640;120;;0101010;A320;71;0;0;0;0;0;0;125;60;120
4355;W6;W61036;VIE;BER;;635;75;;1111110;A321neo;50;0;0;0;0;0;0;44;59;75
4356;W6;W61037;BER;VIE;;635;75;;1111110;A321neo;56;0;0;0;0;1;0;44;58;75
4357;W6;W61038;VIE;MAD;;635;190;;1111111;A320;101;0;0;0;0;0;0;145;66;190
4358;W6;W61039;MAD;VIE;;615;165;;1111111;A320;85;0;0;0;0;1;0;145;61;165
4359;W6;W61040;VIE;BCN;;615;145;;1111111;A321neo;82;0;0;0;0;1;0;115;65;145
4360;W6;W61041;BCN;VIE;;635;130;;1111111;A321neo;78;0;0;0;0;0;0;115;64;130
4361;W6;W61042;VIE;LIS;;620;230;;0010001;A320;114;0;0;0;0;1;0;184;61;230
4362;W6;W61043;LIS;VIE;;615;205;;0010001;A320;118;0;0;0;0;0;0;184;66;205
4363;W6;W61044;MXP;VIE;;630;80;;1011101;A321neo;64;0;0;0;0;1;0;55;59;80
4364;W6;W61045;VIE;MXP;;635;95;;1011101;A321neo;60;0;0;0;0;1;0;55;58;95
4365;W6;W61046;VIE;CPH;;630;100;;0110110;A321neo;67;0;0;0;0;0;0;74;66;100
4366;W6;W61047;CPH;VIE;;635;95;;0110110;A321neo;60;0;0;0;0;1;0;74;66;95
4367;W6;W61048;VIE;DUB;;630;180;;1111101;A321neo;82;0;0;0;0;1;0;114;62;180
4368;W6;W61049;DUB;VIE;;635;155;;1111101;A321neo;86;0;0;0;0;1;0;114;64;155
4369;W6;W61050;VIE;ATH;;630;125;;1110110;A321neo;82;0;0;0;0;1;0;107;60;125
4370;W6;W61051;ATH;VIE;;620;135;;1110110;A321neo;88;0;0;0;0;1;0;107;54;135
4371;W6;W61052;VIE;IST;;610;120;;1111111;A320;70;0;0;0;0;0;0;122;59;120
4372;W6;W61053;IST;VIE;;625;130;;1111111;A320;68;0;0;0;0;0;0;122;66;130
4373;W6;W61054;VIE;BRU;;620;110;;0110110;A321neo;69;0;0;0;0;1;0;78;60;110
4374;W6;W61055;BRU;VIE;;615;95;;0110110;A321neo;72;0;0;0;0;0;0;78;58;95
4375;W6;W61056;MXP;BCN;;630;100;;1111111;A320;53;0;0;0;0;0;0;72;66;100
4376;W6;W61057;BCN;MXP;;615;90;;1111111;A320;64;0;0;0;0;0;0;72;54;90
4377;W6;W61058;MXP;MAD;;630;125;;1111111;A321neo;73;0;0;0;0;0;0;97;56;125
4378;W6;W61059;MAD;MXP;;635;115;;1111111;A321neo;76;0;0;0;0;1;0;97;58;115
4379;W6;W61060;MXP;LIS;;630;175;;1111111;A321neo;88;0;0;0;0;0;0;111;56;175
4380;W6;W61061;LIS;MXP;;620;155;;1111111;A321neo;88;0;0;0;0;1;0;111;54;155
4381;W6;W61062;MXP;FCO;;640;70;;1111111;A321neo;48;0;0;0;0;0;0;43;66;70
4382;W6;W61063;FCO;MXP;;615;75;;1111111;A321neo;50;0;0;0;0;1;0;43;55;75
4383;W6;W61064;MXP;ATH;;620;145;;1011101;A320;79;0;0;0;0;0;0;122;66;145
4384;W6;W61065;ATH;MXP;;615;160;;1011101;A320;86;0;0;0;0;0;0;122;54;160
4385;W6;W61066;MXP;BRU;;635;90;;0110110;A320;58;0;0;0;0;0;0;66;59;90
4386;W6;W61067;BRU;MXP;;620;85;;0110110;A320;63;0;0;0;0;1;0;66;61;85
4387;TO;TO7000;ORY;NCE;;620;85;;1111111;A320neo;64;0;0;0;0;1;0;57;78;85
4388;TO;TO7001;NCE;ORY;;600;90;;1111111;A320neo;62;0;0;0;0;1;0;57;70;90
4389;TO;TO7002;ORY;LIS;;600;150;;1111111;A321neo;73;0;0;0;0;1;0;121;74;150
4390;TO;TO7003;LIS;ORY;;600;135;;1111111;A321neo;75;0;0;0;0;0;0;121;81;135
4391;TO;TO7004;ORY;OPO;;605;130;;0101010;Boeing 737-800;68;0;0;0;0;0;0;120;67;130
4392;TO;TO7005;OPO;ORY;;605;120;;0101010;Boeing 737-800;69;0;0;0;0;0;0;120;80;120
4393;TO;TO7006;ORY;MAD;;480;115;;1111111;A320neo;73;0;0;0;0;1;0;87;73;115
4394;TO;TO7007;MAD;ORY;;480;105;;1111111;A320neo;69;0;0;0;0;1;0;87;71;105
4395;TO;TO7008;ORY;MAD;;945;115;;1111111;A321neo;69;0;0;0;0;1;0;87;71;115
4396;TO;TO7009;MAD;ORY;;950;105;;1111111;A321neo;61;0;0;0;0;1;0;87;71;105
4397;TO;TO7010;ORY;BCN;;500;95;;1111111;A320neo;61;0;0;0;0;1;0;69;70;95
4398;TO;TO7011;BCN;ORY;;490;95;;1111111;A320neo;62;0;0;0;0;0;0;69;72;95
4399;TO;TO7012;ORY;BCN;;965;95;;1111111;A321neo;68;0;0;0;0;0;0;69;78;95
4400;TO;TO7013;BCN;ORY;;945;95;;1111111;A321neo;66;0;0;0;0;1;0;69;80;95
4401;TO;TO7014;ORY;PMI;;605;110;;0010001;Boeing 737-800;69;0;0;0;0;0;0;102;76;110
4402;TO;TO7015;PMI;ORY;;605;110;;0010001;Boeing 737-800;73;0;0;0;0;0;0;102;79;110
4403;TO;TO7016;ORY;FCO;;495;110;;1111111;Boeing 737-800;75;0;0;0;0;0;0;109;73;110
4404;TO;TO7017;FCO;ORY;;500;120;;1111111;Boeing 737-800;79;0;0;0;0;1;0;109;78;120
4405;TO;TO7018;ORY;FCO;;955;110;;1111111;A320neo;68;0;0;0;0;1;0;91;73;110
4406;TO;TO7019;FCO;ORY;;945;120;;1111111;A320neo;76;0;0;0;0;1;0;91;73;120
4407;TO;TO7020;ORY;ATH;;610;185;;1111111;A320neo;96;0;0;0;0;1;0;141;69;185
4408;TO;TO7021;ATH;ORY;;615;210;;1111111;A320neo;105;0;0;0;0;1;0;141;76;210
4409;TO;TO7022;ORY;IST;;480;195;;1111111;A321neo;98;0;0;0;0;1;0;149;80;195
4410;TO;TO7023;IST;ORY;;485;225;;1111111;A321neo;122;0;0;0;0;1;0;149;69;225
4411;TO;TO7024;ORY;IST;;945;195;;1111111;Boeing 737-800;99;0;0;0;0;0;0;178;69;195
4412;TO;TO7025;IST;ORY;;955;225;;1111111;Boeing 737-800;101;0;0;0;0;0;0;178;75;225
4413;TO;TO7026;ORY;CMN;;600;190;;1111111;A320neo;104;0;0;0;0;0;0;127;80;190
4414;TO;TO7027;CMN;ORY;;615;180;;1111111;A320neo;106;0;0;0;0;1;0;127;68;180
4415;TO;TO7028;ORY;RAK;;620;205;;1111111;A320neo;110;0;0;0;0;0;0;141;70;205
4416;TO;TO7029;RAK;ORY;;610;195;;1111111;A320neo;97;0;0;0;0;0;0;141;72;195
4417;TO;TO7030;ORY;TUN;;605;140;;1011101;A321neo;87;0;0;0;0;1;0;123;81;140
4418;TO;TO7031;TUN;ORY;;610;150;;1011101;A321neo;87;0;0;0;0;1;0;123;70;150
4419;TO;TO7032;ORY;ALG;;620;135;;1000100;Boeing 737-800;73;0;0;0;0;1;0;134;79;135
4420;TO;TO7033;ALG;ORY;;595;135;;1000100;Boeing 737-800;84;0;0;0;0;0;0;134;79;135
4421;TO;TO7034;ORY;CAI;;610;255;;1111111;A321neo;141;0;0;0;0;0;0;215;67;255
4422;TO;TO7035;CAI;ORY;;615;280;;1111111;A321neo;158;0;0;0;0;0;0;215;78;280
4423;TO;TO7036;ORY;PRG;;600;90;;0101010;A320neo;64;0;0;0;0;1;0;73;69;90
4424;TO;TO7037;PRG;ORY;;595;105;;0101010;A320neo;69;0;0;0;0;1;0;73;79;105
4425;TO;TO7038;ORY;CPH;;615;105;;0111011;A321neo;72;0;0;0;0;1;0;87;80;105
4426;TO;TO7039;CPH;ORY;;610;115;;0111011;A321neo;79;0;0;0;0;0;0;87;68;115
4427;TO;TO7040;ORY;DUB;;605;105;;1111110;A321neo;62;0;0;0;0;0;0;67;71;105
4428;TO;TO7041;DUB;ORY;;615;95;;1111110;A321neo;66;0;0;0;0;1;0;67;73;95
4429;TO;TO7042;ORY;BER;;590;95;;1111111;A320neo;67;0;0;0;0;1;0;74;72;95
4430;TO;TO7043;BER;ORY;;615;105;;1111111;A320neo;66;0;0;0;0;1;0;74;77;105
4431;TO;TO7044;NTE;LIS;;605;120;;0100010;A321neo;75;0;0;0;0;1;0;94;80;120
4432;TO;TO7045;LIS;NTE;;620;110;;0100010;A321neo;63;0;0;0;0;1;0;94;77;110
4433;TO;TO7046;NTE;OPO;;590;100;;1010100;Boeing 737-800;58;0;0;0;0;1;0;87;71;100
4434;TO;TO7047;OPO;NTE;;615;95;;1010100;Boeing 737-800;63;0;0;0;0;0;0;87;80;95
4435;TO;TO7048;NTE;MAD;;595;95;;1101010;A320neo;60;0;0;0;0;1;0;64;68;95
4436;TO;TO7049;MAD;NTE;;605;95;;1101010;A320neo;65;0;0;0;0;1;0;64;71;95
4437;TO;TO7050;NTE;BCN;;605;90;;0110110;Boeing 737-800;61;0;0;0;0;0;0;71;68;90
4438;TO;TO7051;BCN;NTE;;590;95;;0110110;Boeing 737-800;52;0;0;0;0;0;0;71;81;95
4439;TO;TO7052;NTE;PMI;;605;100;;1000100;A320neo;68;0;0;0;0;0;0;77;70;100
4440;TO;TO7053;PMI;NTE;;615;105;;1000100;A320neo;67;0;0;0;0;0;0;77;75;105
4441;TO;TO7054;NTE;FCO;;615;120;;1010101;A320neo;68;0;0;0;0;1;0;105;70;120
4442;TO;TO7055;FCO;NTE;;600;135;;1010101;A320neo;71;0;0;0;0;1;0;105;73;135
4443;TO;TO7056;NTE;ATH;;605;200;;0100010;A321neo;117;0;0;0;0;1;0;156;76;200
4444;TO;TO7057;ATH;NTE;;615;230;;0100010;A321neo;121;0;0;0;0;0;0;156;70;230
4445;TO;TO7058;NTE;RAK;;605;180;;1110110;A321neo;89;0;0;0;0;1;0;122;77;180
4446;TO;TO7059;RAK;NTE;;600;175;;1110110;A321neo;98;0;0;0;0;0;0;122;68;175
4447;TO;TO7060;NTE;CMN;;600;165;;0100010;Boeing 737-800;87;0;0;0;0;0;0;129;75;165
4448;TO;TO7061;CMN;NTE;;605;155;;0100010;Boeing 737-800;91;0;0;0;0;0;0;129;70;155
4449;TO;TO7062;NTE;TUN;;615;145;;1000100;Boeing 737-800;83;0;0;0;0;0;0;120;69;145
4450;TO;TO7063;TUN;NTE;;610;160;;1000100;Boeing 737-800;85;0;0;0;0;0;0;120;67;160
4451;TO;TO7064;NTE;ALG;;605;120;;0110110;Boeing 737-800;86;0;0;0;0;0;0;123;70;120
4452;TO;TO7065;ALG;NTE;;615;130;;0110110;Boeing 737-800;85;0;0;0;0;0;0;123;81;130
4453;TO;TO7066;NTE;DUB;;610;100;;1111101;A321neo;63;0;0;0;0;1;0;65;75;100
4454;TO;TO7067;DUB;NTE;;620;95;;1111101;A321neo;56;0;0;0;0;1;0;65;74;95
4455;TO;TO7068;NTE;PRG;;610;115;;1011101;Boeing 737-800;77;0;0;0;0;0;0;121;71;115
4456;TO;TO7069;PRG;NTE;;595;135;;1011101;Boeing 737-800;81;0;0;0;0;0;0;121;71;135
4457;TO;TO7070;NTE;BER;;610;120;;1101010;Boeing 737-800;72;0;0;0;0;0;0;123;79;120
4458;TO;TO7071;BER;NTE;;620;135;;1101010;Boeing 737-800;86;0;0;0;0;1;0;123;77;135
4459;TO;TO7072;LYS;LIS;;590;150;;1111101;Boeing 737-800;77;0;0;0;0;0;0;140;79;150
4460;TO;TO7073;LIS;LYS;;595;130;;1111101;Boeing 737-800;88;0;0;0;0;0;0;140;73;130
4461;TO;TO7074;LYS;OPO;;615;135;;1000100;A321neo;70;0;0;0;0;0;0;102;73;135
4462;TO;TO7075;OPO;LYS;;600;115;;1000100;A321neo;83;0;0;0;0;1;0;102;68;115
4463;TO;TO7076;LYS;MAD;;615;105;;1111111;A320neo;64;0;0;0;0;1;0;77;73;105
4464;TO;TO7077;MAD;LYS;;605;95;;1111111;A320neo;70;0;0;0;0;1;0;77;78;95
4465;TO;TO7078;LYS;BCN;;605;80;;1111111;A320neo;58;0;0;0;0;1;0;46;77;80
4466;TO;TO7079;BCN;LYS;;620;75;;1111111;A320neo;55;0;0;0;0;1;0;46;78;75
4467;TO;TO7080;LYS;PMI;;600;95;;0110110;A320neo;58;0;0;0;0;1;0;60;69;95
4468;TO;TO7081;PMI;LYS;;595;90;;0110110;A320neo;65;0;0;0;0;1;0;60;69;90
4469;TO;TO7082;LYS;FCO;;620;85;;1111111;Boeing 737-800;61;0;0;0;0;0;0;72;74;85
4470;TO;TO7083;FCO;LYS;;620;100;;1111111;Boeing 737-800;64;0;0;0;0;0;0;72;69;100
4471;TO;TO7084;LYS;ATH;;595;165;;0010001;A320neo;91;0;0;0;0;0;0;120;73;165
4472;TO;TO7085;ATH;LYS;;610;185;;0010001;A320neo;91;0;0;0;0;1;0;120;74;185
4473;TO;TO7086;LYS;RAK;;590;195;;0010001;A320neo;91;0;0;0;0;1;0;130;67;195
4474;TO;TO7087;RAK;LYS;;605;180;;0010001;A320neo;95;0;0;0;0;0;0;130;72;180
4475;TO;TO7088;LYS;CMN;;595;180;;1101010;A321neo;94;0;0;0;0;1;0;117;74;180
4476;TO;TO7089;CMN;LYS;;620;165;;1101010;A321neo;85;0;0;0;0;1;0;117;70;165
4477;TO;TO7090;LYS;TUN;;615;110;;1000100;A320neo;79;0;0;0;0;0;0;90;69;110
4478;TO;TO7091;TUN;LYS;;600;115;;1000100;A320neo;68;0;0;0;0;1;0;90;80;115
4479;TO;TO7092;LYS;ALG;;595;110;;1001001;A321neo;73;0;0;0;0;1;0;85;81;110
4480;TO;TO7093;ALG;LYS;;595;105;;1001001;A321neo;66;0;0;0;0;1;0;85;81;105
4481;TO;TO7094;LYS;DUB;;600;125;;0111011;A321neo;70;0;0;0;0;1;0;99;68;125
4482;TO;TO7095;DUB;LYS;;620;115;;0111011;A321neo;83;0;0;0;0;1;0;99;77;115
4483;TO;TO7096;LYS;PRG;;600;90;;1001001;A320neo;77;0;0;0;0;1;0;70;78;90
4484;TO;TO7097;PRG;LYS;;620;100;;1001001;A320neo;65;0;0;0;0;1;0;70;71;100
4485;TO;TO7098;LYS;BER;;610;100;;1001001;A320neo;73;0;0;0;0;0;0;81;71;100
4486;TO;TO7099;BER;LYS;;600;110;;1001001;A320neo;65;0;0;0;0;1;0;81;69;110
4487;TO;TO7100;AMS;LYS;;600;95;;1111111;Boeing 737-800;58;0;0;0;0;0;0;73;76;95
4488;TO;TO7101;LYS;AMS;;610;95;;1111111;Boeing 737-800;63;0;0;0;0;1;0;73;67;95
4489;TO;TO7102;LYS;NTE;;615;80;;1110110;A321neo;56;0;0;0;0;1;0;45;69;80
4490;TO;TO7103;NTE;LYS;;605;70;;1110110;A321neo;55;0;0;0;0;0;0;45;78;70
4491;TO;TO7104;MRS;NTE;;605;95;;1010101;Boeing 737-800;59;0;0;0;0;0;0;67;77;95
4492;TO;TO7105;NTE;MRS;;605;85;;1010101;Boeing 737-800;54;0;0;0;0;0;0;67;78;85
4493;TO;TO7106;MRS;LIS;;595;140;;1101010;Boeing 737-800;80;0;0;0;0;0;0;131;67;140
4494;TO;TO7107;LIS;MRS;;595;125;;1101010;Boeing 737-800;72;0;0;0;0;0;0;131;79;125
4495;TO;TO7108;MRS;OPO;;615;130;;0010001;A320neo;69;0;0;0;0;1;0;98;69;130
4496;TO;TO7109;OPO;MRS;;600;115;;0010001;A320neo;81;0;0;0;0;0;0;98;73;115
4497;TO;TO7110;MRS;MAD;;605;105;;1111111;A320neo;59;0;0;0;0;1;0;67;74;105
4498;TO;TO7111;MAD;MRS;;615;95;;1111111;A320neo;69;0;0;0;0;0;0;67;73;95
4499;TO;TO7112;MRS;ATH;;605;155;;1111101;A320neo;96;0;0;0;0;1;0;113;68;155
4500;TO;TO7113;ATH;MRS;;615;180;;1111101;A320neo;88;0;0;0;0;1;0;113;71;180
4501;TO;TO7114;MRS;RAK;;600;180;;0111011;A320neo;91;0;0;0;0;1;0;118;71;180
4502;TO;TO7115;RAK;MRS;;595;165;;0111011;A320neo;91;0;0;0;0;1;0;118;74;165
4503;TO;TO7116;MRS;CMN;;610;165;;0010001;Boeing 737-800;79;0;0;0;0;0;0;126;69;165
4504;TO;TO7117;CMN;MRS;;620;150;;0010001;Boeing 737-800;96;0;0;0;0;0;0;126;77;150
4505;TO;TO7118;MRS;TUN;;620;90;;1111101;A321neo;66;0;0;0;0;0;0;71;75;90
4506;TO;TO7119;TUN;MRS;;615;100;;1111101;A321neo;60;0;0;0;0;1;0;71;67;100
4507;TO;TO7120;MRS;ALG;;600;100;;1010100;Boeing 737-800;69;0;0;0;0;0;0;77;73;100
4508;TO;TO7121;ALG;MRS;;595;95;;1010100;Boeing 737-800;61;0;0;0;0;0;0;77;71;95
4509;TO;TO7122;MRS;DUB;;620;145;;0101010;A321neo;78;0;0;0;0;0;0;117;75;145
4510;TO;TO7123;DUB;MRS;;610;130;;0101010;A321neo;79;0;0;0;0;1;0;117;69;130
4511;TO;TO7124;MRS;BER;;620;115;;1111110;A321neo;79;0;0;0;0;1;0;98;75;115
4512;TO;TO7125;BER;MRS;;600;125;;1111110;A321neo;76;0;0;0;0;1;0;98;68;125
4513;TO;TO7126;AMS;MRS;;605;105;;1111111;A321neo;82;0;0;0;0;1;0;83;68;105
4514;TO;TO7127;MRS;AMS;;615;105;;1111111;A321neo;74;0;0;0;0;0;0;83;80;105
4515;TO;TO7128;AMS;NCE;;600;105;;1111111;Boeing 737-800;75;0;0;0;0;1;0;98;70;105
4516;TO;TO7129;NCE;AMS;;600;105;;1111111;Boeing 737-800;70;0;0;0;0;0;0;98;71;105
4517;TO;TO7130;AMS;BOD;;615;105;;1010100;A320neo;69;0;0;0;0;1;0;78;74;105
4518;TO;TO7131;BOD;AMS;;620;100;;1010100;A320neo;79;0;0;0;0;1;0;78;75;100
4519;TO;TO7132;AMS;NTE;;620;100;;0111011;A320neo;66;0;0;0;0;1;0;62;80;100
4520;TO;TO7133;NTE;AMS;;605;90;;0111011;A320neo;64;0;0;0;0;1;0;62;69;90
4521;TO;TO7134;AMS;MAD;;480;150;;1111111;A320neo;84;0;0;0;0;1;0;123;71;150
4522;TO;TO7135;MAD;AMS;;485;140;;1111111;A320neo;79;0;0;0;0;0;0;123;78;140
4523;TO;TO7136;AMS;MAD;;960;150;;1111111;A321neo;84;0;0;0;0;1;0;123;72;150
4524;TO;TO7137;MAD;AMS;;950;140;;1111111;A321neo;92;0;0;0;0;1;0;123;68;140
4525;TO;TO7138;AMS;BCN;;495;130;;1111111;A321neo;79;0;0;0;0;1;0;104;74;130
4526;TO;TO7139;BCN;AMS;;505;125;;1111111;A321neo;74;0;0;0;0;0;0;104;78;125
4527;TO;TO7140;AMS;BCN;;955;130;;1111111;Boeing 737-800;83;0;0;0;0;0;0;124;76;130
4528;TO;TO7141;BCN;AMS;;950;125;;1111111;Boeing 737-800;74;0;0;0;0;1;0;124;81;125
4529;TO;TO7142;AMS;PMI;;615;140;;1111111;A321neo;78;0;0;0;0;0;0;120;72;140
4530;TO;TO7143;PMI;AMS;;605;140;;1111111;A321neo;80;0;0;0;0;1;0;120;76;140
4531;TO;TO7144;AMS;LIS;;505;190;;1111111;A320neo;104;0;0;0;0;1;0;124;70;190
4532;TO;TO7145;LIS;AMS;;495;175;;1111111;A320neo;94;0;0;0;0;1;0;124;75;175
4533;TO;TO7146;AMS;LIS;;945;190;;1111111;A321neo;91;0;0;0;0;1;0;124;78;190
4534;TO;TO7147;LIS;AMS;;945;175;;1111111;A321neo;102;0;0;0;0;1;0;124;70;175
4535;TO;TO7148;AMS;OPO;;600;165;;1111111;A320neo;82;0;0;0;0;1;0;107;79;165
4536;TO;TO7149;OPO;AMS;;620;155;;1111111;A320neo;93;0;0;0;0;1;0;107;71;155
4537;TO;TO7150;AMS;FCO;;475;125;;1111111;Boeing 737-800;71;0;0;0;0;0;0;130;67;125
4538;TO;TO7151;FCO;AMS;;490;135;;1111111;Boeing 737-800;72;0;0;0;0;0;0;130;68;135
4539;TO;TO7152;AMS;FCO;;955;125;;1111111;A320neo;76;0;0;0;0;1;0;109;72;125
4540;TO;TO7153;FCO;AMS;;935;135;;1111111;A320neo;81;0;0;0;0;0;0;109;75;135
4541;TO;TO7154;AMS;ATH;;590;195;;1111111;Boeing 737-800;106;0;0;0;0;0;0;175;76;195
4542;TO;TO7155;ATH;AMS;;605;215;;1111111;Boeing 737-800;104;0;0;0;0;0;0;175;77;215
4543;TO;TO7156;AMS;IST;;495;195;;1111111;Boeing 737-800;110;0;0;0;0;0;0;175;75;195
4544;TO;TO7157;IST;AMS;;500;220;;1111111;Boeing 737-800;101;0;0;0;0;0;0;175;71;220
4545;TO;TO7158;AMS;IST;;960;195;;1111111;A320neo;111;0;0;0;0;0;0;147;70;195
4546;TO;TO7159;IST;AMS;;950;220;;1111111;A320neo;108;0;0;0;0;1;0;147;69;220
4547;TO;TO7160;AMS;CMN;;605;225;;1111111;A321neo;125;0;0;0;0;0;0;156;70;225
4548;TO;TO7161;CMN;AMS;;610;210;;1111111;A321neo;112;0;0;0;0;1;0;156;71;210
4549;TO;TO7162;AMS;RAK;;500;225;;1111111;Boeing 737-800;134;0;0;0;0;1;0;202;77;225
4550;TO;TO7163;RAK;AMS;;495;215;;1111111;Boeing 737-800;130;0;0;0;0;0;0;202;80;215
4551;TO;TO7164;AMS;RAK;;950;225;;1111111;A320neo;133;0;0;0;0;1;0;170;77;225
4552;TO;TO7165;RAK;AMS;;940;215;;1111111;A320neo;130;0;0;0;0;1;0;170;75;215
4553;TO;TO7166;AMS;TUN;;610;170;;1111111;Boeing 737-800;95;0;0;0;0;0;0;142;78;170
4554;TO;TO7167;TUN;AMS;;605;175;;1111111;Boeing 737-800;92;0;0;0;0;0;0;142;71;175
4555;TO;TO7168;AMS;DUB;;620;100;;1111111;Boeing 737-800;60;0;0;0;0;0;0;75;75;100
4556;TO;TO7169;DUB;AMS;;590;90;;1111111;Boeing 737-800;61;0;0;0;0;0;0;75;71;90
4557;TO;TO7170;AMS;PRG;;620;85;;1111111;Boeing 737-800;59;0;0;0;0;0;0;71;72;85
4558;TO;TO7171;PRG;AMS;;595;95;;1111111;Boeing 737-800;61;0;0;0;0;0;0;71;78;95
4559;TO;TO7172;AMS;VIE;;605;100;;1111111;A321neo;77;0;0;0;0;1;0;81;74;100
4560;TO;TO7173;VIE;AMS;;610;110;;1111111;A321neo;70;0;0;0;0;1;0;81;74;110
4561;V7;V76000;NTE;MRS;;570;85;;1000100;A320;53;0;0;0;0;1;0;67;69;85
4562;V7;V76001;MRS;NTE;;565;95;;1000100;A320;62;0;0;0;0;0;0;67;77;95
4563;V7;V76002;NTE;TLS;;550;65;;1011111;A319;46;0;0;0;0;0;0;46;66;65
4564;V7;V76003;TLS;NTE;;555;70;;1011111;A319;47;0;0;0;0;0;0;46;78;70
4565;V7;V76004;NTE;NCE;;550;95;;0100010;A320;63;0;0;0;0;0;0;79;71;95
4566;V7;V76005;NCE;NTE;;565;105;;0100010;A320;63;0;0;0;0;0;0;79;72;105
4567;V7;V76006;NTE;BCN;;565;90;;1111101;A319;59;0;0;0;0;0;0;71;75;90
4568;V7;V76007;BCN;NTE;;550;95;;1111101;A319;57;0;0;0;0;0;0;71;77;95
4569;V7;V76008;NTE;PMI;;545;100;;1011101;A320;61;0;0;0;0;0;0;91;76;100
4570;V7;V76009;PMI;NTE;;565;105;;1011101;A320;62;0;0;0;0;1;0;91;72;105
4571;V7;V76010;NTE;OPO;;540;100;;1101010;A320;70;0;0;0;0;0;0;87;69;100
4572;V7;V76011;OPO;NTE;;555;95;;1101010;A320;61;0;0;0;0;0;0;87;71;95
4573;V7;V76012;NTE;FCO;;560;120;;1111101;A320;72;0;0;0;0;1;0;125;68;120
4574;V7;V76013;FCO;NTE;;550;135;;1111101;A320;78;0;0;0;0;0;0;125;77;135
4575;V7;V76014;NTE;ATH;;570;200;;1111110;A319;103;0;0;0;0;1;0;185;75;200
4576;V7;V76015;ATH;NTE;;570;230;;1111110;A319;119;0;0;0;0;0;0;185;68;230
4577;V7;V76016;NTE;PRG;;540;115;;1000100;A319;83;0;0;0;0;1;0;121;78;115
4578;V7;V76017;PRG;NTE;;560;135;;1000100;A319;85;0;0;0;0;1;0;121;71;135
4579;V7;V76018;NTE;VIE;;550;125;;1010100;A320;89;0;0;0;0;1;0;136;70;125
4580;V7;V76019;VIE;NTE;;550;145;;1010100;A320;87;0;0;0;0;1;0;136;71;145
4581;V7;V76020;NTE;DUB;;565;100;;1111110;A319;63;0;0;0;0;1;0;77;73;100
4582;V7;V76021;DUB;NTE;;545;95;;1111110;A319;54;0;0;0;0;0;0;77;68;95
4583;V7;V76022;NTE;RAK;;550;180;;1001001;A320;97;0;0;0;0;1;0;145;78;180
4584;V7;V76023;RAK;NTE;;565;175;;1001001;A320;101;0;0;0;0;1;0;145;69;175
4585;V7;V76024;BOD;MRS;;560;70;;1000100;A320;47;0;0;0;0;0;0;50;74;70
4586;V7;V76025;MRS;BOD;;560;75;;1000100;A320;48;0;0;0;0;0;0;50;67;75
4587;V7;V76026;BOD;NCE;;545;80;;1001001;A320;58;0;0;0;0;1;0;64;72;80
4588;V7;V76027;NCE;BOD;;550;90;;1001001;A320;61;0;0;0;0;0;0;64;78;90
4589;V7;V76028;BOD;BCN;;555;65;;1111110;A319;48;0;0;0;0;0;0;45;67;65
4590;V7;V76029;BCN;BOD;;570;70;;1111110;A319;45;0;0;0;0;0;0;45;74;70
4591;V7;V76030;BOD;PMI;;560;85;;1011101;A320;60;0;0;0;0;0;0;65;73;85
4592;V7;V76031;PMI;BOD;;565;90;;1011101;A320;59;0;0;0;0;0;0;65;72;90
4593;V7;V76032;BOD;FCO;;555;110;;0010001;A320;65;0;0;0;0;1;0;110;72;110
4594;V7;V76033;FCO;BOD;;565;125;;0010001;A320;74;0;0;0;0;0;0;110;68;125
4595;V7;V76034;BOD;ATH;;565;190;;0111011;A319;101;0;0;0;0;1;0;175;79;190
4596;V7;V76035;ATH;BOD;;560;220;;0111011;A319;118;0;0;0;0;0;0;175;70;220
4597;V7;V76036;BOD;PRG;;550;120;;0110110;A319;77;0;0;0;0;1;0;127;76;120
4598;V7;V76037;PRG;BOD;;545;135;;0110110;A319;77;0;0;0;0;0;0;127;66;135
4599;V7;V76038;BOD;DUB;;550;115;;1010101;A319;74;0;0;0;0;1;0;104;78;115
4600;V7;V76039;DUB;BOD;;545;105;;1010101;A319;68;0;0;0;0;0;0;104;65;105
4601;V7;V76040;MRS;TLS;;540;60;;1010100;A320;45;0;0;0;0;0;0;31;73;60
4602;V7;V76041;TLS;MRS;;540;55;;1010100;A320;48;0;0;0;0;0;0;31;77;55
4603;V7;V76042;MRS;PMI;;545;75;;1110110;A319;47;0;0;0;0;0;0;48;67;75
4604;V7;V76043;PMI;MRS;;550;70;;1110110;A319;46;0;0;0;0;0;0;48;67;70
4605;V7;V76044;MRS;ATH;;560;155;;1110110;A320;81;0;0;0;0;1;0;135;78;155
4606;V7;V76045;ATH;MRS;;565;180;;1110110;A320;80;0;0;0;0;0;0;135;70;180
4607;V7;V76046;MRS;PRG;;540;105;;0100010;A320;68;0;0;0;0;0;0;101;68;105
4608;V7;V76047;PRG;MRS;;550;115;;0100010;A320;76;0;0;0;0;0;0;101;78;115
4609;V7;V76048;MRS;DUB;;540;145;;1101010;A320;79;0;0;0;0;1;0;139;69;145
4610;V7;V76049;DUB;MRS;;560;130;;1101010;A320;86;0;0;0;0;1;0;139;72;130
4611;V7;V76050;TLS;NCE;;550;65;;0101010;A320;47;0;0;0;0;0;0;47;68;65
4612;V7;V76051;NCE;TLS;;555;75;;0101010;A320;52;0;0;0;0;0;0;47;71;75
4613;V7;V76052;TLS;PMI;;555;70;;1000100;A320;50;0;0;0;0;0;0;47;78;70
4614;V7;V76053;PMI;TLS;;565;70;;1000100;A320;48;0;0;0;0;1;0;47;75;70
4615;V7;V76054;TLS;ATH;;555;180;;0110110;A319;102;0;0;0;0;1;0;160;76;180
4616;V7;V76055;ATH;TLS;;560;205;;0110110;A319;105;0;0;0;0;0;0;160;65;205
4617;V7;V76056;TLS;PRG;;540;120;;1101010;A319;81;0;0;0;0;0;0;121;71;120
4618;V7;V76057;PRG;TLS;;570;130;;1101010;A319;82;0;0;0;0;0;0;121;68;130
4619;V7;V76058;TLS;DUB;;550;130;;1101010;A319;85;0;0;0;0;1;0;122;76;130
4620;V7;V76059;DUB;TLS;;555;120;;1101010;A319;76;0;0;0;0;0;0;122;73;120
4621;DY;DY2000;CPH;NCE;;605;140;;1011111;Boeing 737-800;75;0;0;0;0;0;0;139;76;140
4622;DY;DY2001;NCE;CPH;;600;135;;1011111;Boeing 737-800;87;0;0;0;1;0;0;139;79;135
4623;DY;DY2002;CPH;LGW;;605;110;;1000100;Boeing 737-800;72;0;0;0;1;0;0;98;84;110
4624;DY;DY2003;LGW;CPH;;595;100;;1000100;Boeing 737-800;71;0;0;0;1;0;0;98;77;100
4625;DY;DY2004;CPH;AMS;;605;90;;1111111;Boeing 737 MAX 8;61;0;0;0;1;1;0;53;81;90
4626;DY;DY2005;AMS;CPH;;615;80;;1111111;Boeing 737 MAX 8;50;0;0;0;0;1;0;53;83;80
4627;DY;DY2006;CPH;MAD;;615;205;;1111111;Boeing 737-800;98;0;0;0;1;0;0;165;74;205
4628;DY;DY2007;MAD;CPH;;595;190;;1111111;Boeing 737-800;92;0;0;0;1;0;0;165;81;190
4629;DY;DY2008;CPH;BCN;;615;180;;1111111;Boeing 737 MAX 8;98;0;0;0;1;1;0;119;84;180
4630;DY;DY2009;BCN;CPH;;600;170;;1111111;Boeing 737 MAX 8;92;0;0;0;1;1;0;119;84;170
4631;DY;DY2010;CPH;PMI;;600;190;;1101010;Boeing 737-800;84;0;0;0;0;1;0;154;84;190
4632;DY;DY2011;PMI;CPH;;615;180;;1101010;Boeing 737-800;87;0;0;0;1;0;0;154;76;180
4633;DY;DY2012;CPH;LIS;;615;240;;0111011;Boeing 737-800;108;0;0;0;0;1;0;198;82;240
4634;DY;DY2013;LIS;CPH;;600;220;;0111011;Boeing 737-800;125;0;0;0;1;0;0;198;85;220
4635;DY;DY2014;CPH;FCO;;605;155;;1111111;Boeing 737-800;87;0;0;0;1;1;0;123;73;155
4636;DY;DY2015;FCO;CPH;;590;155;;1111111;Boeing 737-800;81;0;0;0;1;1;0;123;79;155
4637;DY;DY2016;CPH;MXP;;595;120;;1011111;Boeing 737 MAX 8;74;0;0;0;1;1;0;96;79;120
4638;DY;DY2017;MXP;CPH;;610;115;;1011111;Boeing 737 MAX 8;74;0;0;0;1;1;0;96;78;115
4639;DY;DY2018;CPH;GVA;;610;120;;0100010;Boeing 737-800;70;0;0;0;1;0;0;114;85;120
4640;DY;DY2019;GVA;CPH;;615;115;;0100010;Boeing 737-800;67;0;0;0;1;0;0;114;78;115
4641;DY;DY2020;CPH;DUB;;605;135;;0111011;Boeing 737 MAX 8;69;0;0;0;1;1;0;104;85;135
4642;DY;DY2021;DUB;CPH;;590;120;;0111011;Boeing 737 MAX 8;81;0;0;0;1;0;0;104;77;120
4643;DY;DY2022;CPH;PRG;;600;85;;0111011;Boeing 737 MAX 8;63;0;0;0;1;1;0;52;83;85
4644;DY;DY2023;PRG;CPH;;600;85;;0111011;Boeing 737 MAX 8;52;0;0;0;1;1;0;52;75;85
4645;DY;DY2024;CPH;ATH;;595;195;;1011101;Boeing 737 MAX 8;97;0;0;0;1;1;0;144;75;195
4646;DY;DY2025;ATH;CPH;;605;205;;1011101;Boeing 737 MAX 8;112;0;0;0;1;0;0;144;77;205
4647;DY;DY2026;CPH;RAK;;615;275;;1010101;Boeing 737-800;128;0;0;0;1;0;0;250;83;275
4648;DY;DY2027;RAK;CPH;;600;255;;1010101;Boeing 737-800;130;0;0;0;1;0;0;250;77;255
4649;PC;PC1000;IST;CDG;;480;220;;1111111;A321neo;103;0;0;0;0;1;0;149;77;220
4650;PC;PC1001;CDG;IST;;455;195;;1111111;A321neo;98;0;0;0;0;1;0;149;76;195
4651;PC;PC1002;IST;CDG;;910;220;;1111111;Boeing 737-800;93;0;0;0;0;0;0;177;72;220
4652;PC;PC1003;CDG;IST;;930;195;;1111111;Boeing 737-800;103;0;0;0;0;0;0;177;69;195
4653;PC;PC1004;IST;NCE;;575;185;;1111111;A321neo;91;0;0;0;0;1;0;120;78;185
4654;PC;PC1005;NCE;IST;;580;160;;1111111;A321neo;91;0;0;0;0;0;0;120;73;160
4655;PC;PC1006;IST;LYS;;585;200;;1111111;A321neo;83;0;0;0;0;0;0;132;78;200
4656;PC;PC1007;LYS;IST;;580;175;;1111111;A321neo;100;0;0;0;0;1;0;132;69;175
4657;PC;PC1008;IST;MRS;;595;200;;1111111;Boeing 737-800;95;0;0;0;0;0;0;155;70;200
4658;PC;PC1009;MRS;IST;;580;175;;1111111;Boeing 737-800;98;0;0;0;0;1;0;155;75;175
4659;PC;PC1010;IST;LGW;;580;240;;1111111;Boeing 737-800;105;0;0;0;0;0;0;197;72;240
4660;PC;PC1011;LGW;IST;;585;210;;1111111;Boeing 737-800;113;0;0;0;0;0;0;197;67;210
4661;PC;PC1012;IST;AMS;;460;220;;1111111;A320neo;88;0;0;0;0;0;0;147;70;220
4662;PC;PC1013;AMS;IST;;480;195;;1111111;A320neo;83;0;0;0;0;1;0;147;73;195
4663;PC;PC1014;IST;AMS;;940;220;;1111111;A321neo;82;0;0;0;0;0;0;147;68;220
4664;PC;PC1015;AMS;IST;;940;195;;1111111;A321neo;87;0;0;0;0;0;0;147;75;195
4665;PC;PC1016;IST;FRA;;455;190;;1111111;Boeing 737-800;88;0;0;0;0;0;0;147;70;190
4666;PC;PC1017;FRA;IST;;470;165;;1111111;Boeing 737-800;80;0;0;0;0;0;0;147;75;165
4667;PC;PC1018;IST;FRA;;930;190;;1111111;A320neo;77;0;0;0;0;0;0;124;75;190
4668;PC;PC1019;FRA;IST;;935;165;;1111111;A320neo;78;0;0;0;0;1;0;124;74;165
4669;PC;PC1020;IST;MUC;;575;165;;1111111;Boeing 737-800;80;0;0;0;0;0;0;124;69;165
4670;PC;PC1021;MUC;IST;;580;145;;1111111;Boeing 737-800;73;0;0;0;0;0;0;124;66;145
4671;PC;PC1022;IST;BER;;575;175;;1111111;Boeing 737-800;82;0;0;0;0;0;0;135;74;175
4672;PC;PC1023;BER;IST;;590;160;;1111111;Boeing 737-800;79;0;0;0;0;0;0;135;79;160
4673;PC;PC1024;IST;MAD;;455;250;;1111111;A320neo;103;0;0;0;0;0;0;182;68;250
4674;PC;PC1025;MAD;IST;;455;215;;1111111;A320neo;121;0;0;0;0;1;0;182;73;215
4675;PC;PC1026;IST;MAD;;935;250;;1111111;A321neo;101;0;0;0;0;1;0;182;73;250
4676;PC;PC1027;MAD;IST;;920;215;;1111111;A321neo;119;0;0;0;0;1;0;182;71;215
4677;PC;PC1028;IST;BCN;;455;225;;1111111;Boeing 737-800;89;0;0;0;0;1;0;178;75;225
4678;PC;PC1029;BCN;IST;;470;195;;1111111;Boeing 737-800;98;0;0;0;0;0;0;178;73;195
4679;PC;PC1030;IST;BCN;;915;225;;1111111;A320neo;99;0;0;0;0;1;0;149;74;225
4680;PC;PC1031;BCN;IST;;910;195;;1111111;A320neo;101;0;0;0;0;1;0;149;79;195
4681;PC;PC1032;IST;FCO;;470;145;;1111111;Boeing 737-800;70;0;0;0;0;0;0;137;71;145
4682;PC;PC1033;FCO;IST;;465;130;;1111111;Boeing 737-800;68;0;0;0;0;0;0;137;71;130
4683;PC;PC1034;IST;FCO;;940;145;;1111111;A320neo;75;0;0;0;0;1;0;115;70;145
4684;PC;PC1035;FCO;IST;;940;130;;1111111;A320neo;63;0;0;0;0;1;0;115;77;130
4685;PC;PC1036;IST;ZRH;;575;180;;1111111;A320neo;84;0;0;0;0;1;0;117;65;180
4686;PC;PC1037;ZRH;IST;;570;160;;1111111;A320neo;90;0;0;0;0;1;0;117;70;160
4687;PC;PC1038;IST;GVA;;585;195;;1111111;A321neo;94;0;0;0;0;1;0;127;69;195
4688;PC;PC1039;GVA;IST;;570;170;;1111111;A321neo;86;0;0;0;0;1;0;127;77;170
4689;PC;PC1040;IST;BRU;;575;215;;1111111;A320neo;85;0;0;0;0;1;0;144;74;215
4690;PC;PC1041;BRU;IST;;590;190;;1111111;A320neo;97;0;0;0;0;1;0;144;77;190
4691;PC;PC1042;IST;VIE;;580;130;;1111111;Boeing 737-800;60;0;0;0;0;1;0;122;71;130
4692;PC;PC1043;VIE;IST;;585;120;;1111111;Boeing 737-800;59;0;0;0;0;0;0;122;69;120
4693;PC;PC1044;IST;CPH;;580;195;;1111111;A320neo;95;0;0;0;0;1;0;133;74;195
4694;PC;PC1045;CPH;IST;;590;180;;1111111;A320neo;82;0;0;0;0;1;0;133;75;180
4695;PC;PC1046;IST;PRG;;590;155;;1111111;A321neo;84;0;0;0;0;1;0;125;65;155
4696;PC;PC1047;PRG;IST;;590;140;;1111111;A321neo;72;0;0;0;0;1;0;125;67;140
4697;PC;PC1048;IST;ATH;;595;80;;1111111;A321neo;51;0;0;0;0;1;0;46;76;80
4698;PC;PC1049;ATH;IST;;575;75;;1111111;A321neo;48;0;0;0;0;0;0;46;66;75
4699;PC;PC1050;IST;ALG;;580;230;;1111111;A321neo;93;0;0;0;0;1;0;152;67;230
4700;PC;PC1051;ALG;IST;;590;200;;1111111;A321neo;88;0;0;0;0;0;0;152;73;200
4701;PC;PC1052;IST;CAI;;575;125;;1111111;A320neo;76;0;0;0;0;1;0;106;68;125
4702;PC;PC1053;CAI;IST;;585;130;;1111111;A320neo;70;0;0;0;0;1;0;106;68;130
4703;PC;PC1054;IST;DXB;;475;240;;1111111;A320neo;120;0;0;0;0;1;0;204;67;240
4704;PC;PC1055;DXB;IST;;480;270;;1111111;A320neo;124;0;0;0;0;1;0;204;68;270
4705;PC;PC1056;IST;DXB;;915;240;;1111111;A321neo;130;0;0;0;0;1;0;204;70;240
4706;PC;PC1057;DXB;IST;;940;270;;1111111;A321neo;124;0;0;0;0;1;0;204;75;270
4707;PC;PC1058;IST;DOH;;580;220;;1111111;Boeing 737-800;120;0;0;0;0;0;0;220;74;220
4708;PC;PC1059;DOH;IST;;585;250;;1111111;Boeing 737-800;117;0;0;0;0;0;0;220;79;250
4709;B6;B6200;JFK;LHR;;1090;420;;1110110;A321LR;244;1;0;1;1;1;0;303;66;420
4710;B6;B6201;LHR;JFK;;730;480;;0111011;A321LR;255;1;0;1;1;1;0;303;72;480
4711;B6;B6202;JFK;CDG;;1085;440;;1010100;A321LR;235;1;0;1;1;1;0;319;68;440
4712;B6;B6203;CDG;JFK;;725;500;;0101010;A321LR;237;1;0;1;1;0;0;319;64;500
4713;B6;B6204;JFK;AMS;;1110;440;;1101010;A321LR;243;1;0;1;1;0;0;319;70;440
4714;B6;B6205;AMS;JFK;;720;505;;0110101;A321LR;265;1;0;1;1;0;0;319;66;505
4715;B6;B6206;JFK;DUB;;1100;390;;1011101;A321LR;257;1;0;1;1;0;0;279;68;390
4716;B6;B6207;DUB;JFK;;725;445;;1101110;A321LR;233;1;0;1;1;0;0;279;72;445
4717;B6;B64000;JFK;LAX;;505;350;;1111111;A321LR;168;1;0;0;1;1;0;267;67;350
4718;B6;B64001;LAX;JFK;;490;305;;1111111;A321LR;157;1;0;0;1;1;0;267;73;305
4719;B6;B64002;JFK;LAX;;965;350;;1111111;A321LR;157;1;0;0;1;1;0;267;68;350
4720;B6;B64003;LAX;JFK;;960;305;;1111111;A321LR;166;1;0;0;1;1;0;267;66;305
4721;B6;B64004;JFK;SFO;;485;370;;1111111;A321LR;164;1;0;0;1;1;0;279;77;370
4722;B6;B64005;SFO;JFK;;490;320;;1111111;A321LR;166;1;0;0;1;1;0;279;66;320
4723;B6;B64006;JFK;SFO;;965;370;;1111111;A321LR;156;1;0;0;1;1;0;279;74;370
4724;B6;B64007;SFO;JFK;;950;320;;1111111;A321LR;151;1;0;0;1;1;0;279;64;320
4725;B6;B64008;JFK;CUN;;500;225;;1111111;A321neo;115;1;0;0;1;1;0;168;71;225
4726;B6;B64009;CUN;JFK;;485;210;;1111111;A321neo;125;1;0;0;1;1;0;168;63;210
4727;B6;B64010;JFK;CUN;;955;225;;1111111;A220-300;123;1;0;0;1;1;0;168;73;225
4728;B6;B64011;CUN;JFK;;965;210;;1111111;A220-300;110;1;0;0;1;0;0;168;66;210
4729;B6;B64012;JFK;MIA;;495;175;;1111111;A220-300;102;1;0;0;1;1;0;118;72;175
4730;B6;B64013;MIA;JFK;;485;170;;1111111;A220-300;90;1;0;0;1;1;0;118;69;170
4731;B6;B64014;JFK;MIA;;955;175;;1111111;A321neo;88;1;0;0;1;1;0;118;71;175
4732;B6;B64015;MIA;JFK;;955;170;;1111111;A321neo;95;1;0;0;1;1;0;118;72;170
4733;TK;TK1127+SQ041;CAI;SIN;IST;530;1175;390;1111111;A321neo|Boeing 787-10;591;1;1;1;1;1;1;580;71;130-655
4734;BA;BA176+BA024;JFK;MLE;LHR;1240;1655;615;1111111;Boeing 777-300ER|A380-800;778;1;1;1;0;0;0;998;66;420-620
4735;LH;LH1044+NH025;FRA;HND;MUC;590;1370;510;1111111;Embraer 190|Boeing 787-9;555;1;0;1;1;1;0;541;61;55-805
4736;AT;AT1235+AT502;MAD;DOH;CMN;545;800;275;1111101;Boeing 737 MAX 8|Boeing 787-8;376;1;1;1;0;0;0;386;63;100-425
4737;MS;MS1457+MS612;ALG;HND;CAI;825;1095;70;1111111;A220-300|Boeing 787-9;611;1;1;1;0;1;0;704;62;215-810
4738;AZ;AZ103+AZ1100;JFK;ATH;FCO;1285;755;140;1111111;A330-900neo|A220-100;545;1;0;1;0;0;0;466;77;510-105
4739;IB;IB1229+IB510;TLS;SFO;MAD;605;1010;165;1111111;A321neo|A330-200;571;1;0;1;0;1;0;652;80;80-765
4740;BA;BA1471+BA040;MAD;HND;LHR;835;1325;370;1111111;A320neo|Boeing 787-9;654;1;0;1;1;0;0;628;73;125-830
4741;TP;TP1282+SQ039;LIS;SIN;BRU;820;980;65;1111111;A320neo|A380-800;706;1;0;1;1;1;0;904;55;160-755
4742;KL;KL517+KL504;LAX;DEL;AMS;1165;1360;220;1111111;A330-300|A330-300;771;1;1;1;0;1;0;996;73;670-470
4743;TP;TP1241+TP1298;LHR;RAK;LIS;610;315;65;1111111;A321LR|A320neo;200;1;0;0;0;1;0;173;64;160-90
4744;AF;AF1143+AF1188;CPH;CAI;CDG;860;480;110;1111111;A320|A320;308;1;0;1;1;0;0;357;72;115-255
4745;KL;KL1251+KE019;FRA;ICN;AMS;505;1355;555;1111111;Embraer 195-E2|Boeing 787-9;555;1;0;1;0;0;0;498;70;65-735
4746;QR;QR075+QR046+IB1210;JNB;ORY;DOH-MAD;1155;1290;150-85;1101010;Boeing 777-300ER|Boeing 777-300ER|A321XLR;530;1;0;1;1;1;0;839;80;490-460-105
4747;SK;SK1200+AF070;CPH;FDF;CDG;505;935;235;1111111;A320neo|A350-900;539;1;0;1;1;1;0;459;77;115-585
4748;AF;AF1017+AF1104;MRS;OPO;CDG;670;310;90;1111111;A321|A321;145;1;0;1;0;1;0;188;72;90-130
4749;TG;TG024+LH1216;BKK;PRG;MUC;625;830;60;1111111;Boeing 787-9|A320neo;538;1;0;1;1;1;0;503;68;720-50
4750;TK;TK1119+TK022;RAK;DEL;IST;620;775;155;1111111;Boeing 737 MAX 8|Boeing 777-300ER;500;1;1;1;0;1;1;527;75;270-350
4751;DL;DL1429+DL046;YUL;FCO;JFK;935;850;265;1111111;A321neo|A350-900;516;1;0;1;1;0;1;420;89;75-510
4752;MS;MS1459+MS1436;DXB;BRU;CAI;615;615;95;1111111;Boeing 737-800|Boeing 737-800;362;1;1;1;0;0;0;450;65;240-280
4753;KL;KL1202+AF044;AMS;HND;CDG;620;1030;125;1111111;Embraer 195-E2|A330-200;624;1;0;1;0;1;0;664;76;65-840
4754;LH;LH1133+LH442;NCE;BKK;MUC;585;1205;490;1111111;A319|A340-600;601;1;0;1;1;0;0;721;62;80-635
4755;UA;UA1401+UA1420;LAX;CUN;SFO;405;705;330;1111111;Boeing 737 MAX 9|Boeing 787-10;360;1;0;0;1;0;1;306;72;80-295
4756;AF;AF061+AF040;YUL;HKG;CDG;1215;1765;630;1111111;Boeing 777-300ER|A330-200;722;1;1;1;1;1;0;982;78;415-720
4757;BA;BA045+BA1416;MIA;LYS;LHR;1180;875;255;1111111;Boeing 787-9|A319;502;1;0;1;1;0;0;464;65;530-90
4758;TG;TG032+TK1114;BKK;CMN;IST;115;1035;115;1111111;Boeing 787-9|A321neo;660;1;1;1;0;0;0;632;71;625-295
4759;AT;AT1236+IB1366;CMN;TUN;MAD;855;350;135;1111111;Boeing 737-800|A320neo;159;1;0;1;0;1;0;193;67;95-120
4760;BA;BA1559+BA1540;CMN;DUB;LHR;585;355;90;1111111;A321neo|A321neo;223;1;0;0;0;0;0;178;71;195-70
4761;MS;MS1459+MS614;DXB;JFK;CAI;615;1075;90;1111111;Boeing 737-800|Boeing 787-9;619;1;1;1;0;0;0;686;64;240-745
4762;LX;LX601+LX1448;JNB;MAD;ZRH;1305;835;40;1101111;A340-300|A321neo;658;1;0;1;0;0;0;733;69;660-135
4763;SK;SK1216+KL1272;CPH;MAD;AMS;565;520;280;1111111;A321LR|Boeing 737-800;180;1;0;0;1;0;0;199;69;90-150
4764;LH;LH1166+TP1263;MUC;LIS;MAD;825;375;140;1111111;A321|A320neo;205;1;0;0;0;1;0;193;58;155-80
4765;QR;QR083+QR036;HKG;LGW;DOH;1135;1475;490;1100100;Boeing 777-300ER|Boeing 777-300ER;652;1;1;1;1;1;1;748;80;540-445
4766;IB;IB1295+CX023;LIS;HKG;MAD;670;1245;385;1111111;A321XLR|Boeing 777-300ER;750;1;0;1;1;1;0;726;78;70-790
4767;AF;AF1103+AF1164;OPO;IST;CDG;565;650;335;1111111;A320|A321;294;1;0;1;1;0;0;300;74;120-195
4768;QR;QR1208+BA1557;DOH;LHR;IST;615;670;175;1111111;Boeing 787-8|A321neo;417;1;0;1;1;1;0;352;68;250-245
4769;EI;EI605+EI1440;LAX;BER;DUB;1180;960;215;1111111;A321XLR|A320neo;642;1;0;1;1;0;0;566;72;620-125
4770;AH;AH1007+AH1058;ORY;ABJ;ALG;640;530;100;1111111;A330-200|Boeing 737-800;319;1;1;1;0;0;0;420;53;135-295
4771;AF;AF1167+AF038;CMN;SIN;CDG;635;1435;490;1111111;A318|Boeing 777-300ER;744;1;0;1;0;0;0;852;76;180-765
4772;TK;TK1031+TG035;LHR;BKK;IST;620;1045;280;1111111;Boeing 737 MAX 8|A350-900;552;1;1;1;0;0;0;577;72;215-550
4773;BA;BA1423+BA048;MRS;LAX;LHR;810;910;75;1111111;A320neo|A350-1000;649;1;0;1;0;0;0;561;71;110-725
4774;BA;BA1431+QR029;BOD;DOH;LHR;585;725;235;1111111;A319|A350-1000;436;1;0;1;1;0;0;360;73;95-395
4775;AZ;AZ1055+MS1429;MAD;CAI;FCO;745;515;200;1111111;A321|Boeing 737-800;264;1;0;1;1;0;0;305;67;125-190
4776;EK;EK1011+EK114;CAI;LAX;DXB;1040;1810;570;1111111;Boeing 777-300ER|A350-900;875;1;1;1;1;0;1;925;76;210-1030
4777;IB;IB1321+IB1360;ZRH;RAK;MAD;540;430;180;1111111;A321XLR|A321neo;194;1;0;0;1;0;0;194;83;135-115
4778;KL;KL1257+KL1288;MUC;OPO;AMS;520;455;200;1111111;Boeing 737-800|Embraer 195-E2;190;1;0;0;0;0;0;174;71;90-165
4779;BA;BA027+BA1492;DEL;OPO;LHR;620;975;280;1111111;Boeing 777-300ER|A319;508;1;0;1;1;0;0;567;65;560-135
4780;QR;QR079+QR022;SIN;LYS;DOH;1125;1455;545;1111111;Boeing 777-300ER|A350-1000;670;1;1;1;1;1;1;660;85;505-405
4781;LX;LX1411+LX626;LYS;YUL;ZRH;565;755;190;1111111;A220-300|A340-300;459;1;0;1;0;1;0;476;66;55-510
4782;SK;SK1216+KL520;CPH;YUL;AMS;565;725;160;1111111;A321LR|Boeing 777-300ER;425;1;0;1;1;1;0;411;73;90-475
4783;EK;EK065+EK098;ZRH;HKG;DXB;900;1250;450;1111111;Boeing 777-300ER|A350-900;577;1;1;1;1;1;1;633;77;360-440
4784;TK;TK1070+TP208;IST;YUL;LIS;620;845;105;1111111;A320neo|A321LR;506;1;1;1;1;0;0;502;58;290-450
4785;BA;BA043+BA113;ICN;JFK;LHR;600;1435;120;1111111;A350-1000|Boeing 787-9;661;1;1;1;0;1;0;786;70;835-480
4786;LX;LX1465+LX622;FCO;LAX;ZRH;500;1070;200;1111111;A320neo|A340-300;771;1;0;1;0;1;0;771;70;90-780
4787;AA;AA056+IB1342;MIA;PRG;MAD;1195;880;190;1111111;Boeing 787-9|A321XLR;528;1;0;1;1;1;0;506;77;525-165
4788;AF;AF007+AF1122;JFK;ZRH;CDG;1060;645;140;1111111;Boeing 777-300ER|A320;443;1;0;1;0;1;0;427;72;440-65
4789;LH;LH1077+LH434;MXP;GRU;FRA;590;995;150;1010101;Embraer 190|A350-900;597;1;0;1;0;0;0;584;61;70-775
4790;AZ;AZ1079+AZ100;ZRH;JFK;FCO;530;785;120;1111111;A320neo|A350-900;474;1;0;1;0;1;0;433;74;85-580
4791;AA;AA1004+AA1056;JFK;SFO;LAX;695;635;205;1111111;Boeing 787-9|Boeing 737-800;333;1;0;0;0;0;1;321;71;350-80
4792;IB;IB1315+IB1296;MXP;LIS;MAD;550;385;180;1111111;A321XLR|A320neo;161;1;0;0;1;1;0;140;89;125-80
4793;NH;NH018+AZ1021;HND;FCO;LHR;110;1310;285;1111111;Boeing 777-300ER|A321;684;1;0;1;1;0;0;768;81;890-135
4794;DL;DL014+AF1174;JFK;TUN;CDG;1040;740;160;1111111;A350-900|A321;520;1;0;1;1;1;0;467;79;440-140
4795;AF;AF1143+AF1030;CPH;TLS;CDG;860;435;235;1111111;A320|A318;179;1;0;1;0;1;0;161;72;115-85
4796;AF;AF055+KL1209;LAX;AMS;CDG;1325;835;100;1111111;A350-900|Embraer 195-E2;620;1;0;1;1;1;0;531;69;675-60
4797;AF;AF1103+AF054;OPO;LAX;CDG;565;1085;215;1111111;A320|A350-900;580;1;0;1;1;1;0;620;75;120-750
4798;BA;BA116+BA028;JFK;BKK;LHR;1330;1270;160;1111111;Boeing 787-9|A380-800;741;1;1;1;1;1;0;1018;65;420-690
4799;LH;LH1073+LH404;FCO;JFK;FRA;815;685;50;1111111;Embraer 190|Boeing 787-9;442;1;0;1;0;0;0;434;63;105-530
4800;AA;AA052+BA1504;MIA;MXP;LHR;1220;850;225;1111111;Boeing 777-300ER|A319;594;1;0;1;0;0;0;556;76;530-95
4801;TP;TP1324+AC033;OPO;YUL;LHR;525;870;295;1111111;A320neo|Boeing 777-300ER;381;1;0;1;1;1;0;448;66;125-450
4802;MS;MS1447+MS616;IST;YUL;CAI;535;1070;225;1111111;A220-300|A330-300;471;1;1;1;0;1;0;673;64;125-720
4803;TP;TP1299+TP202;RAK;JFK;LIS;820;640;85;1111111;A320neo|A321LR;410;1;0;1;1;0;0;363;65;90-465
4804;MS;MS1459+AZ1127;DXB;FCO;CAI;615;780;325;1111111;Boeing 737-800|A320neo;316;1;0;1;0;0;0;338;72;240-215
4805;AF;AF1149+AF1184;DUB;ALG;CDG;865;390;160;1111111;A318|A320;202;1;0;1;1;0;0;216;72;95-135
4806;LH;LH1109+LH412;ATH;BKK;FRA;825;1040;205;1111111;Embraer 190|A340-600;534;1;0;1;0;0;0;818;64;185-650
4807;BA;BA1467+JL019;MAD;HND;LHR;450;1210;255;1111111;A321neo|A350-1000;661;1;0;1;1;0;0;628;73;125-830
4808;SK;SK203+SK1256;MIA;PRG;CPH;1145;815;145;0111111;A330-300|A321LR;531;1;0;1;1;1;0;562;73;585-85
4809;NH;NH026+TK014;HND;DSS;IST;125;1515;195;1111111;Boeing 777-300ER|A330-300;815;1;1;1;0;1;1;927;71;860-460
4810;TK;TK1133+TK1066;DXB;BCN;IST;610;745;250;1111111;A321neo|A321neo;379;1;1;1;0;1;1;353;71;270-225
4811;MS;MS1426+AZ1056;CAI;MAD;FCO;600;560;200;1111111;A220-300|A220-100;245;1;0;1;0;1;0;256;70;215-145
4812;AF;AF1001+AF1148;NCE;DUB;CDG;460;495;295;1111111;A318|A318;164;1;0;1;1;0;0;148;72;95-105
4813;AC;AC036+LH1166;YUL;MAD;MUC;1205;855;240;1111111;A330-300|A321;423;1;0;1;0;1;0;550;68;460-155
4814;KL;KL525+KL1230;CUN;BOD;AMS;1160;1075;355;1111111;A330-300|Boeing 737-900;587;1;0;1;1;0;0;631;68;615-105
4815;IB;IB1361+IB1350;RAK;IST;MAD;850;445;120;1111111;A321neo|A321neo;300;1;0;0;1;1;0;271;83;110-215
4816;MS;MS1426+AZ1016;CAI;MRS;FCO;600;615;315;1111111;A220-300|A320neo;217;1;0;1;0;1;0;195;70;215-85
4817;BA;BA1411+BA042;NCE;ICN;LHR;820;1150;270;1111111;A319|A350-1000;607;1;0;1;1;0;0;588;65;115-765
4818;LH;LH1133+LH456;NCE;SFO;MUC;585;990;145;1011101;A319|A340-600;619;1;0;1;1;0;0;768;62;80-765
4819;SN;SN1243+SN500;FCO;DSS;BRU;575;575;70;1111110;A320|A330-300;374;1;0;1;0;0;0;408;64;125-380
4820;BA;BA023+BA1490;DOH;OPO;LHR;385;765;185;1111111;Boeing 787-9|A321neo;437;1;0;1;0;1;0;395;69;445-135
4821;BA;BA174+BA1496;JFK;FCO;LHR;1190;805;250;1111111;A380-800|A319;429;1;0;1;1;0;0;559;68;420-135
4822;KL;KL1291+KL510;FCO;HND;AMS;485;1085;145;1111111;Boeing 737-800|Boeing 787-10;638;1;0;1;1;0;0;638;79;135-805
4823;TK;TK1004+TP1207;IST;LIS;CDG;855;600;230;1111111;A321neo|A321LR;290;1;0;1;0;1;0;272;61;220-150
4824;KL;KL529+KL1340;EZE;CAI;AMS;1175;1325;200;1011101;Boeing 787-10|Boeing 737-900;680;1;0;1;1;0;0;889;80;865-260
4825;AI;AI020+LH1050;DEL;BER;FRA;650;750;170;1111111;Boeing 777-300ER|A319;456;1;0;1;0;0;0;441;70;515-65
4826;LX;LX1445+LX602;BER;DXB;ZRH;565;680;230;1111111;A320neo|A330-300;438;1;0;1;1;1;0;365;74;90-360
4827;SK;SK1200+AF040;CPH;HKG;CDG;505;1395;560;1111111;A320neo|A330-200;564;1;0;1;1;1;0;708;80;115-720
4828;TG;TG032+TK1124;BKK;ALG;IST;115;1180;325;1111111;Boeing 787-9|Boeing 737 MAX 8;561;1;1;1;0;0;0;562;73;625-230
4829;TP;TP1247+TP1294;AMS;CMN;LIS;595;605;335;1111111;A321neo|A321LR;219;1;0;0;0;1;0;176;59;190-80
4830;TU;TU1265+TU1254;CMN;ZRH;TUN;825;360;80;1111111;A320neo|A319;172;1;1;1;0;0;0;231;50;155-125
4831;TG;TG014+AZ1003;BKK;FCO;CDG;100;1100;220;1111111;Boeing 787-9|A220-100;599;1;0;1;0;1;0;608;81;770-110
4832;AF;AF061+AF1004;YUL;NCE;CDG;1215;685;185;1111111;Boeing 777-300ER|A320;440;1;0;1;0;0;0;428;78;415-85
4833;BA;BA059+BA1462;GRU;BER;LHR;1170;1020;195;1111111;A380-800|A321neo;681;1;0;1;1;1;0;788;76;725-100
4834;TK;TK1019+TK036;LYS;HND;IST;845;1085;145;1111111;Boeing 737 MAX 8|A350-900;628;1;1;1;0;0;1;621;75;175-765
4835;BA;BA1457+BA024;MUC;MLE;LHR;810;1005;275;1111111;A321neo|A380-800;517;1;0;1;0;0;0;717;66;110-620
4836;BA;BA047+BA1424;LAX;MRS;LHR;1090;1110;350;1111111;Boeing 777-300ER|A321neo;576;1;0;1;1;0;0;652;71;655-105
4837;AF;AF043+AF1038;ICN;NTE;CDG;640;980;70;1111111;A330-200|A320;565;1;0;1;0;0;0;617;74;845-65
4838;LH;LH405+LH1012;JFK;NCE;FRA;1315;920;360;1111111;Boeing 787-9|Embraer 190;489;1;0;1;1;0;0;409;67;465-95
4839;BA;BA1435+BA032;AMS;SIN;LHR;450;1160;320;1111111;A320neo|A350-1000;636;1;0;1;0;1;0;625;76;65-775
4840;AF;AF1055+AF062;AMS;YUL;CDG;870;620;80;1111111;A321|A350-900;396;1;0;1;1;1;0;341;75;65-475
4841;DL;DL018+AF032;JFK;BKK;CDG;1305;1260;140;1111111;Boeing 767-400ER|A350-900;768;1;1;1;0;1;1;952;80;440-680
4842;IB;IB1242+BA026;MAD;DEL;LHR;730;965;345;1111111;A321XLR|Boeing 777-300ER;482;1;0;1;0;0;0;542;71;125-495
4843;SK;SK1225+SK208;MUC;HND;CPH;570;1295;455;1111111;A321LR|A350-900;622;1;0;1;1;0;0;544;74;90-750
4844;TP;TP1326+AZ1025;OPO;FCO;LHR;830;505;245;1111111;A321neo|A320neo;172;1;0;0;0;1;0;230;58;125-135
4845;AZ;AZ1043+SQ031;MUC;SIN;FCO;835;1020;170;1111111;A320neo|Boeing 787-10;664;1;0;1;1;1;0;610;85;95-755
4846;AF;AF1181+AF064;ALG;MEX;CDG;550;1075;170;1111111;A318|A330-200;600;1;0;1;1;0;0;735;75;135-770
4847;IB;IB511+IB1270;SFO;BER;MAD;1210;920;65;1111111;A330-200|A321neo;622;1;0;1;0;1;0;731;81;685-170
4848;BA;BA1561+BA040;CMN;HND;LHR;1045;1115;90;1111111;A319|Boeing 787-9;727;1;0;1;0;0;0;691;73;195-830
4849;AM;AM014+AF1156;MEX;PRG;CDG;1230;1040;270;1111111;Boeing 787-8|A220-300;656;1;0;1;0;1;0;574;75;680-90
4850;AZ;AZ1113+SQ031;CMN;SIN;FCO;620;1235;300;1111111;A320neo|Boeing 787-10;712;1;0;1;0;0;0;682;85;180-755
4851;AM;AM014+AF1160;MEX;ATH;CDG;1230;1065;200;1111111;Boeing 787-8|A320;671;1;0;1;1;1;0;671;75;680-185
4852;KL;KL1263+KL522;BER;MEX;AMS;505;1070;215;1111111;Boeing 737-900|Boeing 777-300ER;654;1;0;1;1;0;0;658;78;85-770
4853;CX;CX037+CX018;SYD;AMS;HKG;915;2070;700;1101010;Boeing 777-300ER|A350-1000;1000;1;1;1;1;1;0;987;77;590-780
4854;LH;LH417+LH1020;HKG;MRS;FRA;625;950;75;1111111;A340-600|A321;656;1;0;1;1;1;0;762;74;775-100
4855;LH;LH1041+LH412;AMS;BKK;FRA;825;980;270;1111111;A320neo|A340-600;560;1;0;1;0;1;0;704;64;60-650
4856;IB;IB1217+IB1304;NCE;OPO;MAD;830;315;135;1111111;A321neo|A321neo;160;1;0;0;1;0;0;117;78;110-70
4857;AT;AT507+AT1232;MIA;BER;CMN;1185;950;215;0101010;Boeing 787-8|Boeing 737-800;478;1;1;1;0;0;0;595;64;510-225
4858;KL;KL1265+KL1286;BER;LIS;AMS;835;405;130;1111111;Boeing 737-800|Boeing 737-900;209;1;0;0;1;0;0;207;75;85-190
4859;BA;BA047+BA1432;LAX;BOD;LHR;1090;1030;280;1111111;Boeing 777-300ER|A320neo;573;1;0;1;1;1;0;631;71;655-95
4860;BA;BA1415+BA028;LYS;BKK;LHR;510;1010;220;1111111;A321neo|A380-800;626;1;0;1;1;1;0;779;65;100-690
4861;LH;LH1115+LH1008;CMN;CDG;FRA;835;425;150;1111111;A320neo|A319;188;1;0;0;0;0;0;198;69;205-70
4862;AF;AF049+AF1070;MIA;MUC;CDG;1105;930;295;1111111;Boeing 777-300ER|A318;558;1;0;1;1;0;0;547;78;550-85
4863;AC;AC018+LX1403;YUL;ZRH;CDG;1330;625;145;1111111;A330-300|A320neo;429;1;0;1;0;1;0;399;67;415-65
4864;AF;AF1019+SK1205;MRS;CPH;CDG;855;355;160;1111111;A318|A320neo;167;1;0;1;1;0;0;150;72;90-105
4865;TP;TP1279+TP1308;GVA;ABJ;LIS;605;600;140;1111111;A321neo|A320neo;364;1;0;0;1;1;0;379;56;155-305
4866;AF;AF1155+AF030;PRG;DEL;CDG;865;815;230;1111111;A318|Boeing 777-300ER;436;1;0;1;1;1;0;512;81;100-485
4867;LX;LX1415+LX626;MRS;YUL;ZRH;570;750;170;1111111;A320neo|A340-300;484;1;0;1;1;1;0;492;67;70-510
4868;TK;TK025+TK1070;BKK;LIS;IST;110;1040;125;1111111;Boeing 787-9|A320neo;625;1;1;1;1;0;1;626;73;625-290
4869;KL;KL515+KL1294;MIA;FCO;AMS;1170;975;295;1111111;A330-300|Boeing 737-900;505;1;0;1;1;0;0;614;70;555-125
4870;KL;KL1273+KL506;MAD;SIN;AMS;945;940;50;1111111;Boeing 737-800|A330-300;679;1;0;1;0;0;0;829;69;140-750
4871;AT;AT1234+IB1316;CMN;MXP;MAD;520;450;240;1111111;Boeing 737 MAX 8|A320neo;161;1;0;1;0;0;0;169;59;95-115
4872;IB;IB1244+QR033;MAD;DOH;LHR;955;640;120;1111111;A320neo|Boeing 777-300ER;422;1;0;1;1;1;0;445;78;125-395
4873;TK;TK1071+TK020;LIS;MLE;IST;610;835;130;1111111;A320neo|Boeing 787-9;525;1;1;1;1;0;1;547;72;250-455
4874;AF;AF1135+AF014;VIE;DSS;CDG;555;635;155;1111111;A320|A330-200;391;1;0;1;1;0;0;378;77;120-360
4875;LH;LH411+LH1066;DEL;LIS;FRA;620;900;190;1111111;Boeing 747-8|A321;496;1;0;1;0;0;0;607;70;515-195
4876;LX;LX1499+LX1458;CAI;BCN;ZRH;820;465;120;1111111;A220-300|A220-300;275;1;0;1;1;1;0;256;72;245-100
4877;IB;IB1369+IB1332;ALG;BRU;MAD;620;575;345;1111111;A321neo|A321neo;172;1;0;0;0;0;0;171;82;100-130
4878;TG;TG032+TK1068;BKK;PMI;IST;115;1180;330;1111111;Boeing 787-9|A321neo;644;1;1;1;0;0;0;558;71;625-225
4879;LH;LH1221+LH1182;IST;FCO;MUC;595;430;170;1111111;A319|Embraer 190;165;1;0;0;1;0;0;197;71;165-95
4880;AF;AF1052+KL1328;CDG;PRG;AMS;690;440;295;1111111;A320|Embraer 195-E2;132;1;0;1;0;0;0;99;78;60-85
4881;BA;BA1419+BA030;LYS;BKK;LHR;1120;920;130;1111111;A320neo|Boeing 777-300ER;583;1;0;1;1;1;0;686;72;100-690
4882;TK;TK048+AC1204;IST;LAX;YUL;835;1090;100;1111111;A330-300|Boeing 777-300ER;629;1;0;1;1;0;1;818;73;640-350
4883;AF;AF1043+AF1118;LHR;MXP;CDG;660;205;75;1111111;A220-300|A318;135;1;0;1;0;1;0;89;71;55-75
4884;AA;AA038+BA1593;JFK;LGW;FCO;1295;765;110;1111111;Boeing 777-300ER|A319;448;1;0;1;0;0;0;587;69;510-145
4885;AF;AF055+AF030;LAX;DEL;CDG;1325;1255;95;1111111;A350-900|Boeing 777-300ER;732;1;1;1;1;1;0;924;77;675-485
4886;AF;AF071+AF024;FDF;DXB;CDG;1220;1030;120;1111111;A350-900|A330-200;688;1;1;1;1;1;0;716;80;515-395
4887;SN;SN1253+SN504;ZRH;JFK;BRU;560;720;140;1111111;A320|A330-300;469;1;0;1;0;0;0;431;68;75-505
4888;TK;TK017+TK1132;ABJ;DXB;IST;1325;790;150;1111111;A350-900|A321neo;470;1;1;1;0;1;1;485;70;400-240
4889;AA;AA068+BA1500;LAX;FCO;LHR;1295;960;170;1111111;Boeing 777-300ER|A321neo;660;1;0;1;0;0;0;691;68;655-135
4890;LH;LH1155+NH025;AMS;HND;MUC;505;1455;565;1111111;Embraer 190|Boeing 787-9;639;1;0;1;1;0;0;577;62;85-805
4891;LX;LX1525+SN1251;FCO;BRU;GVA;590;275;105;1111111;A321neo|A320;162;1;0;1;0;1;0;112;67;95-75
4892;AF;AF1103+AF1188;OPO;CAI;CDG;565;715;340;1111111;A320|A320;347;1;0;1;1;0;0;380;75;120-255
4893;KL;KL1263+KL520;BER;YUL;AMS;505;785;225;1111111;Boeing 737-900|Boeing 777-300ER;470;1;0;1;1;0;0;417;73;85-475
4894;KL;KL521+KL1284;YUL;LIS;AMS;1190;660;55;1111111;Boeing 777-300ER|Embraer 195-E2;411;1;0;1;0;1;0;482;80;415-190
4895;LH;LH1182+AZ1122;MUC;ALG;FCO;810;370;165;1111111;Embraer 190|A321;169;1;0;0;1;0;0;169;71;95-110
4896;BA;BA057+BA1462;MEX;BER;LHR;1175;835;75;1111111;A350-1000|A321neo;637;1;0;1;1;1;0;567;66;660-100
4897;TP;TP1223+TP202;LYS;JFK;LIS;605;855;240;1111111;A320neo|A321LR;467;1;0;1;1;1;0;413;63;150-465
4898;IB;IB1221+IB1304;LYS;OPO;MAD;610;535;360;1111111;A321neo|A321neo;136;1;0;0;0;0;0;113;78;105-70
4899;SN;SN1275+SN1254;ALG;ZRH;BRU;805;285;60;1111111;A320|A319;174;1;0;0;0;0;0;175;68;155-70
4900;AH;AH101+AH1022;DXB;NTE;ALG;425;735;165;1011111;A330-900neo|Boeing 737-800;377;1;1;1;0;0;0;400;58;440-130
4901;BA;BA1401+BA042;CDG;ICN;LHR;475;1495;670;1111111;A320neo|A350-1000;598;1;0;1;1;0;0;513;66;60-765
4902;SN;SN1271+LH1201;RAK;MUC;BRU;780;365;75;1111111;A320|A320neo;230;1;0;0;0;0;0;241;72;215-75
4903;OS;OS1041+OS400;LIS;MLE;VIE;825;805;65;1001001;A321|Boeing 787-9;613;1;0;1;0;0;0;581;81;205-535
4904;AF;AF1061+AF058;FRA;YUL;CDG;510;670;125;1111111;A321|A330-200;407;1;0;1;1;0;0;404;76;70-475
4905;NH;NH039+LH421;SIN;FRA;HND;895;1975;675;1111111;Boeing 777-300ER|A340-600;690;1;1;1;1;1;0;1044;66;420-880
4906;BA;BA021+IB1247;DXB;MAD;LHR;845;700;105;1111111;A380-800|A321neo;421;1;0;1;0;0;0;516;71;465-130
4907;KL;KL1263+KL526;BER;GRU;AMS;505;1070;215;1111111;Boeing 737-900|A330-300;604;1;0;1;1;0;0;695;76;85-770
4908;LH;LH1165+SQ027;MAD;SIN;MUC;525;1295;435;1111111;A320neo|A380-800;739;1;0;1;1;1;0;878;63;140-720
4909;AA;AA024+QR015;JFK;DOH;CDG;1100;990;175;1111111;Boeing 777-300ER|Boeing 777-300ER;701;1;1;1;0;0;1;702;71;440-375
4910;LX;LX1427+LX1408;LHR;NCE;ZRH;820;225;60;1111111;A321neo|A320neo;174;1;0;1;0;1;0;103;67;95-70
4911;AF;AF1005+AF040;NCE;HKG;CDG;725;1175;360;1111111;A320|A330-200;579;1;0;1;1;0;0;693;77;95-720
4912;BA;BA059+BA1416;GRU;LYS;LHR;1170;1005;190;1111111;A380-800|A319;571;1;0;1;1;0;0;783;67;725-90
4913;BA;BA055+BA1438;YUL;AMS;LHR;1275;665;210;1111111;Boeing 787-9|A319;444;1;0;1;1;1;0;322;69;395-60
4914;AZ;AZ1011+SQ031;NCE;SIN;FCO;840;1015;195;1111111;A320neo|Boeing 787-10;662;1;0;1;0;1;0;587;85;65-755
4915;BA;BA057+BA1530;MEX;VIE;LHR;1175;1140;360;1111111;A350-1000|A321neo;639;1;0;1;0;1;0;593;66;660-120
4916;LH;LH1219+SN1225;ATH;BRU;MUC;825;330;85;1111111;Embraer 190|A320;206;1;0;0;0;0;0;181;61;160-85
4917;LH;LH407+LH1068;JNB;OPO;FRA;1300;1205;350;1100100;A340-600|A320neo;530;1;0;1;0;1;0;761;63;680-175
4918;LH;LH403+LH1114;JFK;CMN;FRA;1170;970;280;1111111;A340-600|A320neo;463;1;0;1;1;1;0;616;65;465-225
4919;AF;AF1039+AF038;NTE;SIN;CDG;1100;970;145;1111111;A320|Boeing 777-300ER;671;1;0;1;0;0;0;734;76;60-765
4920;UA;UA020+LH1196;SFO;GVA;MUC;1155;865;85;1111111;Boeing 787-10|Embraer 190;635;1;0;1;0;1;0;564;74;705-75
4921;TK;TK1137+TK1058;DOH;BER;IST;600;645;220;1111111;A320neo|A321neo;362;1;1;1;1;1;1;299;77;250-175
4922;AA;AA018+BA032;JFK;SIN;LHR;1205;1485;290;1111111;Boeing 787-9|A350-1000;902;1;1;1;1;1;0;897;68;420-775
4923;AA;AA052+BA036;MIA;HKG;LHR;1220;1780;525;1111111;Boeing 777-300ER|A350-1000;834;1;1;1;1;1;1;988;76;530-725
4924;BA;BA1563+BA050;RAK;SFO;LHR;600;995;75;1111111;A319|A350-1000;658;1;0;1;0;0;0;654;68;210-710
4925;IB;IB1289+BA1471;PMI;LHR;MAD;625;335;130;1111111;A321neo|A320neo;167;1;0;0;1;1;0;151;73;80-125
4926;SN;SN1271+SN1216;RAK;LHR;BRU;780;400;120;1111111;A320|A320;220;1;0;0;0;0;0;225;72;215-65
4927;EK;EK079+EK098;CMN;HKG;DXB;915;1235;345;1111111;Boeing 777-300ER|A350-900;702;1;1;1;1;1;1;718;77;450-440
4928;TK;TK023+TK1106;DEL;PRG;IST;630;735;180;1111111;Boeing 777-300ER|A320neo;391;1;1;1;1;1;1;422;78;400-155
4929;LH;LH453+LH1162;MIA;BER;MUC;1195;1010;345;0010101;Boeing 747-8|A319;527;1;0;1;0;0;0;648;64;595-70
4930;BA;BA033+BA052;SIN;YUL;LHR;85;1545;215;1111111;A350-1000|A350-1000;773;1;1;1;1;1;0;879;69;880-450
4931;JL;JL1000+CX044;HND;JNB;HKG;585;1235;125;1101010;Boeing 737-800|Boeing 777-300ER;925;1;1;1;1;1;0;926;77;265-845
4932;TK;TK049+TK1106;YUL;PRG;IST;1185;990;265;1111111;A330-300|A320neo;443;1;1;1;1;0;1;625;79;570-155
4933;AF;AF021+AF064;RUN;MEX;CDG;1340;1905;400;1111111;Boeing 777-300ER|A330-200;851;1;1;1;1;0;0;1207;71;735-770
4934;TK;TK1071+MS1451;LIS;CAI;IST;610;475;100;1111111;A320neo|A320neo;310;1;1;1;1;0;0;322;70;250-125
4935;TP;TP1297+LX1461;RAK;ZRH;LIS;535;480;230;1111111;A321LR|A320neo;206;1;0;1;1;1;0;183;57;90-160
4936;SQ;SQ019+SQ1008;LHR;DPS;SIN;745;1155;220;1111111;Boeing 777-300ER|Boeing 737 MAX 8;828;1;1;1;1;1;1;820;87;775-160
4937;AZ;AZ1001+AZ100;CDG;JFK;FCO;495;820;130;1111111;A321|A350-900;401;1;0;1;0;0;0;485;74;110-580
4938;OS;OS1012+AC031;VIE;YUL;LHR;510;730;140;1111111;A321|Boeing 787-9;417;1;0;1;1;0;0;412;68;140-450
4939;AZ;AZ1093+SQ031;VIE;SIN;FCO;615;1240;385;1111111;A220-100|Boeing 787-10;604;1;0;1;0;1;0;614;78;100-755
4940;AI;AI019+AI1414;AMS;MLE;DEL;1190;1065;360;1111111;A350-900|A320neo;533;1;1;1;0;0;0;531;71;470-235
4941;KL;KL1201+KL506;CDG;SIN;AMS;445;1440;630;1111111;Boeing 737-800|A330-300;624;1;0;1;0;0;0;723;69;60-750
4942;LX;LX1526+AZ116;GVA;HND;FCO;1045;1090;160;1111111;A220-300|A350-900;726;1;0;1;0;1;0;599;68;85-845
4943;AC;AC042+SN1239;YUL;BRU;LIS;1210;895;340;1111111;Boeing 777-300ER|A320;429;1;0;1;0;1;0;478;63;395-160
4944;AT;AT509+AT1264;YUL;CPH;CMN;1185;980;315;1111111;Boeing 787-9|Boeing 737-800;394;1;1;1;0;1;0;544;63;425-240
4945;BA;BA043+BA1432;ICN;BOD;LHR;600;1100;170;1111111;A350-1000|A320neo;593;1;0;1;0;1;0;546;76;835-95
4946;LH;LH463+LH1212;CUN;DUB;MUC;1170;1120;320;0101010;A350-900|A320neo;551;1;0;1;1;1;0;601;62;655-145
4947;EK;EK029+EK102;LHR;HND;DXB;815;1235;245;1111111;Boeing 777-300ER|A380-800;691;1;1;1;1;1;1;950;77;410-580
4948;LX;LX627+LX600;YUL;JNB;ZRH;1165;1365;265;0111111;A340-300|A340-300;815;1;1;1;0;1;0;1077;76;450-650
4949;NH;NH018+TP1241;HND;LIS;LHR;110;1200;150;1111111;Boeing 777-300ER|A321LR;773;1;0;1;0;1;0;729;69;890-160
4950;KL;KL511+KL1330;HND;ATH;AMS;75;1200;135;1111111;Boeing 787-10|Boeing 737-800;634;1;0;1;1;0;0;683;69;870-195
4951;KL;KL1206+AF030;AMS;DEL;CDG;990;690;140;1111111;Boeing 737-800|Boeing 777-300ER;446;1;0;1;1;1;0;467;73;65-485
4952;AZ;AZ1001+AZ106;CDG;LAX;FCO;495;1165;225;1111111;A321|A350-900;631;1;0;1;1;0;0;667;76;110-830
4953;LX;LX1465+LX1426;FCO;LHR;ZRH;500;400;205;1111111;A320neo|A321neo;172;1;0;1;0;1;0;124;72;90-105
4954;AZ;AZ1078+LX1432;FCO;AMS;ZRH;535;360;185;1111111;A320neo|A320neo;155;1;0;1;0;1;0;109;68;90-85
4955;AF;AF043+AF1100;ICN;LIS;CDG;640;1150;155;1111111;A330-200|A318;638;1;0;1;0;1;0;727;77;845-150
4956;AF;AF1043+AF1038;LHR;NTE;CDG;660;420;300;1111111;A220-300|A320;103;1;0;1;0;0;0;66;71;55-65
4957;KL;KL1335+KL528;IST;EZE;AMS;595;1245;125;0111011;Boeing 737-800|Boeing 787-10;709;1;0;1;0;0;0;801;75;220-900
4958;AA;AA056+IB1216;MIA;NCE;MAD;1195;835;210;1111111;Boeing 787-9|A321neo;529;1;0;1;0;1;0;468;77;525-100
4959;DL;DL1433+DL060;MEX;ATH;JFK;590;1115;260;1111111;A321neo|Boeing 767-400ER;659;1;0;1;1;0;1;819;82;270-585
4960;IB;IB1353+IB500;CMN;DOH;MAD;530;800;305;1111111;A321XLR|A330-200;417;1;0;1;0;0;0;419;90;95-400
4961;KL;KL642+KL1224;JFK;TLS;AMS;1050;720;170;1111111;Boeing 777-300ER|Boeing 737-800;433;1;0;1;1;0;0;480;69;440-110
4962;BA;BA178+BA1522;JFK;BRU;LHR;1295;725;250;1111111;A350-1000|A320neo;401;1;0;1;0;1;0;332;73;420-55
4963;AF;AF1003+AF068;NCE;PTP;CDG;585;830;155;1111111;A220-300|A350-900;461;1;0;1;1;0;0;428;77;95-580
4964;TK;TK1119+TK036;RAK;HND;IST;620;1310;275;1111111;Boeing 737 MAX 8|A350-900;714;1;1;1;0;1;1;720;80;270-765
4965;TU;TU501+TU1272;YUL;ABJ;TUN;1165;1040;225;1111111;A330-200|A319;476;1;1;1;0;0;0;744;53;500-315
4966;DL;DL1401+DL058;LAX;PRG;JFK;400;1085;290;1111111;Boeing 767-400ER|Boeing 767-400ER;602;1;0;1;1;0;1;855;84;305-490
4967;EK;EK121+EK088;MEX;JNB;DXB;1270;1865;300;1111111;A380-800|A380-800;912;1;1;1;1;1;1;1550;75;1050-515
4968;QR;QR083+QR060;HKG;CPH;DOH;1135;1430;500;1100100;Boeing 777-300ER|Boeing 787-9;605;1;1;1;1;0;1;661;83;540-390
4969;OS;OS1035+OS400;MAD;MLE;VIE;815;875;175;1001001;Embraer 195|Boeing 787-9;548;1;0;1;0;0;0;541;80;165-535
4970;OS;OS1049+OS404;MXP;HND;VIE;1055;900;35;1111111;Embraer 195|Boeing 787-9;627;1;0;1;0;0;0;565;76;80-785
4971;SK;SK1259+SK1214;ATH;LHR;CPH;800;475;160;1111111;A321LR|A320neo;226;1;0;0;0;1;0;226;74;205-110
4972;AF;AF1063+AF1172;FRA;RAK;CDG;750;550;270;1111111;A318|A220-300;208;1;0;1;1;0;0;188;72;70-210
4973;SQ;SQ1002+AI1407;SIN;DEL;BKK;475;485;90;1111111;Boeing 737 MAX 8|A320neo;342;1;1;1;1;1;0;317;72;140-255
4974;IB;IB500+QR078;MAD;SIN;DOH;930;1360;480;1111111;A330-200|Boeing 777-300ER;625;1;1;1;0;1;0;750;90;400-480
4975;TP;TP205+TP1240;MIA;LHR;LIS;1190;715;65;1111111;A330-900neo|A321LR;463;1;0;1;0;0;0;470;61;495-155
4976;KL;KL1339+KE019;CAI;ICN;AMS;595;1325;305;1111111;Embraer 195-E2|Boeing 787-9;524;1;0;1;0;0;0;688;81;285-735
4977;AF;AF059+AF1074;YUL;BER;CDG;1080;645;140;1111111;A330-200|A321;421;1;0;1;1;0;0;445;77;415-90
4978;LH;LH1049+LH416;BER;HKG;FRA;605;1230;470;1111111;A321|A340-600;617;1;0;1;0;0;0;727;67;70-690
4979;BA;BA172+BA1454;JFK;MUC;LHR;1130;615;100;1111111;Boeing 787-9|A320neo;455;1;0;1;1;1;0;382;65;420-95
4980;AT;AT509+AT1224;YUL;AMS;CMN;1185;725;90;1111111;Boeing 787-9|Boeing 737-800;404;1;1;1;0;0;0;496;63;425-210
4981;AM;AM014+SK1205;MEX;CPH;CDG;1230;1000;215;1111111;Boeing 787-8|A320neo;620;1;0;1;1;0;0;587;72;680-105
4982;MS;MS1400+TP1205;CAI;LIS;CDG;595;570;140;1111111;A220-300|A321neo;298;1;0;1;0;0;0;339;68;280-150
4983;BA;BA033+BA1462;SIN;BER;LHR;85;1325;345;1111111;A350-1000|A321neo;647;1;0;1;1;1;0;675;75;880-100
4984;IB;IB503+IB1358;JFK;RAK;MAD;1110;630;85;1111111;A350-900|A320neo;463;1;0;1;1;1;0;404;79;430-115
4985;KL;KL1327+KL516;PRG;LAX;AMS;575;970;140;1111111;Boeing 737-800|A330-300;608;1;0;1;1;0;0;653;73;95-735
4986;BA;BA1494+AA039;LHR;JFK;FCO;480;995;280;1111111;A321neo|Boeing 777-300ER;427;1;0;1;0;1;0;568;68;135-580
4987;TK;TK1111+TK1016;ATH;NCE;IST;825;360;100;1111111;A320neo|A320neo;186;1;1;1;0;1;1;166;74;75-185
4988;UA;UA1405+UA028;LAX;SIN;SFO;635;1220;80;1111111;Boeing 737 MAX 9|Boeing 787-10;843;1;0;1;1;0;1;787;83;80-1060
4989;QR;QR1217+QR024+AA053;MLE;MIA;DOH-LHR;840;2360;600-430;1111111;Boeing 787-8|Boeing 777-300ER|Boeing 777-300ER;779;1;1;1;1;0;1;1025;70;280-445-605
4990;AA;AA014+BA032;JFK;SIN;LHR;1060;1630;435;1111111;Boeing 777-200ER|A350-1000;951;1;1;1;1;1;0;1008;70;420-775
4991;TG;TG032+LX1493;BKK;ZRH;IST;115;895;90;1111111;Boeing 787-9|A220-300;587;1;0;1;0;0;0;527;77;625-180
4992;BA;BA1477+JL019;BCN;HND;LHR;485;1175;225;1111111;A321neo|A350-1000;661;1;0;1;1;1;0;620;70;120-830
4993;QR;QR081+QR024;DPS;LHR;DOH;1125;1220;145;1100100;Boeing 787-9|Boeing 777-300ER;776;1;1;1;1;1;1;769;84;630-445
4994;QR;QR046+IB1252;DOH;AMS;MAD;415;800;200;1111111;Boeing 777-300ER|A320neo;433;1;0;1;1;0;0;469;80;460-140
4995;AF;AF1135+AF020;VIE;RUN;CDG;555;1000;170;1111111;A320|Boeing 777-300ER;597;1;0;1;0;0;0;713;75;120-710
4996;LX;LX627+LX1406;YUL;NCE;ZRH;1165;575;55;1111111;A340-300|A220-300;473;1;0;1;0;1;0;485;76;450-70
4997;AF;AF061+AF1182;YUL;ALG;CDG;1215;860;310;1111111;Boeing 777-300ER|A220-300;433;1;0;1;1;1;0;474;78;415-135
4998;QR;QR085+QR074;ICN;JNB;DOH;1120;1565;465;0101011;Boeing 777-300ER|Boeing 777-300ER;751;1;1;1;1;1;1;864;90;600-500
4999;AI;AI020+LH1020;DEL;MRS;FRA;650;775;160;1111111;Boeing 777-300ER|A321;437;1;0;1;0;1;0;475;70;515-100
5000;TP;TP1270+AZ116;LIS;HND;FCO;590;1485;475;1111111;A320neo|A350-900;686;1;0;1;0;1;0;664;59;165-845
5001;IB;IB1295+IB1346;LIS;ATH;MAD;670;550;275;1111111;A321XLR|A320neo;254;1;0;0;1;1;0;203;83;70-205
5002;EK;EK045+EK106;MUC;SYD;DXB;905;1715;465;1111111;A380-800|A380-800;1007;1;1;1;1;1;1;1241;75;350-900
5003;BA;BA023+BA1450;DOH;FRA;LHR;385;830;305;1111111;Boeing 787-9|A320neo;362;1;0;1;0;1;0;341;69;445-80
5004;NH;NH027+NH044;IST;SYD;HND;790;1815;440;1111111;Boeing 777-300ER|Boeing 777-300ER;975;1;1;1;1;1;1;1090;86;765-610
5005;AF;AF1103+AF1054;OPO;AMS;CDG;565;290;110;1111111;A320|A321;172;1;0;1;0;0;0;163;75;120-60
5006;AF;AF023+AF1176;JFK;TUN;CDG;1290;775;195;1111111;A330-200|A318;467;1;0;1;0;0;0;528;76;440-140
5007;SN;SN1218+LH402;BRU;JFK;FRA;580;760;175;1111111;A319|A340-600;416;1;0;1;0;1;0;493;65;55-530
5008;TP;TP1276+LX614;LIS;HND;ZRH;820;1070;85;1111111;A321neo|A330-300;649;1;0;1;0;1;0;739;65;160-825
5009;DL;DL1403+SK201;LAX;CPH;JFK;540;900;125;1111111;A350-900|A330-300;603;1;0;1;1;1;1;669;72;305-470
5010;LX;LX1530+OS402;GVA;BKK;VIE;815;935;235;1111111;A321neo|Boeing 787-9;685;1;0;1;0;1;0;530;73;90-610
5011;LH;LH459+LH1182;YUL;FCO;MUC;1170;815;260;1111111;A340-600|Embraer 190;425;1;0;1;1;0;0;533;70;460-95
5012;QR;QR030+BA1440;DOH;AMS;LHR;485;655;150;1111111;Boeing 787-9|A320neo;412;1;0;1;1;1;0;317;75;445-60
5013;DL;DL063+DL1438;IST;CUN;JFK;690;1050;155;1111111;A330-900neo|Boeing 757-200;681;1;0;1;1;0;1;669;82;670-225
5014;LH;LH1065+LX1439;LIS;ZRH;FRA;585;445;215;1111111;A320neo|A220-300;178;1;0;1;0;0;0;150;67;175-55
5015;BA;BA1541+BA1548;DUB;PRG;LHR;825;420;250;1111111;A321neo|A321neo;161;1;0;0;1;1;0;125;67;65-105
5016;AA;AA028+IB1358;JFK;RAK;MAD;1120;620;75;1111111;Boeing 777-300ER|A320neo;462;1;0;1;1;1;0;464;70;430-115
5017;KL;KL517+SK1219;LAX;CPH;AMS;1165;830;80;1111111;A330-300|A320neo;554;1;0;1;0;0;0;635;72;670-80
5018;SQ;SQ026+LH1172;SIN;BCN;MUC;145;1230;290;1111111;A380-800|A320neo;746;1;0;1;1;0;0;844;72;820-120
5019;LH;LH1080+LX602;FRA;DXB;ZRH;595;650;235;1111111;A320neo|A330-300;387;1;0;1;1;0;0;334;61;55-360
5020;AM;AM014+AF038;MEX;SIN;CDG;1230;1860;415;1111111;Boeing 787-8|Boeing 777-300ER;853;1;1;1;0;1;0;1199;75;680-765
5021;AA;AA1005+AA026;LAX;CDG;JFK;685;875;130;1111111;Boeing 787-9|Boeing 787-9;588;1;0;1;1;1;1;586;74;305-440
5022;LH;LH1023+LH424;TLS;LAX;FRA;595;975;120;1111111;A321|Boeing 747-8;612;1;0;1;1;0;0;786;68;95-760
5023;LX;LX1445+LX1496;BER;CMN;ZRH;565;460;160;1111111;A320neo|A320neo;257;1;0;1;0;1;0;194;71;90-210
5024;KL;KL523+KL1206;MEX;CDG;AMS;1170;905;160;1111111;Boeing 777-300ER|Boeing 737-800;544;1;0;1;1;1;0;638;73;680-65
5025;AT;AT1236+IB1346;CMN;ATH;MAD;855;425;125;1111111;Boeing 737-800|A320neo;217;1;0;1;0;1;0;246;67;95-205
5026;AF;AF017+AF1128;ABJ;GVA;CDG;1345;630;175;1111111;Boeing 777-300ER|A320;390;1;0;1;1;0;0;359;76;395-60
5027;SN;SN1257+SQ039;VIE;SIN;BRU;785;1075;210;1111111;A320|A380-800;620;1;0;1;0;0;0;881;71;110-755
5028;BA;BA1555+BA058;IST;GRU;LHR;600;1145;155;1111111;A320neo|A380-800;691;1;0;1;1;0;0;874;70;245-745
5029;DL;DL1421+DL062;MIA;IST;JFK;590;1080;320;1111111;Boeing 757-200|A330-900neo;598;1;0;1;1;1;1;600;80;170-590
5030;LX;LX607+LX1458;DEL;BCN;ZRH;585;910;290;1100100;A330-300|A220-300;526;1;0;1;0;1;0;472;72;520-100
5031;DL;DL014+AF1166;JFK;CMN;CDG;1040;865;235;1111111;A350-900|A318;421;1;0;1;1;1;0;473;80;440-190
5032;AF;AF037+AF1004;SIN;NCE;CDG;125;1115;160;1111111;A330-200|A320;654;1;0;1;0;0;0;766;74;870-85
5033;LX;LX1479+LX1416;CPH;MRS;ZRH;585;530;350;1111111;A321neo|A321neo;197;1;0;1;0;0;0;123;73;105-75
5034;AT;AT1234+IB512;CMN;MEX;MAD;520;1085;230;1111111;Boeing 737 MAX 8|A350-900;504;1;1;1;0;0;0;568;59;95-760
5035;CX;CX1011+CX034;ICN;DXB;HKG;865;850;135;1111111;A321neo|Boeing 777-300ER;495;1;1;1;0;0;0;524;81;205-510
5036;SK;SK1252+KE033;CPH;ICN;VIE;800;1040;240;1100100;A320neo|A330-300;567;1;0;1;0;1;0;610;75;95-705
5037;BA;BA037+BA1486;HKG;LIS;LHR;625;1065;95;1111111;A350-1000|A320neo;698;1;0;1;1;0;0;631;70;810-160
5038;AT;AT507+AT1272;MIA;TUN;CMN;1185;885;220;0101010;Boeing 787-8|Boeing 737-800;485;1;1;1;0;0;0;512;64;510-155
5039;TK;TK023+TK1058;DEL;BER;IST;630;765;190;1111111;Boeing 777-300ER|A321neo;400;1;1;1;1;1;1;410;77;400-175
5040;KL;KL1291+KL522;FCO;MEX;AMS;485;1090;185;1111111;Boeing 737-800|Boeing 777-300ER;609;1;0;1;1;0;0;728;78;135-770
5041;TK;TK1011+TK1134;ORY;DXB;IST;625;570;135;1111111;A320neo|Boeing 737 MAX 8;362;1;1;1;0;0;1;353;71;195-240
5042;EI;EI603+EI1414;MIA;NTE;DUB;1175;865;265;0111111;A321XLR|A321neo;524;1;0;1;1;0;0;430;71;505-95
5043;BA;BA1463+BA036;BER;HKG;LHR;815;1105;270;1111111;A321neo|A350-1000;580;1;0;1;0;1;0;606;76;110-725
5044;EK;EK105+EK088;HND;JNB;DXB;1250;1345;160;1111111;Boeing 777-300ER|A380-800;874;1;1;1;1;1;1;995;78;670-515
5045;AF;AF075+AF026;EZE;DXB;CDG;1205;1535;300;0110101;A330-200|Boeing 777-300ER;794;1;1;1;1;1;0;1062;75;840-395
5046;QR;QR089+QR030;SYD;LHR;DOH;1220;1570;150;1111111;A350-1000|Boeing 787-9;1125;1;1;1;1;1;1;962;82;975-445
5047;AH;AH1031+AH100;MAD;DXB;ALG;640;685;215;1111111;A330-200|A330-900neo;364;1;1;1;0;1;0;349;56;90-380
5048;BA;BA017+BA1420;DXB;MRS;LHR;190;670;100;1111111;A350-1000|A319;394;1;0;1;1;0;0;399;77;465-105
5049;IB;IB1244+BA034;MAD;SIN;LHR;955;1170;270;1111111;A320neo|Boeing 787-9;684;1;0;1;1;1;0;699;67;125-775
5050;SN;SN505+TG031;JFK;BKK;BRU;1155;1755;640;1111111;A330-300|Boeing 777-300ER;756;1;1;1;1;1;0;985;72;445-670
5051;DL;DL1403+DL060;LAX;ATH;JFK;540;1045;155;1111111;A350-900|Boeing 767-400ER;645;1;0;1;1;0;1;860;79;305-585
5052;QF;QF014+BA1558;SYD;CMN;LHR;1095;1755;240;1111111;Boeing 787-9|A321neo;995;1;0;1;1;1;0;1070;67;1310-205
5053;TG;TG032+TK1102;BKK;DUB;IST;115;1210;325;1111111;Boeing 787-9|Boeing 737 MAX 8;601;1;1;1;0;0;0;607;80;625-260
5054;LH;LH1167+SQ027;MAD;SIN;MUC;810;1010;150;1111111;A321|A380-800;667;1;0;1;1;0;0;902;64;140-720
5055;BA;BA1510+CX031;LHR;HKG;ZRH;820;995;205;1011101;A319|Boeing 777-300ER;609;1;0;1;1;0;0;682;67;95-695
5056;AF;AF017+AF1108;ABJ;FCO;CDG;1345;645;140;1111111;Boeing 777-300ER|A320;369;1;0;1;0;0;0;429;72;395-110
5057;KL;KL529+KL1280;EZE;BCN;AMS;1175;1075;80;1011101;Boeing 787-10|Embraer 195-E2;690;1;0;1;1;1;0;730;74;865-130
5058;LH;LH1064+TP1294;FRA;CMN;LIS;600;600;325;1111111;A320neo|A321LR;212;1;0;0;0;1;0;178;66;195-80
5059;QF;QF029+QF018;JFK;DPS;SYD;1370;1895;260;0100110;A380-800|A380-800;897;1;1;1;1;1;0;1542;70;1250-385
5060;DL;DL1431+DL068;YUL;JNB;JFK;1160;1120;90;1111111;Boeing 757-200|Boeing 767-400ER;770;1;0;1;1;0;1;1021;89;75-955
5061;AF;AF073+AF1034;GRU;BOD;CDG;1225;1145;350;1111111;A350-900|A318;568;1;0;1;1;0;0;566;71;720-75
5062;IB;IB501+IB1376;DOH;DSS;MAD;430;805;70;1111111;A330-200|A321neo;510;1;0;1;0;1;0;558;82;460-275
5063;BA;BA1461+BA014;BER;JNB;LHR;505;1055;250;1111111;A320neo|A350-1000;551;1;0;1;1;1;0;576;71;110-695
5064;LX;LX1457+LX614;BCN;HND;ZRH;800;1150;235;1111111;A321neo|A330-300;712;1;0;1;0;0;0;695;69;90-825
5065;AC;AC1215+AC056;FDF;DUB;YUL;855;785;115;0111011;A321|A330-300;439;1;0;1;1;0;1;601;69;305-365
5066;DL;DL018+AF1154;JFK;PRG;CDG;1305;715;185;1111111;Boeing 767-400ER|A318;508;1;0;1;0;0;0;521;75;440-90
5067;KL;KL1253+KE019;FRA;ICN;AMS;810;1050;250;1111111;Boeing 737-900|Boeing 787-9;565;1;0;1;1;0;0;504;80;65-735
5068;BA;BA055+BA1468+IB1290;YUL;PMI;LHR-MAD;1275;945;105-245;1111111;Boeing 787-9|A319|A321XLR;386;1;0;1;1;0;0;455;70;395-130-70
5069;EK;EK091+EK018;BKK;CDG;DXB;135;1345;490;1111111;A380-800|Boeing 777-300ER;664;1;1;1;1;1;1;707;78;410-445
5070;QR;QR026+BA056;DOH;MEX;LHR;270;1465;275;1111111;A380-800|A350-1000;872;1;1;1;1;1;0;878;75;445-745
5071;AF;AF1149+AF028;DUB;MLE;CDG;865;870;175;1111111;A318|A350-900;588;1;0;1;0;1;0;530;73;95-600
5072;LH;LH1115+LH418;CMN;ICN;FRA;835;1065;125;1111111;A320neo|A340-600;677;1;0;1;0;1;0;792;64;205-735
5073;AI;AI020+LH1074;DEL;FCO;FRA;650;850;235;1111111;Boeing 777-300ER|A320neo;467;1;0;1;0;0;0;478;62;515-100
5074;LH;LH409+LH1068;DXB;OPO;FRA;385;800;210;1111111;A350-900|A320neo;436;1;0;1;0;1;0;376;69;415-175
5075;EK;EK105+EK036;HND;LGW;DXB;1250;1335;200;1111111;Boeing 777-300ER|A380-800;642;1;1;1;1;1;1;925;78;670-465
5076;LX;LX629+LX614;GRU;HND;ZRH;1170;1980;425;0011011;A330-300|A330-300;1035;1;1;1;0;1;0;1248;66;730-825
5077;AF;AF1113+AF1106;FCO;OPO;CDG;960;335;85;1111111;A318|A318;193;1;0;1;1;0;0;233;73;120-130
5078;QR;QR065+QR086;PRG;HND;DOH;935;1460;530;1101010;A380-800|Boeing 777-300ER;655;1;1;1;1;0;1;852;83;325-605
5079;AT;AT1281+AT1272;RAK;TUN;CMN;625;365;165;1111111;Boeing 737 MAX 8|Boeing 737-800;160;1;1;1;0;0;0;150;60;45-155
5080;QF;QF014+BA1508;SYD;ZRH;LHR;1095;1550;145;1111111;Boeing 787-9|A321neo;969;1;0;1;1;1;0;995;76;1310-95
5081;LH;LH429+LH1108;YUL;ATH;FRA;1185;890;280;1111111;A340-600|Embraer 190;503;1;0;1;1;0;0;583;68;440-170
5082;NH;NH020+AZ1025;HND;FCO;LHR;730;1145;120;1111111;Boeing 787-9|A320neo;657;1;0;1;0;1;0;645;84;890-135
5083;KL;KL531+KL516;JNB;LAX;AMS;1320;1725;285;1111111;Boeing 777-300ER|A330-300;932;1;1;1;1;1;0;1168;73;705-735
5084;AH;AH1043+AH104;MXP;YUL;ALG;630;745;95;1111110;Boeing 737-800|A330-900neo;387;1;1;1;0;0;0;452;58;120-530
5085;AA;AA066+BA1424;LAX;MRS;LHR;1095;1105;345;1111111;Boeing 777-200ER|A321neo;605;1;0;1;1;0;0;738;78;655-105
5086;KL;KL641+DL1410;AMS;LAX;JFK;660;1020;165;1111111;Boeing 777-300ER|A330-900neo;550;1;0;1;0;1;0;647;77;505-350
5087;BA;BA1551+BA1486;ATH;LIS;LHR;580;750;355;1111111;A319|A320neo;263;1;0;0;1;0;0;299;68;235-160
5088;LX;LX603+LX1450;DXB;MAD;ZRH;390;745;200;1111111;A330-300|A220-300;444;1;0;1;0;1;0;414;67;410-135
5089;LX;LX1475+LX1496;VIE;CMN;ZRH;580;445;145;1111111;A320neo|A320neo;262;1;0;1;0;1;0;190;70;90-210
5090;BA;BA023+AA017;DOH;JFK;LHR;385;1030;105;1111111;Boeing 787-9|Boeing 777-300ER;609;1;1;1;0;1;1;646;69;445-480
5091;AZ;AZ1105+AZ1010;IST;NCE;FCO;495;540;320;1111111;A321|A320neo;169;1;0;0;1;1;0;176;83;145-75
5092;LH;LH457+LH1134;SFO;NCE;MUC;1165;880;85;1101110;A340-600|Embraer 190;626;1;0;1;1;0;0;768;72;705-90
5093;TG;TG025+TG1206;MUC;SIN;BKK;1165;890;115;1111111;Boeing 787-9|A320neo;583;1;1;1;0;0;0;599;81;635-140
5094;DL;DL014+AF1024;JFK;TLS;CDG;1040;630;105;1111111;A350-900|A220-300;432;1;0;1;1;0;0;369;84;440-85
5095;TK;TK1003+SQ041;CDG;SIN;IST;660;985;135;1111111;A320neo|Boeing 787-10;617;1;1;1;1;1;1;623;79;195-655
5096;BA;BA017+BA1558;DXB;CMN;LHR;190;860;190;1111111;A350-1000|A321neo;429;1;0;1;1;1;0;441;67;465-205
5097;BA;BA1467+BA028;MAD;BKK;LHR;450;1070;255;1111111;A321neo|A380-800;653;1;0;1;1;0;0;821;65;125-690
5098;TG;TG032+TK1128;BKK;CAI;IST;115;1080;330;1111111;Boeing 787-9|Boeing 737 MAX 8;497;1;1;1;0;0;0;516;73;625-125
5099;AC;AC1213+AC056;PTP;DUB;YUL;840;800;145;0111011;A321|A330-300;433;1;0;1;1;0;1;585;69;290-365
5100;DL;DL026+KL1228;JFK;BOD;AMS;1055;715;170;1111111;A330-900neo|Embraer 195-E2;443;1;0;1;1;0;0;397;79;440-105
5101;AM;AM016+AF1047;MEX;CDG;LHR;1225;960;245;1111111;Boeing 787-8|A321;589;1;0;1;1;0;0;521;71;660-55
5102;BA;BA1539+BA028;DUB;BKK;LHR;505;955;200;1111111;A320neo|A380-800;631;1;0;1;1;1;0;754;65;65-690
5103;TK;TK055+TK1058;GRU;BER;IST;1195;1130;160;1111111;Boeing 787-9|A321neo;671;1;1;1;1;1;1;690;75;795-175
5104;SK;SK205+SK1242;LAX;MXP;CPH;1165;890;90;0111111;A330-300|A320neo;576;1;0;1;1;1;0;683;79;680-120
5105;BA;BA1439+BA1486;AMS;LIS;LHR;750;520;295;1111111;A319|A320neo;186;1;0;0;1;0;0;142;69;65-160
5106;KE;KE1203+KE028;BKK;MXP;ICN;1035;1715;580;1010100;A321neo|Boeing 777-300ER;622;1;1;1;1;1;0;823;76;290-845
5107;MS;MS1459+MS1416;DXB;BER;CAI;615;595;105;1111111;Boeing 737-800|A220-300;336;1;1;1;0;0;0;386;62;240-250
5108;LH;LH1199+LH456;BRU;SFO;MUC;600;975;135;1011101;Embraer 190|A340-600;605;1;0;1;1;0;0;765;64;75-765
5109;SQ;SQ024+LH1050;SIN;BER;FRA;580;970;70;1111111;A380-800|A319;686;1;0;1;0;0;0;811;72;835-65
5110;AA;AA016+BA1426;JFK;TLS;LHR;1140;695;180;1111111;Boeing 777-300ER|A320neo;428;1;0;1;1;1;0;434;76;420-95
5111;AC;AC046+AZ1106;YUL;IST;FCO;1220;725;105;1111111;Boeing 777-300ER|A220-100;539;1;0;1;1;0;0;543;65;490-130
5112;IB;IB1294+QR051;MAD;DOH;LIS;655;765;255;1111111;A321XLR|A350-1000;413;1;0;1;1;0;0;360;85;80-430
5113;LH;LH1089+LH1114;BRU;CMN;FRA;595;465;185;1111111;Embraer 190|A320neo;217;1;0;0;1;1;0;183;65;55-225
5114;LH;LH428+AC1204;FRA;LAX;YUL;835;970;120;1111111;A340-600|Boeing 777-300ER;565;1;0;1;1;0;0;755;73;500-350
5115;KL;KL519+KL1328;SFO;PRG;AMS;1175;855;110;1111111;Boeing 777-300ER|Embraer 195-E2;613;1;0;1;0;1;0;630;73;660-85
5116;KL;KL1257+KL520;MUC;YUL;AMS;520;770;205;1111111;Boeing 737-800|Boeing 777-300ER;431;1;0;1;0;0;0;424;73;90-475
5117;AF;AF037+AF070;SIN;FDF;CDG;125;1735;280;1111111;A330-200|A350-900;978;1;1;1;1;1;1;1072;74;870-585
5118;KE;KE014+AF1066;ICN;FRA;CDG;610;1145;235;1111111;A330-300|A320;536;1;0;1;0;0;0;625;71;845-65
5119;TP;TP1332+SQ035;OPO;SIN;ZRH;815;960;80;1111111;A321LR|Boeing 787-10;770;1;0;1;0;0;0;665;62;145-735
5120;AF;AF041+AF1106;HKG;OPO;CDG;655;1060;120;1111111;A330-200|A318;620;1;0;1;1;0;0;746;73;810-130
5121;AF;AF1163+AF074;IST;EZE;CDG;620;1235;145;1101010;A320|A330-200;708;1;0;1;0;0;0;899;74;220-870
5122;TP;TP1255+TP1294;MUC;CMN;LIS;835;365;80;1111111;A321neo|A321LR;226;1;0;0;0;1;0;185;65;205-80
5123;BA;BA1499+QF015;FCO;SYD;LHR;930;1680;275;1111111;A320neo|Boeing 787-9;980;1;0;1;1;1;0;1051;68;150-1255
5124;KL;KL1289+KL502;OPO;DXB;AMS;830;630;85;1111111;Embraer 195-E2|Boeing 777-300ER;428;1;0;1;0;1;0;443;79;155-390
5125;LX;LX1431+LX600;AMS;JNB;ZRH;510;940;210;1011111;A220-300|A340-300;675;1;0;1;0;1;0;680;69;80-650
5126;AZ;AZ1061+SQ031;BCN;SIN;FCO;495;1360;515;1111111;A321|Boeing 787-10;648;1;0;1;0;0;0;634;75;90-755
5127;EK;EK037+EK088;LGW;JNB;DXB;910;1145;220;1111111;A380-800|A380-800;683;1;1;1;1;1;1;888;81;410-515
5128;AF;AF071+AF1118;FDF;MXP;CDG;1220;845;255;1111111;A350-900|A318;496;1;0;1;1;1;0;435;80;515-75
5129;AZ;AZ1036+LH1102;FCO;DUB;FRA;850;320;95;1111111;A320neo|A320neo;186;1;0;0;0;0;0;172;70;105-120
5130;QR;QR075+QR096;JNB;SFO;DOH;1155;1775;285;0101010;Boeing 777-300ER|Boeing 777-300ER;1088;1;1;1;1;1;1;1250;83;490-1000
5131;EK;EK097+EK058;DPS;FCO;DXB;1100;1180;200;1111111;A350-900|A350-900;722;1;1;1;1;1;1;646;74;600-380
5132;AA;AA022+BA1456;JFK;MUC;LHR;1375;670;155;1111111;Boeing 777-300ER|A321neo;474;1;0;1;0;1;0;439;77;420-95
5133;KL;KL1201+KL530;CDG;JNB;AMS;445;1040;285;1111111;Boeing 737-800|Boeing 777-300ER;588;1;0;1;0;0;0;626;70;60-695
5134;AF;AF025+AF1170;DXB;RAK;CDG;260;765;110;1111111;A330-200|A318;417;1;0;1;1;0;0;511;79;445-210
5135;AF;AF1007+AF046;NCE;HND;CDG;840;1310;375;1111111;A321|Boeing 777-300ER;618;1;0;1;0;0;0;700;74;95-840
5136;AT;AT511+AT1222+BA1582;GRU;PMI;CMN-LGW;1210;1240;255-80;1111111;Boeing 787-9|Boeing 737 MAX 8|A320neo;460;1;0;1;0;0;0;661;63;580-195-130
5137;KL;KL1323+KL530;DUB;JNB;AMS;590;835;50;1111111;Boeing 737-800|Boeing 777-300ER;574;1;0;1;0;1;0;661;70;90-695
5138;LH;LH1019+LH432;MRS;CUN;FRA;600;945;125;1111111;A320neo|A350-900;582;1;0;1;1;1;0;535;63;95-725
5139;QR;QR071+QR074;ALG;JNB;DOH;930;1275;415;0101010;A350-1000|Boeing 777-300ER;588;1;1;1;1;1;1;664;82;360-500
5140;EK;EK037+EK096;LGW;DPS;DXB;910;1330;345;1111111;A380-800|A350-900;819;1;1;1;1;1;1;818;86;410-575
5141;BA;BA061+BA1592;CUN;FCO;LGW;1185;895;170;0101010;A350-1000|A319;547;1;0;1;1;1;0;576;67;595-130
5142;AC;AC1213+LH459;PTP;MUC;YUL;840;850;100;1111111;A321|A340-600;505;1;0;1;1;0;1;735;70;290-460
5143;AF;AF1181+KL1205;ALG;AMS;CDG;550;335;140;1111111;A318|Boeing 737-900;192;1;0;1;0;0;0;177;74;135-60
5144;LX;LX1503+LX1516;LHR;BCN;GVA;820;250;70;1111111;A320neo|A220-300;161;1;0;1;0;1;0;117;73;90-90
5145;TK;TK049+MS1451;YUL;CAI;IST;1185;1040;345;1111111;A330-300|A320neo;573;1;1;1;1;0;0;606;70;570-125
5146;IB;IB1337+IB1284;CPH;BCN;MAD;850;335;65;1111111;A320neo|A321neo;184;1;0;0;0;0;0;179;86;205-65
5147;TP;TP209+TP1292;YUL;CMN;LIS;1175;655;180;1111111;A321LR|A321neo;397;1;0;1;0;1;0;338;60;395-80
5148;AC;AC050+LX1530;YUL;VIE;GVA;1215;770;235;1010101;Boeing 787-9|A321neo;427;1;0;1;1;1;0;391;72;445-90
5149;AA;AA022+BA1404;JFK;CDG;LHR;1375;750;275;1111111;Boeing 777-300ER|A319;419;1;0;1;0;0;0;395;71;420-55
5150;AF;AF079+AF1192;FDF;NCE;ORY;1210;695;95;0101010;A350-900|A220-300;468;1;0;1;1;0;0;431;75;515-85
5151;LH;LH1077+SQ025;MXP;SIN;FRA;590;1250;445;1111111;Embraer 190|A380-800;709;1;0;1;0;0;0;817;61;70-735
5152;OS;OS1037+OS1062;BCN;PRG;VIE;610;290;105;1111111;Embraer 195|A321;169;1;0;0;0;0;0;165;78;130-55
5153;AF;AF075+AF1072;EZE;MUC;CDG;1205;1240;315;0110101;A330-200|A220-300;750;1;0;1;1;0;0;779;80;840-85
5154;AT;AT1273+AT1282;TUN;RAK;CMN;850;280;60;1111111;Boeing 737-800|Boeing 737-800;159;1;1;1;0;0;0;153;62;175-45
5155;AF;AF1109+KE015;FCO;ICN;CDG;520;1390;505;1111111;A320|A330-300;619;1;0;1;0;0;0;690;76;120-765
5156;UA;UA1407+TK047;LAX;IST;SFO;760;1245;360;1111111;A320|A330-300;745;1;0;1;1;0;1;754;74;80-805
5157;AZ;AZ1106+TK022;FCO;DEL;IST;735;660;180;1111111;A220-100|Boeing 777-300ER;402;1;0;1;1;1;0;412;75;130-350
5158;KL;KL1200+AF070;AMS;FDF;CDG;460;980;330;1111111;Boeing 737-800|A350-900;481;1;0;1;1;1;0;415;77;65-585
5159;LX;LX1493+LX1462;IST;OPO;ZRH;590;490;145;1111111;A220-300|A321neo;322;1;0;1;0;0;0;220;76;180-165
5160;TK;TK1021+TG035;MRS;BKK;IST;855;870;145;1111111;A320neo|A350-900;556;1;1;1;0;1;0;541;80;175-550
5161;AC;AC042+TP1274;YUL;MXP;LIS;1210;910;360;1111111;Boeing 777-300ER|A321LR;422;1;0;1;0;1;0;451;60;395-155
5162;AF;AF033+AF1182;BKK;ALG;CDG;115;1240;335;1111111;A350-900|A220-300;618;1;0;1;1;1;0;631;78;770-135
5163;LX;LX1499+LX612;CAI;HKG;ZRH;820;1075;135;1111111;A220-300|A340-300;628;1;0;1;1;1;0;878;71;245-695
5164;LH;LH429+LH1122;YUL;CAI;FRA;1185;960;285;1111111;A340-600|Embraer 190;545;1;0;1;1;0;0;671;63;440-235
5165;AF;AF1077+AF030;BER;DEL;CDG;870;810;225;1111111;A318|Boeing 777-300ER;469;1;0;1;0;0;0;512;77;100-485
5166;TK;TK1105+MS1451;PRG;CAI;IST;605;540;275;1111111;Boeing 737 MAX 8|A320neo;213;1;1;1;0;1;0;231;70;140-125
5167;AZ;AZ111+LX1527;GRU;GVA;FCO;1200;1135;320;1111111;A330-900neo|A220-300;578;1;0;1;1;1;0;573;74;720-95
5168;IB;IB1240+BA014;MAD;JNB;LHR;500;1060;240;1111111;A321neo|A350-1000;562;1;0;1;0;0;0;600;71;125-695
5169;AF;AF1041+AF056;LHR;SFO;CDG;490;1035;245;1111111;A318|A330-200;555;1;0;1;1;0;0;617;75;55-735
5170;EK;EK113+EK094;MIA;SIN;DXB;1290;1955;585;1111111;Boeing 777-300ER|A350-900;988;1;1;1;1;1;1;1139;74;915-455
5171;LH;LH1087+LH418;GVA;ICN;FRA;1045;855;55;1111111;A321|A340-600;557;1;0;1;0;0;0;685;64;65-735
5172;AZ;AZ1017+AZ116;MRS;HND;FCO;1075;1060;140;1111111;A320neo|A350-900;602;1;0;1;0;1;0;591;83;75-845
5173;AM;AM018+KL1218;MEX;LYS;AMS;1205;950;175;1111111;Boeing 787-9|Embraer 195-E2;589;1;0;1;1;1;0;564;80;680-95
5174;BA;BA1431+BA046;BOD;LAX;LHR;585;915;95;1111111;A319|Boeing 777-300ER;559;1;0;1;1;0;0;643;73;95-725
5175;AZ;AZ1125+AC047;CAI;YUL;FCO;615;855;85;1111111;A220-100|Boeing 777-300ER;569;1;0;1;1;1;0;573;76;215-555
5176;AT;AT1281+AT504;RAK;JFK;CMN;625;715;175;1111111;Boeing 737 MAX 8|Boeing 787-8;386;1;1;1;0;0;0;333;60;45-495
5177;AI;AI026+LX1477;DEL;ZRH;VIE;650;735;175;0111011;Boeing 777-300ER|A321neo;437;1;0;1;1;0;0;411;65;470-90
5178;BA;BA1423+BA020;MRS;DXB;LHR;810;870;350;1111111;A320neo|A380-800;385;1;0;1;0;0;0;494;71;110-410
5179;LX;LX629+LX1426;GRU;LHR;ZRH;1170;930;95;0011011;A330-300|A321neo;676;1;0;1;0;1;0;691;66;730-105
5180;AF;AF1153+AF1104;PRG;OPO;CDG;550;430;200;1111111;A321|A321;187;1;0;1;0;0;0;208;81;100-130
5181;AT;AT1281+AT1212;RAK;TLS;CMN;625;355;180;1011111;Boeing 737 MAX 8|Boeing 737-800;152;1;1;1;0;1;0;155;60;45-130
5182;AF;AF1171+AF1160;RAK;ATH;CDG;625;650;270;1111111;A318|A320;244;1;0;1;1;1;0;339;74;195-185
5183;AT;AT1236+IB1230;CMN;TLS;MAD;855;295;125;1111111;Boeing 737-800|A321XLR;145;1;0;1;0;0;0;132;67;95-75
5184;TP;TP1282+TG031;LIS;BKK;BRU;820;950;120;1111111;A320neo|Boeing 777-300ER;614;1;0;1;1;1;0;717;55;160-670
5185;BA;BA1485+QR029;LIS;DOH;LHR;585;665;115;1111111;A319|A350-1000;452;1;0;1;0;0;0;411;77;155-395
5186;IB;IB1249+IB514;AMS;CUN;MAD;500;1000;175;1111111;A321neo|A330-300;573;1;0;1;1;0;0;640;85;150-675
5187;AF;AF1175+AF1044;TUN;LHR;CDG;535;370;160;1111111;A321|A320;197;1;0;1;1;0;0;183;72;150-60
5188;BA;BA049+BA034;LAX;SIN;LHR;1290;1735;305;1111111;A350-1000|Boeing 787-9;865;1;1;1;1;1;0;1072;67;655-775
5189;TP;TP1227+TP204;MRS;MIA;LIS;590;860;150;1111111;A320neo|A330-900neo;541;1;0;1;0;1;0;474;57;140-570
5190;LX;LX1436+LH416;ZRH;HKG;FRA;575;1260;515;1111111;A321neo|A340-600;642;1;0;1;0;0;0;708;69;55-690
5191;BA;BA1441+BA1482;AMS;BCN;LHR;900;435;255;1111111;A320neo|A321neo;158;1;0;0;0;1;0;127;77;65-115
5192;BA;BA1435+BA024;AMS;MLE;LHR;450;1365;680;1111111;A320neo|A380-800;530;1;0;1;0;0;0;669;66;65-620
5193;IB;IB519+IB1204;EZE;CDG;MAD;1190;1065;190;1101111;A330-300|A321XLR;726;1;0;1;1;1;0;745;90;765-110
5194;AF;AF1017+AF018;MRS;JNB;CDG;670;835;75;1111111;A321|A330-200;538;1;0;1;1;1;0;633;72;90-670
5195;LX;LX1465+LX620;FCO;MIA;ZRH;500;980;225;1111111;A320neo|Boeing 777-300ER;567;1;0;1;0;1;0;568;72;90-665
5196;TK;TK032+NH1207;IST;HND;ICN;1165;870;80;1111111;A330-300|Boeing 737-800;556;1;1;1;1;0;1;636;76;675-115
5197;LX;LX629+LX606;GRU;DEL;ZRH;1170;1605;420;0010011;A330-300|A330-300;959;1;1;1;0;1;1;1024;66;730-455
5198;KL;KL1225+KL530;TLS;JNB;AMS;595;890;90;1111111;Boeing 737-800|Boeing 777-300ER;533;1;0;1;0;0;0;686;70;105-695
5199;DL;DL026+KL1338;JFK;CAI;AMS;1055;885;185;1111111;A330-900neo|Embraer 195-E2;567;1;0;1;1;1;0;540;71;440-260
5200;SQ;SQ039+SQ1006;BRU;BKK;SIN;1105;1140;245;1111111;A380-800|Boeing 737 MAX 8;704;1;1;1;1;1;1;908;77;755-140
5201;UU;UU1401+UU602;JNB;LYS;RUN;820;1080;145;1101010;Boeing 737-800|Boeing 787-8;565;1;1;1;0;0;0;717;73;225-710
5202;AF;AF1077+AF1184;BER;ALG;CDG;870;445;210;1111111;A318|A320;199;1;0;1;0;0;0;223;72;100-135
5203;KE;KE1205+AM029;HKG;MEX;ICN;800;1145;80;1111111;Boeing 737-900|Boeing 787-8;778;1;1;1;1;0;0;826;81;190-875
5204;LX;LX613+LX1446;HKG;BER;ZRH;590;945;75;1111111;A340-300|A321neo;667;1;0;1;1;1;0;748;70;785-85
5205;MS;MS1447+MS602;IST;ABJ;CAI;535;715;205;1111101;A220-300|Boeing 777-300ER;378;1;1;1;0;1;0;406;63;125-385
5206;BA;BA1471+BA1568;MAD;CAI;LHR;835;540;140;1111111;A320neo|A319;291;1;0;0;1;0;0;387;73;125-275
5207;EK;EK093+EK062;BKK;MXP;DXB;1235;1180;365;1111111;Boeing 777-300ER|Boeing 777-300ER;625;1;1;1;1;1;1;625;82;410-405
5208;LX;LX1497+LX616;CMN;ICN;ZRH;805;1075;135;1010101;A320neo|A330-300;755;1;0;1;0;0;0;707;67;190-750
5209;IB;IB511+IB1362;SFO;RAK;MAD;1210;950;150;1111111;A330-200|A321XLR;647;1;0;1;1;0;0;696;87;685-115
5210;AA;AA018+BA1562;JFK;RAK;LHR;1205;760;120;1111111;Boeing 787-9|A319;419;1;0;1;0;0;0;486;68;420-220
5211;LX;LX609+LX1484;BKK;DUB;ZRH;605;925;50;1111111;A330-300|A220-300;722;1;0;1;0;1;0;692;70;740-135
5212;AA;AA016+BA1558;JFK;CMN;LHR;1140;810;185;1111111;Boeing 777-300ER|A321neo;478;1;0;1;1;1;0;501;67;420-205
5213;AF;AF037+AF1182;SIN;ALG;CDG;125;1290;285;1111111;A330-200|A220-300;636;1;0;1;1;1;0;812;74;870-135
5214;KL;KL527+KL1332;GRU;ATH;AMS;1160;1290;350;1111111;A330-300|Embraer 195-E2;666;1;0;1;1;1;0;782;72;745-195
5215;SN;SN1273+SN1228;TUN;BER;BRU;810;300;55;1111111;A319|A320;197;1;0;0;0;0;0;195;69;165-80
5216;LH;LH433+LH406;CUN;JNB;FRA;1170;1395;90;0010011;A350-900|A340-600;755;1;1;1;0;1;0;1119;65;635-670
5217;LH;LH1179+LH1158;OPO;AMS;MUC;820;330;75;1111111;A320neo|A321;185;1;0;0;0;0;0;187;67;165-90
5218;UA;UA018+LH1050;SFO;BER;FRA;1160;870;120;1111111;Boeing 777-300ER|A319;588;1;0;1;1;0;0;638;72;685-65
5219;AF;AF1123+AF058;ZRH;YUL;CDG;545;635;85;1111111;A320|A330-200;441;1;0;1;1;0;0;407;77;75-475
5220;BA;BA1539+BA1504;DUB;MXP;LHR;505;425;265;1111111;A320neo|A319;155;1;0;0;0;0;0;131;79;65-95
5221;QF;QF014+BA1436;SYD;AMS;LHR;1095;1595;225;1111111;Boeing 787-9|A321neo;914;1;0;1;1;1;0;960;68;1310-60
5222;TP;TP1326+NH021;OPO;HND;LHR;830;1280;325;1111111;A321neo|Boeing 787-9;712;1;0;1;1;0;0;633;58;125-830
5223;KL;KL1323+KL526;DUB;GRU;AMS;590;925;65;1111111;Boeing 737-800|A330-300;615;1;0;1;1;1;0;710;76;90-770
5224;EK;EK091+EK116;BKK;SFO;DXB;135;1565;160;1111111;A380-800|A380-800;869;1;1;1;1;1;1;1340;78;410-995
5225;LH;LH423+LH1106;MIA;PRG;FRA;1185;1000;360;1111111;Boeing 747-8|A320neo;565;1;0;1;1;1;0;614;65;580-60
5226;AZ;AZ1080+LX616;FCO;ICN;ZRH;835;1045;205;1010101;A321|A330-300;583;1;0;1;1;0;0;638;78;90-750
5227;LX;LX1473+LX616;MXP;ICN;ZRH;1035;845;50;1010101;A220-300|A330-300;642;1;0;1;0;0;0;585;76;45-750
5228;BA;BA027+BA179;DEL;JFK;LHR;620;1130;90;1111111;Boeing 777-300ER|A350-1000;634;1;1;1;1;0;0;740;65;560-480
5229;TG;TG032+TK1044;BKK;AMS;IST;115;950;105;1111111;Boeing 787-9|A321neo;613;1;1;1;0;0;0;557;77;625-220
5230;LH;LH417+LH1086;HKG;GVA;FRA;625;920;75;1111111;A340-600|A321;591;1;0;1;0;0;0;730;62;775-70
5231;AF;AF1193+AF080;NCE;RUN;ORY;660;900;100;1111111;A220-300|Boeing 777-300ER;545;1;0;1;1;1;0;665;73;90-710
5232;TG;TG027+TG1216;ZRH;HKG;BKK;1175;1130;310;1111111;Boeing 777-300ER|A320neo;555;1;1;1;1;1;0;702;82;655-165
5233;AF;AF071+KE015;FDF;ICN;CDG;1220;1830;550;1111111;A350-900|A330-300;839;1;1;1;0;1;0;955;80;515-765
5234;SN;SN1218+UA019;BRU;SFO;FRA;580;970;170;1111111;A319|Boeing 777-300ER;550;1;0;1;0;1;0;625;65;55-745
5235;TG;TG017+TG1212;CDG;DPS;BKK;1300;1090;165;1111111;A350-900|A320neo;771;1;1;1;0;1;0;715;79;680-245
5236;QR;QR083+QR066;HKG;CMN;DOH;1135;1520;485;1100100;Boeing 777-300ER|A350-1000;692;1;1;1;1;1;1;722;83;540-495
5237;BA;BA1481+BA026;BCN;DEL;LHR;940;755;140;1111111;A320neo|Boeing 777-300ER;469;1;0;1;1;1;0;534;71;120-495
5238;LH;LH1155+SQ027;AMS;SIN;MUC;505;1315;510;1111111;Embraer 190|A380-800;637;1;0;1;1;0;0;818;62;85-720
5239;SN;SN1252+LX1420;BRU;BOD;ZRH;550;370;195;0111011;A320|A321neo;129;1;0;1;0;0;0;113;75;70-105
5240;IB;IB1249+IB1376;AMS;DSS;MAD;500;615;190;1111111;A321neo|A321neo;361;1;0;0;0;0;0;335;82;150-275
5241;QF;QF028+IB505;SYD;MAD;JFK;770;1860;245;1111111;A380-800|A330-200;996;1;1;1;0;0;0;1571;82;1185-430
5242;LX;LX1497+LX612;CMN;HKG;ZRH;805;1030;145;1111111;A320neo|A340-300;799;1;0;1;0;1;0;833;67;190-695
5243;TK;TK1111+TK1134;ATH;DXB;IST;825;430;115;1111111;A320neo|Boeing 737 MAX 8;294;1;1;1;0;0;1;250;74;75-240
5244;AC;AC060+LH1115;YUL;FRA;CMN;1190;930;300;1111111;A330-300|A320neo;405;1;0;1;0;1;0;522;69;425-205
5245;TK;TK1045+TK036;AMS;HND;IST;620;1310;350;1111111;A321neo|A350-900;637;1;1;1;0;1;1;636;79;195-765
5246;TG;TG1200+AI036;BKK;YUL;DEL;615;1495;350;1111111;A320neo|Boeing 787-8;743;1;1;1;1;1;0;814;66;255-890
5247;LH;LH455+LH1158;LAX;AMS;MUC;1165;945;140;1111111;Boeing 747-8|A321;564;1;0;1;0;0;0;785;68;715-90
5248;AF;AF1081+AF1124;MAD;ZRH;CDG;525;395;220;1111111;A318|A321;145;1;0;1;1;0;0;154;73;110-65
5249;EI;EI1439+EI602;BER;MIA;DUB;575;885;165;1111111;A321neo|A321XLR;552;1;0;1;0;1;0;477;68;145-575
5250;EK;EK1003+EK098;ATH;HKG;DXB;1040;1170;475;1111111;Boeing 777-300ER|A350-900;595;1;1;1;1;0;1;585;77;255-440
5251;AF;AF027+AF1078;DXB;BER;CDG;820;615;80;1111111;Boeing 777-300ER|A220-300;373;1;0;1;1;1;0;412;77;445-90
5252;AF;AF1007+KE015;NCE;ICN;CDG;840;1070;210;1111111;A321|A330-300;631;1;0;1;0;0;0;650;74;95-765
5253;BA;BA1466+IB506;LHR;MIA;MAD;465;925;190;1111111;A321neo|A330-200;495;1;0;1;0;0;0;567;75;130-605
5254;LX;LX1464+AZ106;ZRH;LAX;FCO;505;1155;240;1111111;A320neo|A350-900;658;1;0;1;0;1;0;615;68;85-830
5255;AF;AF071+AF044;FDF;HND;CDG;1220;1570;215;1111111;A350-900|A330-200;814;1;1;1;1;1;0;1006;80;515-840
5256;DL;DL075+DL042;HND;LIS;JFK;1025;1490;275;1111111;Boeing 767-400ER|A350-900;699;1;1;1;1;0;1;1108;90;810-405
5257;QF;QF014+BA1446;SYD;FRA;LHR;1095;1515;125;1111111;Boeing 787-9|A321neo;981;1;0;1;1;1;0;984;76;1310-80
5258;LH;LH1038+AZ1029;FRA;FCO;AMS;520;325;135;1111111;Embraer 190|A320neo;133;1;0;0;0;0;0;146;75;65-125
5259;BA;BA1431+BA044;BOD;MIA;LHR;585;885;185;1111111;A319|Boeing 787-9;535;1;0;1;1;0;0;462;73;95-605
5260;IB;IB515+IB1316;CUN;MXP;MAD;1200;850;150;1111111;A330-300|A320neo;589;1;0;1;0;0;0;614;83;585-115
5261;IB;IB509+IB1218;LAX;NCE;MAD;1195;940;150;1111111;A330-200|A321XLR;627;1;0;1;1;0;0;691;84;690-100
5262;AA;AA022+BA1422;JFK;MRS;LHR;1375;685;160;1111111;Boeing 777-300ER|A320neo;470;1;0;1;0;0;0;443;66;420-105
5263;LH;LH1215+LH454;PRG;LAX;MUC;595;1010;170;1111111;Embraer 190|Boeing 747-8;632;1;0;1;1;0;0;745;65;55-785
5264;AC;AC038+LH1055;YUL;FRA;MAD;1205;825;275;1111111;A330-300|Embraer 190;445;1;0;1;0;0;0;503;66;415-135
5265;OS;OS1026+LH438;VIE;DXB;MUC;590;675;260;1111111;A321|A350-900;359;1;0;1;0;0;0;285;72;65-350
5266;TK;TK025+TK054;BKK;GRU;IST;110;1810;350;1111111;Boeing 787-9|Boeing 787-9;883;1;1;1;1;1;1;987;73;625-835
5267;AF;AF1061+AF072;FRA;GRU;CDG;510;1075;260;1111111;A321|A350-900;584;1;0;1;1;0;0;558;76;70-745
5268;QR;QR024+BA046;DOH;LAX;LHR;160;1460;290;1111111;Boeing 777-300ER|Boeing 777-300ER;889;1;1;1;1;0;0;910;78;445-725
5269;LH;LH1101+LH412;DUB;BKK;FRA;585;1160;405;1111111;Embraer 190|A340-600;639;1;0;1;0;0;0;781;64;105-650
5270;EI;EI605+EI1444;LAX;MAD;DUB;1180;980;220;1111111;A321XLR|A321neo;625;1;0;1;0;0;0;576;75;620-140
5271;TP;TP209+TP1302;YUL;ALG;LIS;1175;680;175;1111111;A321LR|A320neo;433;1;0;1;0;1;0;379;65;395-110
5272;KE;KE018+KL1302;ICN;MXP;AMS;585;1115;210;1111111;Boeing 787-9|Boeing 737-900;542;1;0;1;0;1;0;547;74;810-95
5273;BA;BA174+BA1478;JFK;BCN;LHR;1190;785;250;1111111;A380-800|A319;421;1;0;1;1;0;0;529;74;420-115
5274;LH;LH1029+LH430;LHR;MEX;FRA;580;985;110;1111111;Embraer 190|A340-600;608;1;0;1;1;1;0;779;63;80-795
5275;OS;OS401+OS1048;MLE;MXP;VIE;630;755;60;1100100;Boeing 787-9|Embraer 195;561;1;0;1;0;0;0;462;72;600-95
5276;OS;OS1061+OS404;DUB;HND;VIE;840;1055;115;1111111;Embraer 195|Boeing 787-9;617;1;0;1;0;0;0;635;76;155-785
5277;SQ;SQ024+LH1008;SIN;CDG;FRA;580;1100;195;1111111;A380-800|A319;700;1;0;1;0;0;0;813;72;835-70
5278;IB;IB1353+CX023;CMN;HKG;MAD;530;1445;560;1111111;A321XLR|Boeing 777-300ER;678;1;0;1;1;0;0;756;78;95-790
5279;AF;AF1037+SK1203;NTE;CPH;CDG;625;285;120;1111111;A220-300|A321LR;160;1;0;1;0;0;0;116;72;60-105
5280;SN;SN1220+LH412;BRU;BKK;FRA;1010;795;90;1111111;A320|A340-600;559;1;0;1;0;0;0;703;63;55-650
5281;AF;AF1183+AF1156;ALG;PRG;CDG;860;390;165;1111111;A220-300|A220-300;173;1;0;1;0;1;0;187;75;135-90
5282;LH;LH419+LH1016;ICN;LYS;FRA;625;980;90;1111111;A340-600|A321;628;1;0;1;1;0;0;693;62;810-80
5283;LH;LH439+LH1166;DXB;MAD;MUC;400;760;210;1111111;A350-900|A321;434;1;0;1;0;1;0;399;68;395-155
5284;AF;AF073+AF036;GRU;SIN;CDG;1225;1555;70;1111111;A350-900|A330-200;940;1;1;1;0;1;0;1211;71;720-765
5285;KL;KL1290+AM025;AMS;MEX;FCO;470;1245;275;1111111;Boeing 737-800|Boeing 787-8;596;1;0;1;1;0;0;688;76;125-845
5286;AT;AT507+AT1216;MIA;NTE;CMN;1185;885;220;0101000;Boeing 787-8|Boeing 737-800;437;1;1;1;0;0;0;508;64;510-155
5287;OS;OS1023+OS406;FRA;JFK;VIE;605;785;130;1111111;A320|Boeing 777-200ER;484;1;0;1;0;0;0;571;81;80-575
5288;SN;SN1227+SN1270;BER;RAK;BRU;565;450;130;1111111;A319|A320;253;1;0;0;0;0;0;255;64;90-230
5289;AF;AF063+AF1026;YUL;TLS;CDG;1335;585;85;1111111;A350-900|A320;426;1;0;1;1;0;0;362;82;415-85
5290;AF;AF1147+AF026;DUB;DXB;CDG;565;915;425;1111111;A321|Boeing 777-300ER;433;1;0;1;1;0;0;419;73;95-395
5291;LH;LH1117+LH1032;TUN;LHR;FRA;610;370;135;1111111;Embraer 190|A321;179;1;0;0;0;0;0;212;68;145-90
5292;BA;BA1419+QR035;LYS;DOH;LHR;1120;620;125;1111111;A320neo|A380-800;381;1;0;1;1;1;0;455;77;100-395
5293;LH;LH1030+SQ021;FRA;SIN;LHR;740;1345;480;1111111;A320neo|A380-800;645;1;0;1;0;0;0;868;68;90-775
5294;AI;AI019+TG1201;AMS;BKK;DEL;1190;845;130;1111111;A350-900|A320neo;537;1;1;1;0;0;0;546;71;470-245
5295;LX;LX1449+LX606;MAD;DEL;ZRH;490;1085;510;1001001;A321neo|A330-300;584;1;0;1;0;1;0;504;66;120-455
5296;IB;IB1240+BA044;MAD;MIA;LHR;500;970;240;1111111;A321neo|Boeing 787-9;509;1;0;1;0;0;0;493;75;125-605
5297;KL;KL523+SK1219;MEX;CPH;AMS;1170;945;185;1111111;Boeing 777-300ER|A320neo;624;1;0;1;1;0;0;652;72;680-80
5298;AF;AF1085+AF038;MAD;SIN;CDG;960;1110;235;1111111;A320|Boeing 777-300ER;732;1;0;1;0;0;0;803;76;110-765
5299;AA;AA037+AA1038;FCO;MEX;JFK;740;1005;130;1111111;Boeing 777-200ER|Boeing 737-800;652;1;0;1;1;0;1;782;73;580-295
5300;DL;DL1427+DL1418;YUL;SFO;JFK;700;720;275;1111111;Boeing 757-200|Boeing 767-400ER;356;1;0;0;1;0;1;444;77;75-370
5301;EK;EK081+EK098;TUN;HKG;DXB;895;1255;475;1111111;A380-800|A350-900;646;1;1;1;1;1;1;655;77;340-440
5302;LX;LX1445+LX604;BER;MLE;ZRH;565;1125;465;1110110;A320neo|Boeing 777-300ER;614;1;0;1;1;1;0;562;67;90-570
5303;AZ;AZ1097+AZ1118;CPH;TUN;FCO;830;325;90;1111111;A320neo|A321;200;1;0;0;0;0;0;161;83;155-80
5304;TK;TK1127+TK054;CAI;GRU;IST;530;1090;125;1111111;A321neo|Boeing 787-9;662;1;1;1;1;1;1;682;71;130-835
5305;SK;SK1225+SK200;MUC;JFK;CPH;570;760;140;1111111;A321LR|A330-300;449;1;0;1;1;0;0;470;75;90-530
5306;AF;AF1123+AF066;ZRH;CUN;CDG;545;1005;235;1111111;A320|A330-200;605;1;0;1;1;0;0;582;74;75-695
5307;KL;KL1251+KL530;FRA;JNB;AMS;505;980;220;1111111;Embraer 195-E2|Boeing 777-300ER;584;1;0;1;0;0;0;617;70;65-695
5308;BA;BA047+BA1418;LAX;LYS;LHR;1090;1075;330;1111111;Boeing 777-300ER|A320neo;608;1;0;1;0;1;0;633;71;655-90
5309;UU;UU1401+UU604;JNB;MRS;RUN;820;1075;155;1011101;Boeing 737-800|Boeing 787-8;520;1;1;1;0;0;0;707;69;225-695
5310;LX;LX1445+SN1255;BER;BRU;ZRH;565;520;355;1111111;A320neo|A319;139;1;0;1;1;0;0;103;74;90-75
5311;TK;TK025+TK1040;BKK;LGW;IST;110;980;115;1111111;Boeing 787-9|A320neo;621;1;1;1;0;0;1;576;73;625-240
5312;AT;AT511+AT1232;GRU;BER;CMN;1210;1045;240;1111111;Boeing 787-9|Boeing 737-800;546;1;1;1;0;0;0;628;71;580-225
5313;LH;LH1117+LH420;TUN;HND;FRA;610;1345;395;1111111;Embraer 190|A340-600;645;1;0;1;1;0;0;847;64;145-805
5314;QR;QR075+QR076;JNB;BKK;DOH;1155;1120;215;1101010;Boeing 777-300ER|Boeing 777-300ER;661;1;1;1;1;1;1;749;87;490-415
5315;IB;IB515+IB500;CUN;DOH;MAD;1200;1210;225;1111111;A330-300|A330-200;796;1;1;1;0;1;0;864;83;585-400
5316;EK;EK093+EK084;BKK;DSS;DXB;1235;1330;310;1111111;Boeing 777-300ER|Boeing 777-300ER;811;1;1;1;1;1;1;811;84;410-610
5317;LX;LX1507+LX1530;NCE;VIE;GVA;585;320;175;1111111;A220-300|A321neo;143;1;0;1;1;1;0;94;73;55-90
5318;IB;IB1265+IB1362;MUC;RAK;MAD;840;420;150;1111111;A320neo|A321XLR;204;1;0;0;0;0;0;215;88;155-115
5319;AF;AF1119+AF1038;MXP;NTE;CDG;860;280;130;1111111;A318|A320;134;1;0;1;1;0;0;97;74;85-65
5320;BA;BA1409+BA1438;NCE;AMS;LHR;525;335;160;1111111;A321neo|A319;142;1;0;0;1;1;0;124;69;115-60
5321;TK;TK051+TG035;MEX;BKK;IST;1185;1560;175;1111111;A330-300|A350-900;937;1;1;1;0;1;0;1150;74;835-550
5322;KL;KL1279+KL504;BCN;DEL;AMS;710;915;320;1111111;Boeing 737-800|A330-300;461;1;0;1;1;0;0;538;74;125-470
5323;LH;LH1190+LX628;MUC;GRU;ZRH;600;970;155;0110110;A320neo|A330-300;660;1;0;1;0;1;0;646;68;55-760
5324;AF;AF055+AF1094;LAX;BCN;CDG;1325;880;110;1111111;A350-900|A318;642;1;0;1;1;0;0;583;77;675-95
5325;AF;AF1061+AF1004;FRA;NCE;CDG;510;310;155;1111111;A321|A320;129;1;0;1;0;0;0;114;76;70-85
5326;LH;LH1101+LH420;DUB;HND;FRA;585;1310;400;1111111;Embraer 190|A340-600;572;1;0;1;0;0;0;808;64;105-805
5327;EK;EK1023+EK058;DOH;FCO;DXB;1120;860;420;1111111;Boeing 777-300ER|A350-900;419;1;1;1;1;0;1;275;77;60-380
5328;AF;AF1037+AF020;NTE;RUN;CDG;625;930;160;1111111;A220-300|Boeing 777-300ER;634;1;0;1;0;1;0;640;72;60-710
5329;TK;TK017+TK1044;ABJ;AMS;IST;1325;760;140;1111111;A350-900|A321neo;403;1;1;1;1;1;1;428;70;400-220
5330;LX;LX1415+LX622;MRS;LAX;ZRH;570;1000;150;1111111;A320neo|A340-300;666;1;0;1;0;1;0;756;67;70-780
5331;IB;IB1225+IB506;MRS;MIA;MAD;630;820;110;1111111;A321neo|A330-200;487;1;0;1;0;1;0;529;82;105-605
5332;AF;AF1017+AF056;MRS;SFO;CDG;670;915;90;1111111;A321|A330-200;631;1;0;1;1;1;0;648;72;90-735
5333;SK;SK1202+KE015;CPH;ICN;CDG;790;1120;240;1111111;A321LR|A330-300;546;1;0;1;0;1;0;665;80;115-765
5334;KL;KL1200+AF1176;AMS;TUN;CDG;460;525;320;1111111;Boeing 737-800|A318;176;1;0;1;0;0;0;189;78;65-140
5335;TP;TP1250+SQ025;LIS;SIN;FRA;590;1190;280;1111111;A321neo|A380-800;738;1;0;1;0;1;0;894;60;175-735
5336;LH;LH1065+LH1032;LIS;LHR;FRA;585;335;70;1111111;A320neo|A321;176;1;0;0;0;0;0;191;68;175-90
5337;AA;AA1037+AA024;MEX;CDG;JFK;620;860;150;1111111;A321|Boeing 777-300ER;615;1;0;1;0;1;1;648;71;270-440
5338;QR;QR075+QR1220;JNB;DXB;DOH;1155;840;290;1101010;Boeing 777-300ER|Boeing 787-8;486;1;1;1;1;0;1;437;85;490-60
5339;AZ;AZ1101+LH1075;ATH;FRA;FCO;855;450;225;1111111;A220-100|A320neo;192;1;0;0;0;1;0;172;69;120-105
5340;MS;MS617+MS1450;YUL;IST;CAI;1180;1100;335;1111111;A330-300|A320neo;505;1;1;1;0;0;0;673;65;635-130
5341;LX;LX629+SN1255;GRU;BRU;ZRH;1170;1115;310;0011011;A330-300|A319;712;1;0;1;0;0;0;673;66;730-75
5342;AZ;AZ1047+AZ106;BER;LAX;FCO;540;1120;170;1111111;A220-100|A350-900;617;1;0;1;1;1;0;656;76;120-830
5343;AF;AF065+AF040;MEX;HKG;CDG;1210;1710;310;1111111;A330-200|A330-200;787;1;1;1;1;0;1;1221;80;680-720
5344;BA;BA1411+BA1524;NCE;BRU;LHR;820;435;265;1111111;A319|A321neo;134;1;0;0;1;0;0;133;65;115-55
5345;AZ;AZ1105+AZ1028;IST;AMS;FCO;495;480;200;1111111;A321|A320neo;200;1;0;0;1;1;0;246;78;145-135
5346;LX;LX610+SQ1006;ZRH;BKK;SIN;1135;1110;235;1111111;A330-300|Boeing 737 MAX 8;701;1;1;1;0;1;0;789;73;735-140
5347;AF;AF025+AF1110;DXB;FCO;CDG;260;780;225;1111111;A330-200|A321;376;1;0;1;1;0;0;451;79;445-110
5348;AI;AI021+TG1201;FRA;BKK;DEL;1195;840;140;1111111;Boeing 777-300ER|A320neo;537;1;1;1;0;1;0;596;64;455-245
5349;BA;BA049+BA1482;LAX;BCN;LHR;1290;945;175;1111111;A350-1000|A321neo;639;1;0;1;0;1;0;575;77;655-115
5350;AI;AI015+AI1412;CDG;HKG;DEL;1180;1125;355;1111111;Boeing 777-300ER|A320neo;551;1;1;1;0;1;0;679;65;485-285
5351;TG;TG032+TK1022;BKK;TLS;IST;115;1185;335;1111111;Boeing 787-9|A320neo;643;1;1;1;0;0;0;561;73;625-225
5352;TK;TK1076+AZ1062;IST;BCN;FCO;495;465;220;1111111;A320neo|A220-100;187;1;0;1;0;0;0;186;81;145-100
5353;TP;TP1250+LH420;LIS;HND;FRA;590;1305;325;1111111;A321neo|A340-600;658;1;0;1;0;1;0;826;60;175-805
5354;AZ;AZ1097+SQ031;CPH;SIN;FCO;830;1025;115;1111111;A320neo|Boeing 787-10;625;1;0;1;0;0;0;652;83;155-755
5355;TP;TP1271+TP1294;FCO;CMN;LIS;610;590;320;1111111;A320neo|A321LR;183;1;0;0;0;1;0;175;58;190-80
5356;BA;BA1565+BA030;RAK;BKK;LHR;1050;990;90;1111111;A320neo|Boeing 777-300ER;700;1;0;1;0;1;0;777;72;210-690
5357;AZ;AZ1088+SN1214;FCO;LHR;BRU;605;260;70;1111111;A321|A319;153;1;0;0;0;0;0;152;69;125-65
5358;OS;OS1013+MS1439;LHR;CAI;VIE;530;450;120;1111111;A321|A320neo;295;1;0;1;0;0;0;286;67;120-210
5359;AA;AA066+BA1464;LAX;BER;LHR;1095;1100;345;1111111;Boeing 777-200ER|A319;592;1;0;1;0;0;0;751;79;655-100
5360;KL;KL1285+KL504;LIS;DEL;AMS;600;965;320;1111111;Embraer 195-E2|A330-300;492;1;0;1;1;0;0;538;69;175-470
5361;BA;BA053+BA1426;YUL;TLS;LHR;1095;740;250;1111111;A350-1000|A320neo;417;1;0;1;1;1;0;359;68;395-95
5362;BA;BA1553+QF015;ATH;SYD;LHR;1050;1620;130;1111111;A320neo|Boeing 787-9;935;1;0;1;1;1;0;1092;65;235-1255
5363;AA;AA033+AA1010;BCN;LAX;JFK;745;985;110;1111111;Boeing 777-300ER|Boeing 787-9;630;1;0;1;1;1;1;667;74;525-350
5364;OS;OS1053+AI027;ZRH;DEL;VIE;1075;535;45;1011101;A321|Boeing 777-300ER;421;1;0;1;1;0;0;421;75;75-415
5365;DL;DL026+KL1334;JFK;IST;AMS;1055;800;165;1111111;A330-900neo|Boeing 737-800;529;1;0;1;0;0;0;494;74;440-195
5366;TK;TK055+TK032;GRU;ICN;IST;1195;1725;255;1111111;Boeing 787-9|A330-300;969;1;1;1;1;0;1;1092;75;795-675
5367;AT;AT507+AT1274;MIA;CAI;CMN;1185;1030;235;0101010;Boeing 787-8|Boeing 737-800;581;1;1;1;0;1;0;674;64;510-285
5368;AC;AC038+TK1061;YUL;IST;MAD;1205;715;85;1111111;A330-300|A321neo;477;1;1;1;0;0;1;543;66;415-215
5369;AF;AF037+AF1082;SIN;MAD;CDG;125;1165;180;1111111;A330-200|A220-300;671;1;0;1;1;1;0;786;74;870-115
5370;AF;AF037+AF1124;SIN;ZRH;CDG;125;1215;280;1111111;A330-200|A321;642;1;0;1;1;0;0;745;73;870-65
5371;IB;IB505+IB1360;JFK;RAK;MAD;1300;750;205;1111111;A330-200|A321neo;418;1;0;1;0;0;0;464;83;430-115
5372;AF;AF1097+AF054;LIS;LAX;CDG;540;1110;220;1111111;A320|A350-900;568;1;0;1;1;0;0;644;80;140-750
5373;UA;UA018+LH1062;SFO;BCN;FRA;1160;990;185;1111111;Boeing 777-300ER|A321;663;1;0;1;0;0;0;704;65;685-120
5374;IB;IB509+IB1290;LAX;PMI;MAD;1195;845;85;1111111;A330-200|A321XLR;598;1;0;1;1;1;0;656;78;690-70
5375;TK;TK025+TK1060;BKK;MAD;IST;110;995;120;1111111;Boeing 787-9|A321neo;634;1;1;1;1;1;1;592;73;625-250
5376;AF;AF053+AF1034;LAX;BOD;CDG;1110;960;210;1111111;Boeing 777-300ER|A318;637;1;0;1;1;0;0;644;83;675-75
5377;LX;LX1411+SQ035;LYS;SIN;ZRH;565;1270;480;1111111;A220-300|Boeing 787-10;710;1;0;1;0;1;0;590;66;55-735
5378;TP;TP213+TP1324;JFK;LHR;OPO;1185;605;80;1111111;A330-900neo|A320neo;365;1;0;1;0;1;0;400;66;400-125
5379;BA;BA175+AA1042;LHR;CUN;JFK;810;810;105;1111111;A380-800|Boeing 737-800;526;1;0;1;1;0;0;615;77;480-225
5380;AF;AF1069+AF014;MUC;DSS;CDG;550;640;185;1111111;A321|A330-200;355;1;0;1;1;0;0;342;78;95-360
5381;AF;AF019+AF1004;JNB;NCE;CDG;1355;965;195;1111111;A330-200|A320;573;1;0;1;0;0;0;637;72;685-85
5382;CX;CX014+BA1407;HKG;LHR;CDG;645;995;125;1111111;A350-900|A320neo;719;1;0;1;1;1;0;553;78;810-60
5383;KE;KE052+AM1009;ICN;MEX;SFO;1090;1025;120;1110110;A380-800|Boeing 737 MAX 8;738;1;1;1;0;1;0;883;82;665-240
5384;KL;KL531+KL524;JNB;CUN;AMS;1320;1700;295;1111111;Boeing 777-300ER|A330-300;779;1;1;1;0;1;0;1124;69;705-700
5385;KL;KL1289+KL506;OPO;SIN;AMS;830;995;90;1111111;Embraer 195-E2|A330-300;665;1;0;1;0;1;0;791;69;155-750
5386;KL;KL503+KL1254;DXB;FRA;AMS;795;565;65;1111111;Boeing 777-300ER|Boeing 737-800;405;1;0;1;1;0;0;373;73;440-60
5387;KL;KL644+KL1300;JFK;MXP;AMS;1180;825;290;1111111;A330-300|Embraer 195-E2;440;1;0;1;0;1;0;447;75;440-95
5388;DL;DL1415+DL078;LAX;GRU;JFK;1230;1510;610;1111111;A350-900|A350-900;623;1;0;1;1;1;1;686;85;305-595
5389;LH;LH1137+SQ027;LYS;SIN;MUC;580;1240;445;1111111;A319|A380-800;651;1;0;1;0;1;0;810;72;75-720
5390;TP;TP1250+LH1112;LIS;IST;FRA;590;570;230;1111111;A321neo|A321;282;1;0;0;0;0;0;273;60;175-165
5391;EI;EI603+EI1452;MIA;LIS;DUB;1175;935;265;1111111;A321XLR|A320neo;481;1;0;1;0;0;0;476;69;505-165
5392;AT;AT1281+AT1266;RAK;DUB;CMN;625;420;165;1111111;Boeing 737 MAX 8|Boeing 737-800;205;1;1;1;0;0;0;195;60;45-210
5393;TK;TK1053+TK030;MUC;HKG;IST;610;1040;290;1111111;A320neo|A330-300;567;1;1;1;0;1;1;624;78;145-605
5394;LX;LX608+TG1220;ZRH;ICN;BKK;1135;1305;360;1111111;A330-300|A320neo;634;1;1;1;0;1;0;835;78;655-290
5395;LH;LH425+LH412;LAX;BKK;FRA;1185;1520;175;1111111;Boeing 747-8|A340-600;767;1;1;1;0;1;1;1370;64;695-650
5396;IB;IB1211+AT1239;ORY;CMN;MAD;850;405;190;1111111;A321XLR|Boeing 737 MAX 8;174;1;0;1;0;0;0;159;69;115-100
5397;EK;EK107+EK018;SYD;CDG;DXB;1195;1905;510;1111111;A380-800|Boeing 777-300ER;1097;1;1;1;1;0;1;1241;77;950-445
5398;AZ;AZ1015+TK1081;MRS;IST;FCO;615;460;255;1111111;A220-100|Boeing 737 MAX 8;190;1;0;1;0;0;0;166;72;75-130
5399;MS;MS1448+TK036;CAI;HND;IST;835;1155;260;1111111;Boeing 737-800|A350-900;553;1;1;1;0;1;0;615;62;130-765
5400;BA;BA047+BA1552;LAX;ATH;LHR;1090;1125;260;1111111;Boeing 777-300ER|A320neo;644;1;0;1;0;1;0;732;71;655-210
5401;AT;AT1241+AT510;BCN;GRU;CMN;545;885;155;1111111;Boeing 737-800|Boeing 787-9;541;1;1;1;0;1;0;534;61;130-600
5402;LX;LX621+LX1402;MIA;CDG;ZRH;1175;790;135;1111111;Boeing 777-300ER|A320neo;588;1;0;1;1;1;0;550;67;580-75
5403;AF;AF1181+AF044;ALG;HND;CDG;550;1100;125;1111111;A318|A330-200;702;1;0;1;1;0;0;768;75;135-840
5404;AZ;AZ1065+AZ118;BCN;DEL;FCO;960;655;125;1111111;A320neo|A350-900;456;1;0;1;0;0;0;395;81;90-440
5405;AF;AF1057+AF028;AMS;MLE;CDG;1040;755;90;1111111;A318|A350-900;578;1;0;1;0;1;0;492;73;65-600
5406;MS;MS1427+MS608;FCO;BKK;CAI;605;1060;315;1111111;A220-300|A330-300;519;1;1;1;0;1;0;618;64;190-555
5407;KL;KL1204+AF1172;AMS;RAK;CDG;805;495;220;1111111;Boeing 737-900|A220-300;230;1;0;1;0;0;0;183;76;65-210
5408;DL;DL1425+DL1404;YUL;LAX;JFK;455;535;110;1111111;A321neo|A330-900neo;373;1;0;0;0;0;1;312;86;75-350
5409;LX;LX1474+OS1062;ZRH;PRG;VIE;575;325;195;1111111;A320neo|A321;124;1;0;1;0;0;0;78;77;75-55
5410;BA;BA1443+BA024;AMS;MLE;LHR;1045;770;85;1111111;A321neo|A380-800;548;1;0;1;0;0;0;669;66;65-620
5411;KL;KL525+KL1242;CUN;LHR;AMS;1160;800;120;1111111;A330-300|Boeing 737-800;519;1;0;1;0;1;0;575;68;615-65
5412;TK;TK025+TK1064;BKK;BCN;IST;110;950;100;1111111;Boeing 787-9|A320neo;626;1;1;1;1;0;1;559;73;625-225
5413;KL;KL1339+KL1218;CAI;LYS;AMS;595;600;220;1111111;Embraer 195-E2|Embraer 195-E2;251;1;0;0;0;1;0;283;80;285-95
5414;LH;LH1177+LH444;LIS;SIN;MUC;825;975;75;1111111;A319|A340-600;664;1;0;1;1;0;0;910;66;180-720
5415;CX;CX016+BA1458;HKG;MUC;LHR;635;1085;180;1111111;Boeing 777-300ER|A319;633;1;0;1;1;0;0;720;74;810-95
5416;KL;KL1217+KL514;LYS;MIA;AMS;595;845;120;1111111;Boeing 737-800|A330-300;531;1;0;1;0;0;0;557;72;95-630
5417;EK;EK1023+EK046;DOH;MAD;DXB;1120;995;450;1111111;Boeing 777-300ER|A350-900;477;1;1;1;1;0;1;346;78;60-485
5418;LH;LH419+LH1118;ICN;TUN;FRA;625;1040;85;1111111;A340-600|A320neo;570;1;0;1;1;1;0;762;62;810-145
5419;AF;AF1097+AF064;LIS;MEX;CDG;540;1025;115;1111111;A320|A330-200;575;1;0;1;1;0;0;745;81;140-770
5420;LH;LH463+LX1443;CUN;ZRH;MUC;1170;990;280;0101010;A350-900|A320neo;588;1;0;1;1;1;0;507;62;655-55
5421;AF;AF1155+AF1168;PRG;CMN;CDG;865;425;135;1111111;A318|A220-300;217;1;0;1;1;1;0;215;80;100-190
5422;TP;TP1332+LX606;OPO;DEL;ZRH;815;700;100;1001001;A321LR|A330-300;523;1;0;1;0;0;0;502;62;145-455
5423;IB;IB513+IB1234;MEX;BOD;MAD;1185;980;240;1111111;A350-900|A321XLR;624;1;0;1;1;0;0;540;83;665-75
5424;DL;DL054+SK1202;JFK;CDG;CPH;1170;815;230;1111111;A330-900neo|A321LR;411;1;0;1;1;1;0;422;80;470-115
5425;IB;IB1241+IB1376;LHR;DSS;MAD;485;570;165;1111111;A321neo|A321neo;353;1;0;0;0;0;0;317;82;130-275
5426;NH;NH015+NH1206;CDG;ICN;HND;795;1140;165;1111111;Boeing 777-300ER|Boeing 737-800;673;1;1;1;1;0;1;752;87;840-135
5427;KL;KL511+KL1262;HND;BER;AMS;75;1005;60;1111111;Boeing 787-10|Boeing 737-900;590;1;0;1;1;0;0;568;72;870-75
5428;AZ;AZ1004+NH017;FCO;HND;CDG;950;1185;225;1111111;A320neo|Boeing 787-9;645;1;0;1;0;1;0;623;76;120-840
5429;IB;IB1221+IB1374;LYS;CAI;MAD;610;710;345;1111111;A321neo|A321neo;264;1;0;0;0;0;0;302;81;105-260
5430;LH;LH1171+LH454;BCN;LAX;MUC;505;1100;205;1111111;Embraer 190|Boeing 747-8;652;1;0;1;0;0;0;828;64;110-785
5431;AC;AC069+AC060;HND;CMN;YUL;1120;1335;130;1111111;Boeing 777-300ER|A330-300;689;1;1;1;1;0;1;1045;69;780-425
5432;LH;LH459+LH442+TG1212;YUL;DPS;MUC-BKK;1170;2300;605-355;1111111;A340-600|A340-600|A320neo;759;1;1;1;1;1;0;1316;67;460-635-245
5433;BA;BA1575+QR037;BCN;DOH;LGW;515;865;360;1111111;A320neo|Boeing 777-300ER;417;1;0;1;0;0;0;432;74;115-390
5434;AF;AF1113+AF038;FCO;SIN;CDG;960;1110;225;1111111;A318|Boeing 777-300ER;619;1;0;1;0;0;0;807;73;120-765
5435;AF;AF1089+AF032;BCN;BKK;CDG;520;965;190;1111111;A220-300|A350-900;591;1;0;1;1;1;0;588;80;95-680
5436;BA;BA027+BA1424;DEL;MRS;LHR;620;950;285;1111111;Boeing 777-300ER|A321neo;440;1;0;1;1;0;0;521;65;560-105
5437;AH;AH1035+AH1056;BCN;DSS;ALG;620;530;175;1111111;Boeing 737-800|A330-200;271;1;1;1;0;0;0;306;63;75-280
5438;SN;SN1201+TG031;NCE;BKK;BRU;555;1275;510;1111111;A320|Boeing 777-300ER;604;1;0;1;0;0;0;685;74;95-670
5439;EK;EK095+EK116;SIN;SFO;DXB;1100;2100;625;1111111;A350-900|A380-800;941;1;1;1;1;1;1;1292;75;480-995
5440;LX;LX1457+LX604;BCN;MLE;ZRH;800;890;230;1110110;A321neo|Boeing 777-300ER;577;1;0;1;0;0;0;579;67;90-570
5441;BA;BA1469+BA028;MAD;BKK;LHR;630;890;75;1111111;A319|A380-800;596;1;0;1;1;0;0;840;65;125-690
5442;LH;LH1117+LH1050;TUN;BER;FRA;610;520;310;1111111;Embraer 190|A319;192;1;0;0;1;0;0;190;69;145-65
5443;LH;LH1199+LH452;BRU;MIA;MUC;600;910;155;0101010;Embraer 190|Boeing 747-8;520;1;0;1;1;0;0;661;64;75-680
5444;BA;BA1495+BA1402;FCO;CDG;LHR;480;345;140;1111111;A321neo|A321neo;148;1;0;0;1;0;0;150;66;150-55
5445;AZ;AZ1121+AZ102;ALG;JFK;FCO;615;925;245;1111111;A320neo|A330-900neo;462;1;0;1;1;1;0;456;79;100-580
5446;BA;BA176+BA1422;JFK;MRS;LHR;1240;820;295;1111111;Boeing 777-300ER|A320neo;452;1;0;1;1;0;0;443;66;420-105
5447;AC;AC036+LH1144;YUL;TLS;MUC;1205;795;225;0111111;A330-300|A321;439;1;0;1;1;1;0;496;72;460-110
5448;LH;LH1055+LH1034;MAD;LHR;FRA;815;335;110;1111111;Embraer 190|A319;153;1;0;0;0;0;0;208;67;135-90
5449;LH;LH1097+LH418;CPH;ICN;FRA;610;1290;465;1111111;A321|A340-600;580;1;0;1;0;1;0;707;64;90-735
5450;TK;TK1071+TK022;LIS;DEL;IST;610;725;125;1111111;A320neo|Boeing 777-300ER;515;1;1;1;1;0;1;513;75;250-350
5451;KL;KL1201+KL518;CDG;SFO;AMS;445;1090;310;1111111;Boeing 737-800|Boeing 777-300ER;614;1;0;1;0;0;0;611;72;60-720
5452;LH;LH1097+UA019;CPH;SFO;FRA;610;940;105;1111111;A321|Boeing 777-300ER;615;1;0;1;0;1;0;663;75;90-745
5453;AC;AC062+TK1125;YUL;IST;ALG;1220;905;240;0111011;A330-300|Boeing 737 MAX 8;478;1;1;1;1;0;1;559;71;465-200
5454;BA;BA1533+AA015;CPH;JFK;LHR;520;695;105;1111111;A319|Boeing 777-200ER;461;1;0;1;1;1;0;512;69;110-480
5455;AF;AF045+AF1130;HND;GVA;CDG;145;1255;290;1111111;A330-200|A321;588;1;0;1;1;0;0;672;74;905-60
5456;LX;LX1473+LX614;MXP;HND;ZRH;1035;915;45;1111111;A220-300|A330-300;715;1;0;1;0;0;0;640;69;45-825
5457;BA;BA1427+AA017;TLS;JFK;LHR;590;705;125;1111111;A320neo|Boeing 777-300ER;454;1;0;1;0;1;0;434;67;100-480
5458;TK;TK1077+TK054;FCO;GRU;IST;500;1060;95;1111111;A320neo|Boeing 787-9;573;1;1;1;0;0;1;692;71;130-835
5459;TK;TK1088+LX626;IST;YUL;ZRH;600;840;150;1111111;A321neo|A340-300;545;1;1;1;1;0;0;565;68;180-510
5460;LH;LH1167+NH025;MAD;HND;MUC;810;1150;205;1111111;A321|Boeing 787-9;662;1;0;1;1;0;0;661;64;140-805
5461;BA;BA1471+BA024;MAD;MLE;LHR;835;980;235;1111111;A320neo|A380-800;603;1;0;1;0;0;0;743;66;125-620
5462;IB;IB1343+CX023;PRG;HKG;MAD;855;1120;145;1111111;A321XLR|Boeing 777-300ER;580;1;0;1;0;0;0;801;78;185-790
5463;LH;LH1190+LX1496;MUC;CMN;ZRH;600;425;160;1111111;A320neo|A320neo;220;1;0;1;0;1;0;161;68;55-210
5464;IB;IB1365+IB1360;TUN;RAK;MAD;620;350;100;1111111;A321XLR|A321neo;192;1;0;0;1;0;0;195;83;135-115
5465;TP;TP205+TP1238;MIA;NTE;LIS;1190;875;270;0111111;A330-900neo|A321LR;498;1;0;1;0;1;0;458;61;495-110
5466;LH;LH1225+LH1142;CAI;MRS;MUC;815;400;65;1111111;Embraer 190|Embraer 190;240;1;0;0;0;0;0;284;68;235-100
5467;LH;LH1197+LH440;GVA;DEL;MUC;1040;560;50;0110110;Embraer 190|Boeing 747-8;456;1;0;1;0;0;0;490;69;70-440
5468;BA;BA1481+BA030;BCN;BKK;LHR;940;1100;290;1111111;A320neo|Boeing 777-300ER;617;1;0;1;1;1;0;719;72;120-690
5469;KL;KL1269+KL500;MAD;DXB;AMS;485;600;70;1111111;Embraer 195-E2|Boeing 787-10;449;1;0;1;0;0;0;405;73;140-390
5470;AF;AF1055+AF1184;AMS;ALG;CDG;870;445;245;1111111;A321|A320;172;1;0;1;1;0;0;177;72;65-135
5471;LH;LH1147+SQ027;BOD;SIN;MUC;835;985;160;1010101;A321|A380-800;663;1;0;1;0;0;0;855;62;105-720
5472;DL;DL016+AF032;JFK;BKK;CDG;1170;1395;275;1111111;A330-900neo|A350-900;870;1;1;1;0;1;1;834;80;440-680
5473;KL;KL509+KL1214;ICN;NCE;AMS;595;1120;205;1111111;Boeing 777-300ER|Boeing 737-900;569;1;0;1;0;0;0;654;72;810-105
5474;AA;AA1043+AA022;CUN;LHR;JFK;1075;720;90;1111111;Boeing 737-800|Boeing 777-300ER;556;1;0;1;0;1;1;561;80;210-420
5475;AZ;AZ1073+AZ106;MXP;LAX;FCO;540;1120;220;1111111;A320neo|A350-900;668;1;0;1;1;1;0;600;76;70-830
5476;BA;BA039+BA1562;HND;RAK;LHR;100;1265;155;1111111;A350-1000|A319;739;1;0;1;0;0;0;707;69;890-220
5477;QR;QR077+QR056;BKK;GVA;DOH;1135;1365;530;1111111;Boeing 777-300ER|A350-1000;641;1;1;1;1;1;1;596;83;435-400
5478;AF;AF059+AF1152;YUL;PRG;CDG;1080;650;145;1111111;A330-200|A321;430;1;0;1;1;1;0;444;77;415-90
5479;AZ;AZ1018+UA017;FCO;SFO;LHR;510;1060;200;1111111;A320neo|Boeing 767-300ER;616;1;0;1;1;1;0;765;78;150-710
5480;BA;BA1523+BA1492;BRU;OPO;LHR;835;490;290;1111111;A320neo|A319;166;1;0;0;1;0;0;159;65;65-135
5481;DL;DL016+AF1062;JFK;FRA;CDG;1170;720;215;1111111;A330-900neo|A318;434;1;0;1;0;0;0;363;71;440-65
5482;AF;AF1175+AF1076;TUN;BER;CDG;535;405;165;1111111;A321|A318;171;1;0;1;1;0;0;234;73;150-90
5483;LH;LH435+LH1020;GRU;MRS;FRA;1180;1175;330;1101010;A350-900|A321;564;1;0;1;1;1;0;612;62;745-100
5484;BA;BA033+BA1546;SIN;PRG;LHR;85;1335;350;1111111;A350-1000|A320neo;679;1;0;1;1;0;0;682;74;880-105
5485;BA;BA1563+BA048;RAK;LAX;LHR;600;1120;185;1111111;A319|A350-1000;587;1;0;1;0;0;0;662;75;210-725
5486;LH;LH1109+LH1078;ATH;MXP;FRA;825;355;100;1111111;Embraer 190|A320neo;178;1;0;0;0;0;0;186;64;185-70
5487;AF;AF069+AF1098;PTP;LIS;CDG;1205;930;270;1111111;A350-900|A321;434;1;0;1;1;0;0;517;80;510-150
5488;AT;AT507+AT1260;MIA;BRU;CMN;1185;940;230;0101010;Boeing 787-8|Boeing 737-800;432;1;1;1;0;0;0;554;61;510-200
5489;BA;BA1467+BA044;MAD;MIA;LHR;450;1020;290;1111111;A321neo|Boeing 787-9;468;1;0;1;1;0;0;493;73;125-605
5490;TK;TK053+SQ041;CUN;SIN;IST;1205;1520;100;1111111;A330-300|Boeing 787-10;928;1;1;1;1;1;1;1152;72;765-655
5491;AF;AF063+AF1082;YUL;MAD;CDG;1335;615;85;1111111;A350-900|A220-300;425;1;0;1;1;1;0;391;79;415-115
5492;LH;LH1089+LH1122;BRU;CAI;FRA;595;470;180;1111111;Embraer 190|Embraer 190;301;1;0;0;1;0;0;264;63;55-235
5493;LH;LH1053+LH418;MAD;ICN;FRA;530;1370;500;1111111;A319|A340-600;647;1;0;1;0;0;0;781;64;135-735
5494;AF;AF1163+AF1028;IST;TLS;CDG;620;560;255;1111111;A320|A321;210;1;0;1;1;0;0;238;75;220-85
5495;LH;LH1019+LH430;MRS;MEX;FRA;600;1025;135;1111111;A320neo|A340-600;628;1;0;1;1;1;0;779;65;95-795
5496;BA;BA176+BA1546;JFK;PRG;LHR;1240;840;315;1111111;Boeing 777-300ER|A320neo;462;1;0;1;1;0;0;448;67;420-105
5497;LH;LH1113+LH1008;IST;CDG;FRA;1055;325;65;1111111;A321|A319;204;1;0;0;1;0;0;192;64;190-70
5498;AA;AA1017+AA042;SFO;ATH;JFK;620;995;90;1111111;Boeing 787-9|Boeing 777-200ER;682;1;0;1;1;1;1;872;73;320-585
5499;LH;LH459+LH1126;YUL;CDG;MUC;1170;730;175;1111111;A340-600|Embraer 190;425;1;0;1;1;1;0;528;67;460-95
5500;SN;SN503+SN1222;ABJ;MUC;BRU;1290;725;240;0011011;A330-300|A319;422;1;0;1;1;1;0;394;64;410-75
5501;BA;BA1555+BA044;IST;MIA;LHR;600;990;140;1111111;A320neo|Boeing 787-9;609;1;0;1;1;0;0;555;70;245-605
5502;AF;AF1113+AF034;FCO;BKK;CDG;960;1035;235;1111111;A318|Boeing 787-9;598;1;0;1;1;0;0;626;73;120-680
5503;TK;TK1111+LX1495;ATH;ZRH;IST;825;345;90;1111111;A320neo|A320neo;178;1;0;1;0;1;0;163;74;75-180
5504;AT;AT511+AT1266;GRU;DUB;CMN;1210;1035;245;1111111;Boeing 787-9|Boeing 737-800;570;1;1;1;0;0;0;590;63;580-210
5505;EI;EI605+EI1420;LAX;LHR;DUB;1180;960;275;1111111;A321XLR|A320neo;580;1;0;1;0;0;0;492;71;620-65
5506;AF;AF1159+AF1104;ATH;OPO;CDG;625;415;75;1111111;A220-300|A321;225;1;0;1;0;1;0;265;78;210-130
5507;IB;IB1233+IB1376;BOD;DSS;MAD;625;490;135;1111111;A321neo|A321neo;334;1;0;0;0;1;0;257;82;80-275
5508;BA;BA055+BA1422;YUL;MRS;LHR;1275;785;285;1111111;Boeing 787-9|A320neo;454;1;0;1;1;0;0;368;66;395-105
5509;QF;QF014+BA1488;SYD;OPO;LHR;1095;1610;165;1111111;Boeing 787-9|A320neo;1010;1;0;1;1;0;0;1038;66;1310-135
5510;TK;TK1077+TK032;FCO;ICN;IST;500;1220;415;1111111;A320neo|A330-300;598;1;1;1;0;0;1;630;71;130-675
5511;AF;AF1003+AF036;NCE;SIN;CDG;585;995;135;1111111;A220-300|A330-200;661;1;0;1;0;1;0;755;79;95-765
5512;SQ;SQ034+UA023;SIN;SFO;ZRH;145;1830;230;1100100;Boeing 787-10|Boeing 777-300ER;802;1;1;1;1;1;1;1172;82;840-760
5513;IB;IB1215+IB518;NCE;EZE;MAD;550;1070;165;1011111;A320neo|A330-300;664;1;0;1;1;0;0;736;85;110-795
5514;AT;AT1247+AT500;LIS;JNB;CMN;605;735;65;1010101;Boeing 737 MAX 8|Boeing 787-9;510;1;1;1;0;1;0;468;63;80-590
5515;IB;IB1297+IB1324;LIS;ZRH;MAD;835;385;195;1111111;A320neo|A321neo;176;1;0;0;1;0;0;147;82;70-120
5516;AA;AA1029+JL027;MIA;HND;JFK;900;1290;255;1111111;Boeing 737-800|A350-1000;746;1;0;1;1;0;1;734;68;170-865
5517;EK;EK093+EK058;BKK;FCO;DXB;1235;985;195;1111111;Boeing 777-300ER|A350-900;593;1;1;1;1;1;1;556;77;410-380
5518;AF;AF013+AF1112;JFK;FCO;CDG;1375;800;250;1111111;Boeing 777-300ER|A318;474;1;0;1;0;0;0;489;75;440-110
5519;AF;AF1181+AF074;ALG;EZE;CDG;550;1185;180;1101010;A318|A330-200;643;1;0;1;0;0;0;859;74;135-870
5520;AA;AA1027+AA040;MIA;MXP;JFK;810;890;240;1111111;A321|Boeing 777-200ER;532;1;0;1;1;1;1;620;68;170-480
5521;SK;SK1241+SK204;MXP;LAX;CPH;560;970;120;1111110;A321LR|A330-300;653;1;0;1;1;1;0;683;75;115-735
5522;LX;LX1493+LX1420;IST;BOD;ZRH;590;450;165;0111011;A220-300|A321neo;229;1;0;1;1;0;0;182;76;180-105
5523;AI;AI020+LH1106;DEL;PRG;FRA;650;725;150;1111111;Boeing 777-300ER|A320neo;452;1;0;1;0;1;0;432;65;515-60
5524;AF;AF015+AF1146;DSS;DUB;CDG;1330;715;270;1111111;A330-200|A321;385;1;0;1;0;0;0;353;81;340-105
5525;TK;TK023+MS1451;DEL;CAI;IST;630;785;260;1111111;Boeing 777-300ER|A320neo;369;1;1;1;1;1;0;403;70;400-125
5526;AF;AF1025+AF068;TLS;PTP;CDG;500;915;255;1111111;A220-300|A350-900;452;1;0;1;1;0;0;420;77;80-580
5527;DL;DL014+AF032;JFK;BKK;CDG;1040;1525;405;1111111;A350-900|A350-900;760;1;1;1;1;1;1;834;80;440-680
5528;UA;UA022+LX1480;SFO;CPH;ZRH;1150;895;95;1001001;Boeing 777-300ER|A220-300;623;1;0;1;0;0;0;689;65;700-100
5529;LH;LH1073+LH418;FCO;ICN;FRA;815;1085;245;1111111;Embraer 190|A340-600;592;1;0;1;0;0;0;735;63;105-735
5530;LH;LH461+LH1142;MEX;MRS;MUC;1185;990;165;0110101;A350-900|Embraer 190;601;1;0;1;0;1;0;612;73;725-100
5531;DL;DL077+DL042;HND;LIS;JFK;1180;1335;120;1111111;A350-900|A350-900;713;1;1;1;1;1;1;889;79;810-405
5532;LH;LH403+LH406;JFK;JNB;FRA;1170;1395;260;0010011;A340-600|A340-600;729;1;1;1;0;1;0;1112;66;465-670
5533;TK;TK1003+TK020;CDG;MLE;IST;660;845;195;1111111;A320neo|Boeing 787-9;515;1;1;1;1;1;1;480;72;195-455
5534;LH;LH1059+LH1030;BCN;LHR;FRA;510;320;120;1111111;Embraer 190|A320neo;144;1;0;0;0;0;0;164;68;110-90
5535;IB;IB1225+IB1296;MRS;LIS;MAD;630;305;120;1111111;A321neo|A320neo;139;1;0;0;1;1;0;110;82;105-80
5536;BA;BA1469+BA1546;MAD;PRG;LHR;630;370;140;1111111;A319|A320neo;179;1;0;0;1;0;0;212;74;125-105
5537;LX;LX1533+AC051;BER;YUL;GVA;585;780;175;1101010;A220-300|Boeing 787-9;481;1;0;1;1;0;0;395;63;100-505
5538;BA;BA029+BA1468;BKK;MAD;LHR;85;1100;190;1111111;A380-800|A319;631;1;0;1;1;0;0;840;67;780-130
5539;JL;JL020+BA1482;HND;BCN;LHR;705;1110;105;1111111;Boeing 787-9|A321neo;676;1;0;1;0;1;0;620;77;890-115
5540;SN;SN1227+SN504;BER;JFK;BRU;565;715;120;1111111;A319|A330-300;428;1;0;1;0;0;0;447;68;90-505
5541;AA;AA020+BA1448;JFK;FRA;LHR;1275;640;140;1111111;Boeing 777-200ER|A319;482;1;0;1;1;1;0;479;66;420-80
5542;LH;LH1115+LH420;CMN;HND;FRA;835;1120;110;1111111;A320neo|A340-600;726;1;0;1;0;1;0;853;64;205-805
5543;OS;OS1022+LH436;VIE;EZE;FRA;605;1115;125;1111111;A320|A350-900;721;1;0;1;1;0;0;690;67;90-900
5544;CX;CX019+CX036;AMS;SYD;HKG;1170;1340;75;0101011;A350-1000|Boeing 777-300ER;980;1;1;1;1;1;0;987;82;695-570
5545;AM;AM1008+AF057;MEX;CDG;SFO;870;1140;200;1111111;Boeing 737 MAX 8|A330-200;553;1;1;1;1;0;0;786;79;270-670
5546;OS;OS403+OS1044;BKK;FCO;VIE;630;890;95;1111111;Boeing 787-9|Embraer 195;575;1;0;1;0;0;0;539;73;695-100
5547;AA;AA045+AA1042;DUB;CUN;JFK;835;785;115;1111111;Boeing 777-300ER|Boeing 737-800;477;1;0;1;1;0;1;532;69;445-225
5548;BA;BA172+BA028;JFK;BKK;LHR;1130;1470;360;1111111;Boeing 787-9|A380-800;822;1;1;1;1;1;0;1018;65;420-690
5549;AF;AF057+AF1156;SFO;PRG;CDG;1220;930;170;1111111;A330-200|A220-300;570;1;0;1;0;1;0;654;80;670-90
5550;LX;LX619+LX1418;JFK;TLS;ZRH;1160;815;245;0111111;Boeing 777-300ER|A321neo;502;1;0;1;0;1;0;469;67;475-95
5551;IB;IB1229+IB508;TLS;LAX;MAD;605;1010;155;1111111;A321neo|A330-200;617;1;0;1;0;1;0;655;84;80-775
5552;TK;TK1041+TK036;LGW;HND;IST;610;1260;285;1111111;A320neo|A350-900;638;1;1;1;0;0;1;655;70;210-765
5553;AA;AA1017+IB505;SFO;MAD;JFK;620;930;180;1111111;Boeing 787-9|A330-200;598;1;0;1;0;1;0;654;73;320-430
5554;AA;AA052+BA1528;MIA;VIE;LHR;1220;855;205;1111111;Boeing 777-300ER|A320neo;608;1;0;1;1;1;0;569;72;530-120
5555;LX;LX601+LX1460;JNB;LIS;ZRH;1305;1195;355;1101111;A340-300|A320neo;646;1;0;1;0;1;0;745;75;660-180
5556;KL;KL1313+KL512;GVA;HND;AMS;1060;1005;110;1111111;Boeing 737-900|Boeing 777-300ER;642;1;0;1;0;0;0;674;72;90-805
5557;AT;AT1281+AT1210;RAK;MRS;CMN;625;380;185;1111111;Boeing 737 MAX 8|Boeing 737 MAX 8;156;1;1;1;0;1;0;123;60;45-150
5558;NH;NH026+TK1026;HND;NTE;IST;125;1330;225;1111111;Boeing 777-300ER|A321neo;726;1;1;1;1;1;1;750;72;860-245
5559;LX;LX1467+LX614;FCO;HND;ZRH;820;1130;215;1111111;A321neo|A330-300;747;1;0;1;0;1;0;681;66;90-825
5560;AT;AT1236+IB1212;CMN;ORY;MAD;855;390;190;1111111;Boeing 737-800|A320neo;169;1;0;1;0;1;0;173;67;95-105
5561;SK;SK203+SK1250;MIA;BRU;CPH;1145;840;155;0111111;A330-300|A321LR;506;1;0;1;1;0;0;573;73;585-100
5562;AF;AF1050+KL500;CDG;DXB;AMS;480;605;155;1111111;A220-300|Boeing 787-10;386;1;0;1;0;1;0;316;73;60-390
5563;LX;LX1487+LX620;PRG;MIA;ZRH;580;900;155;1111111;A220-300|Boeing 777-300ER;581;1;0;1;0;1;0;553;67;80-665
5564;TP;TP1247+TP1298;AMS;RAK;LIS;595;390;110;1111111;A321neo|A320neo;237;1;0;0;1;1;0;192;59;190-90
5565;BA;BA1427+BA1534;TLS;CPH;LHR;590;380;180;1111111;A320neo|A320neo;170;1;0;0;1;1;0;156;67;100-100
5566;BA;BA027+BA1486;DEL;LIS;LHR;620;920;200;1111111;Boeing 777-300ER|A320neo;495;1;0;1;1;0;0;543;65;560-160
5567;IB;IB1209+IB508+QF025;ORY;SYD;MAD-LAX;545;2310;180-295;1111111;A321neo|A330-200|A330-300;838;1;0;1;0;1;0;1481;78;115-775-945
5568;SK;SK1237+SK208;LIS;HND;CPH;795;1010;40;1111111;A320neo|A350-900;650;1;0;1;1;1;0;642;74;220-750
5569;TU;TU1249+TU1270;MXP;DSS;TUN;600;540;115;1111111;A319|A320neo;304;1;1;1;0;0;0;344;56;105-320
5570;EK;EK061+EK088;FCO;JNB;DXB;1125;990;140;1111111;A380-800|A380-800;614;1;1;1;1;1;1;804;81;335-515
5571;AA;AA014+JL019;JFK;HND;LHR;1060;1680;430;1111111;Boeing 777-200ER|A350-1000;616;1;1;1;1;1;1;938;70;420-830
5572;UA;UA1401+AZ109;LAX;FCO;SFO;405;1530;705;1111111;Boeing 737 MAX 9|A330-900neo;644;1;0;1;0;0;1;595;82;80-745
5573;AC;AC016+TG015;YUL;BKK;CDG;1200;1370;275;1111111;Boeing 777-300ER|Boeing 787-9;816;1;1;1;1;1;0;875;76;415-680
5574;TP;TP1200+UA015;LIS;SFO;CDG;495;980;105;1111111;A321LR|Boeing 777-300ER;605;1;0;1;1;1;0;706;56;140-735
5575;AF;AF1061+AF036;FRA;SIN;CDG;510;1070;235;1111111;A321|A330-200;659;1;0;1;0;0;0;742;76;70-765
5576;EK;EK093+EK116;BKK;SFO;DXB;1235;1905;500;1111111;Boeing 777-300ER|A380-800;885;1;1;1;1;1;1;1292;84;410-995
5577;AF;AF1099+KL1209;LIS;AMS;CDG;855;345;145;1111111;A321|Embraer 195-E2;171;1;0;1;1;0;0;181;69;140-60
5578;NH;NH033+NH1204;JFK;ICN;HND;1355;1345;345;1111111;Boeing 777-300ER|Boeing 737-800;760;1;1;1;0;0;1;828;80;865-135
5579;BA;BA1489+BA028;OPO;BKK;LHR;510;950;135;1111111;A320neo|A380-800;615;1;0;1;1;1;0;825;65;125-690
5580;AA;AA1025+AA040;MIA;MXP;JFK;680;1020;370;1111111;Boeing 737-800|Boeing 777-200ER;574;1;0;1;1;0;1;620;68;170-480
5581;AF;AF017+AF1088;ABJ;BCN;CDG;1345;635;145;1111111;Boeing 777-300ER|A220-300;379;1;0;1;1;1;0;391;76;395-95
5582;AA;AA1054+QR097;LAX;DOH;SFO;635;1650;585;1101110;A321|Boeing 777-300ER;904;1;0;1;1;0;1;899;70;80-985
5583;AZ;AZ1080+LX608;FCO;BKK;ZRH;835;955;210;1111111;A321|A330-300;607;1;0;1;0;0;0;658;78;90-655
5584;AI;AI031+AI016;SYD;LHR;DEL;925;1990;605;0010101;Boeing 777-300ER|Boeing 787-8;877;1;1;1;0;0;1;1046;67;825-560
5585;TG;TG1201+TG1216;DEL;HKG;BKK;620;515;105;1111111;A320neo|A320neo;305;1;1;1;0;1;0;312;82;245-165
5586;BA;BA176+QR027;JFK;DOH;LHR;1240;1000;185;1111111;Boeing 777-300ER|A380-800;661;1;1;1;1;1;0;752;67;420-395
5587;LH;LH1055+SQ025;MAD;SIN;FRA;815;1025;155;1111111;Embraer 190|A380-800;754;1;0;1;0;0;0;911;67;135-735
5588;BA;BA178+BA032;JFK;SIN;LHR;1295;1395;200;1111111;A350-1000|A350-1000;883;1;1;1;0;1;0;897;74;420-775
5589;AF;AF1015+AF032;MRS;BKK;CDG;480;1005;235;1111111;A320|A350-900;652;1;0;1;1;1;0;581;80;90-680
5590;KL;KL511+KL1278;HND;BCN;AMS;75;1225;225;1111111;Boeing 787-10|Boeing 737-800;661;1;0;1;1;0;0;633;71;870-130
5591;LX;LX1415+LX602;MRS;DXB;ZRH;570;675;245;1111111;A320neo|A330-300;457;1;0;1;1;1;0;353;67;70-360
5592;BA;BA1437+BA014;AMS;JNB;LHR;600;960;200;1111111;A321neo|A350-1000;558;1;0;1;0;1;0;527;71;65-695
5593;SN;SN1273+SQ039;TUN;SIN;BRU;810;1050;130;1111111;A319|A380-800;698;1;0;1;1;0;0;919;69;165-755
5594;AF;AF037+AF066;SIN;CUN;CDG;125;1845;280;1111111;A330-200|A330-200;898;1;1;1;1;1;0;1231;74;870-695
5595;LH;LH1019+LH436;MRS;EZE;FRA;600;1120;125;1111111;A320neo|A350-900;651;1;0;1;1;1;0;693;67;95-900
5596;AZ;AZ1002+AC019;FCO;YUL;CDG;720;755;160;1111111;A220-100|A330-300;480;1;0;1;0;1;0;452;65;120-475
5597;AF;AF1025+AF1070;TLS;MUC;CDG;500;455;290;1111111;A220-300|A318;137;1;0;1;1;0;0;119;80;80-85
5598;AF;AF1003+AF066;NCE;CUN;CDG;585;965;175;1111111;A220-300|A330-200;589;1;0;1;1;1;0;592;74;95-695
5599;BA;BA1539+BA056;DUB;MEX;LHR;505;1050;240;1111111;A320neo|A350-1000;551;1;0;1;1;1;0;524;75;65-745
5600;KL;KL1331+KL1286;ATH;LIS;AMS;590;710;305;1111111;Boeing 737-800|Boeing 737-900;228;1;0;0;0;0;0;322;72;215-190
5601;EK;EK089+EK068;JNB;BRU;DXB;1140;1020;80;1111111;A380-800|A350-900;641;1;1;1;1;1;1;760;76;500-440
5602;BA;BA1505+BA020;MXP;DXB;LHR;820;860;345;1111111;A319|A380-800;414;1;0;1;0;0;0;504;67;105-410
5603;KL;KL1241+KL1340;LHR;CAI;AMS;680;560;240;1111111;Boeing 737-900|Boeing 737-900;320;1;0;0;1;0;0;300;70;60-260
5604;AA;AA036+QR1201;JFK;DOH;FCO;1125;900;75;1111111;Boeing 777-200ER|A350-1000;633;1;1;1;1;1;1;785;74;510-315
5605;KL;KL1315+KL530;VIE;JNB;AMS;600;885;80;1111111;Boeing 737-900|Boeing 777-300ER;542;1;0;1;0;1;0;682;70;110-695
5606;LH;LH1027+LH430;LHR;MEX;FRA;445;1120;245;1111111;A319|A340-600;561;1;0;1;1;0;0;779;65;80-795
5607;AZ;AZ1081+AZ116;ZRH;HND;FCO;855;1280;350;1111111;A321|A350-900;622;1;0;1;0;0;0;610;77;85-845
5608;BA;BA1441+BA1492;AMS;OPO;LHR;900;425;225;1111111;A320neo|A319;163;1;0;0;1;0;0;161;77;65-135
5609;TK;TK055+MS1451;GRU;CAI;IST;1195;1150;230;1111111;Boeing 787-9|A320neo;614;1;1;1;1;1;0;682;70;795-125
5610;KL;KL643+AM1003;AMS;MEX;JFK;815;950;150;1111111;A330-300|Boeing 737 MAX 8;547;1;1;1;1;1;0;606;71;505-295
5611;EK;EK1003+EK088;ATH;JNB;DXB;1040;1135;365;1111111;Boeing 777-300ER|A380-800;516;1;1;1;1;0;1;741;78;255-515
5612;TK;TK1133+TK1042;DXB;LGW;IST;610;765;255;1111111;A321neo|A321neo;405;1;1;1;0;1;1;369;71;270-240
5613;BA;BA1469+BA014;MAD;JNB;LHR;630;930;110;1111111;A319|A350-1000;553;1;0;1;1;0;0;620;71;125-695
5614;AT;AT1237+AT1282;MAD;RAK;CMN;840;290;145;1111111;Boeing 737-800|Boeing 737-800;130;1;1;1;0;0;0;107;64;100-45
5615;AZ;AZ101+SQ031;JFK;SIN;FCO;1115;1820;555;1111111;A350-900|Boeing 787-10;926;1;1;1;0;1;0;924;83;510-755
5616;AZ;AZ113+SN1245;EZE;BRU;FCO;1210;1130;165;1101111;A330-900neo|A319;697;1;0;1;0;0;0;726;72;840-125
5617;AF;AF1051+AF014;AMS;DSS;CDG;485;705;280;1111111;A220-300|A330-200;391;1;0;1;1;1;0;308;78;65-360
5618;AF;AF1081+AF064;MAD;MEX;CDG;525;1100;220;1111111;A318|A330-200;612;1;0;1;1;0;0;704;83;110-770
5619;LH;LH1206+AI025;MUC;DEL;CPH;585;1050;525;1011101;A321|Boeing 787-8;429;1;0;1;0;0;0;400;68;90-435
5620;LH;LH1091+LH412;BRU;BKK;FRA;1045;760;55;1111111;A320neo|A340-600;587;1;0;1;0;0;0;698;64;55-650
5621;SN;SN1211+SQ039;BOD;SIN;BRU;800;1060;210;0110110;A319|A380-800;687;1;0;1;0;0;0;867;73;95-755
5622;OS;OS1057+OS404;BRU;HND;VIE;820;1135;255;1111111;A321|Boeing 787-9;631;1;0;1;0;1;0;592;76;95-785
5623;LX;LX1483+LX606;DUB;DEL;ZRH;580;935;360;1001001;A321neo|A330-300;541;1;0;1;0;1;0;504;65;120-455
5624;DL;DL1405+AF011+AF016;LAX;ABJ;JFK-CDG;630;1520;105-265;1111111;A330-900neo|Boeing 787-9|Boeing 777-300ER;664;1;0;1;1;1;0;904;77;305-440-405
5625;LH;LH1115+LH416;CMN;HKG;FRA;835;1000;105;1111111;A320neo|A340-600;639;1;0;1;0;1;0;837;69;205-690
5626;LX;LX625+LX1452;SFO;MAD;ZRH;1175;980;145;1111111;A330-300|A320neo;639;1;0;1;0;0;0;714;67;700-135
5627;LH;LH433+LH1032;CUN;LHR;FRA;1170;890;165;1111111;A350-900|A321;520;1;0;1;0;0;0;535;65;635-90
5628;BA;BA041+IB1247;HND;MAD;LHR;710;1135;115;1111111;Boeing 787-9|A321neo;632;1;0;1;0;0;0;628;72;890-130
5629;KL;KL1200+AF1004;AMS;NCE;CDG;460;360;210;1111111;Boeing 737-800|A320;123;1;0;1;0;0;0;109;79;65-85
5630;QR;QR075+QR046;JNB;MAD;DOH;1155;1100;150;1101010;Boeing 777-300ER|Boeing 777-300ER;607;1;1;1;1;1;1;752;80;490-460
5631;KL;KL1225+KL1258;TLS;MUC;AMS;595;325;135;1111111;Boeing 737-800|Embraer 195-E2;148;1;0;0;1;0;0;156;76;105-85
5632;AF;AF1147+AF066;DUB;CUN;CDG;565;925;135;1111111;A321|A330-200;543;1;0;1;1;0;0;613;73;95-695
5633;OS;OS1031+OS404;BER;HND;VIE;595;1360;500;1111111;A320|Boeing 787-9;628;1;0;1;0;0;0;551;76;75-785
5634;BA;BA1505+BA024;MXP;MLE;LHR;820;995;270;1111111;A319|A380-800;517;1;0;1;0;0;0;732;66;105-620
5635;IB;IB1307+IB514;FCO;CUN;MAD;505;995;175;1111111;A321neo|A330-300;602;1;0;1;1;0;0;629;79;145-675
5636;LX;LX609+LX1452;BKK;MAD;ZRH;605;1010;135;1111111;A330-300|A320neo;758;1;0;1;0;1;0;693;70;740-135
5637;AZ;AZ1047+SQ031;BER;SIN;FCO;540;1315;440;1111111;A220-100|Boeing 787-10;643;1;0;1;1;1;0;648;78;120-755
5638;KL;KL1211+KL500;NCE;DXB;AMS;525;560;65;1111111;Boeing 737-800|Boeing 787-10;404;1;0;1;0;0;0;380;73;105-390
5639;LH;LH1085+LH422;GVA;MIA;FRA;580;895;175;1111111;A320neo|Boeing 747-8;515;1;0;1;0;1;0;619;62;65-655
5640;AF;AF1159+AF1044;ATH;LHR;CDG;625;340;70;1111111;A220-300|A320;224;1;0;1;1;0;0;176;72;210-60
5641;LX;LX1403+LX612;CDG;HKG;ZRH;810;1025;265;1111111;A320neo|A340-300;714;1;0;1;0;1;0;734;71;65-695
5642;SN;SN1241+TG031;OPO;BKK;BRU;805;965;155;1111111;A320|Boeing 777-300ER;667;1;0;1;0;0;0;749;69;140-670
5643;NH;NH023+NH1202;FRA;HKG;HND;1150;1160;90;1111111;Boeing 787-9|Boeing 737-800;649;1;1;1;0;0;1;743;83;805-265
5644;LX;LX1445+LX608;BER;BKK;ZRH;565;1225;480;1111111;A320neo|A330-300;682;1;0;1;0;1;0;643;78;90-655
5645;KL;KL1305+KL520;ZRH;YUL;AMS;520;770;210;1111111;Boeing 737-800|Boeing 777-300ER;408;1;0;1;1;0;0;418;69;85-475
5646;AT;AT1228+JL023;CMN;HND;FRA;840;1105;95;1111111;Boeing 737-800|Boeing 777-300ER;670;1;1;1;0;0;0;791;59;205-805
5647;DL;DL1437+DL036;CUN;BCN;JFK;585;955;285;1111111;A321neo|A350-900;556;1;0;1;0;1;1;504;79;210-460
5648;LX;LX1455+LX620;BCN;MIA;ZRH;515;965;210;1111111;A320neo|Boeing 777-300ER;549;1;0;1;0;1;0;582;65;90-665
5649;SK;SK1207+SK204;NCE;LAX;CPH;570;960;90;1111110;A320neo|A330-300;628;1;0;1;1;0;0;703;72;135-735
5650;BA;BA1507+QF015;MXP;SYD;LHR;1140;1470;110;1111111;A320neo|Boeing 787-9;1015;1;0;1;1;1;0;1008;72;105-1255
5651;SN;SN1218+LH434;BRU;GRU;FRA;580;1005;175;1010101;A319|A350-900;605;1;0;1;0;1;0;565;63;55-775
5652;TK;TK1011+SQ041;ORY;SIN;IST;625;1020;170;1111111;A320neo|Boeing 787-10;676;1;1;1;0;1;1;623;71;195-655
5653;LH;LH455+LH1168;LAX;MAD;MUC;1165;1020;150;1111111;Boeing 747-8|A319;639;1;0;1;1;0;0;869;65;715-155
5654;BA;BA1545+BA028;PRG;BKK;LHR;510;1010;200;1111111;A319|A380-800;567;1;0;1;0;0;0;820;65;120-690
5655;KL;KL1229+KL504;BOD;DEL;AMS;590;1035;465;1111111;Embraer 195-E2|A330-300;497;1;0;1;1;0;0;491;73;100-470
5656;NH;NH014+TP1203;HND;LIS;CDG;110;1235;180;1111111;Boeing 777-300ER|A320neo;778;1;0;1;1;1;0;754;60;905-150
5657;AF;AF1111+AF1106;FCO;OPO;CDG;740;555;305;1111111;A321|A318;170;1;0;1;1;0;0;233;72;120-130
5658;BA;BA049+BA1492;LAX;OPO;LHR;1290;935;145;1111111;A350-1000|A319;580;1;0;1;1;0;0;608;77;655-135
5659;AF;AF019+AF1098;JNB;LIS;CDG;1355;1140;305;1111111;A330-200|A321;575;1;0;1;1;0;0;715;72;685-150
5660;AC;AC046+AZ1028;YUL;AMS;FCO;1220;715;90;1111111;Boeing 777-300ER|A320neo;413;1;0;1;1;0;0;537;65;490-135
5661;TP;TP1297+TP1286;RAK;CPH;LIS;535;575;265;1111111;A321LR|A321LR;288;1;0;0;1;1;0;234;57;90-220
5662;EK;EK103+EK040;HND;AMS;DXB;140;1405;295;1111111;A380-800|Boeing 777-300ER;665;1;1;1;1;1;1;929;74;670-440
5663;BA;BA1405+BA036;CDG;HKG;LHR;935;985;200;1111111;A319|A350-1000;626;1;0;1;1;0;0;560;76;60-725
5664;OS;OS405+LH1095;HND;FRA;VIE;605;1020;65;1111111;Boeing 787-9|A321;597;1;0;1;0;0;0;561;66;865-90
5665;AF;AF1069+AF020;MUC;RUN;CDG;550;1005;200;1111111;A321|Boeing 777-300ER;562;1;0;1;0;0;0;677;75;95-710
5666;BA;BA1431+JL019;BOD;HND;LHR;585;1075;150;1111111;A319|A350-1000;683;1;0;1;1;0;0;598;73;95-830
5667;SQ;SQ047+SQ014;SYD;CDG;SIN;845;1655;275;1111111;Boeing 787-10|Boeing 787-10;1045;1;1;1;1;1;1;929;80;510-870
5668;BA;BA1409+BA044;NCE;MIA;LHR;525;945;225;1111111;A321neo|Boeing 787-9;501;1;0;1;1;1;0;476;75;115-605
5669;IB;IB1373+AT1239;CAI;CMN;MAD;605;710;310;1111111;A320neo|Boeing 737 MAX 8;324;1;0;1;0;0;0;298;69;300-100
5670;EK;EK097+EK064;DPS;ZRH;DXB;1100;1395;385;1111111;A350-900|Boeing 777-300ER;757;1;1;1;1;1;1;719;74;600-410
5671;KL;KL511+KL1326;HND;PRG;AMS;75;1080;125;1111111;Boeing 787-10|Boeing 737-800;559;1;0;1;1;0;0;579;72;870-85
5672;LX;LX629+LX1418;GRU;TLS;ZRH;1170;925;100;0011011;A330-300|A321neo;671;1;0;1;0;1;0;684;66;730-95
5673;AZ;AZ103+LH1183;JFK;MUC;FCO;1285;715;110;1111111;A330-900neo|Embraer 190;480;1;0;1;0;0;0;448;67;510-95
5674;AT;AT511+AT1216;GRU;NTE;CMN;1210;980;245;1101101;Boeing 787-9|Boeing 737-800;486;1;1;1;0;0;0;541;72;580-155
5675;NH;NH045+TK035+TK1068;SYD;PMI;HND-IST;920;1995;85-210;1111111;Boeing 777-300ER|A330-300|A321neo;917;1;1;1;0;0;1;1238;71;615-860-225
5676;DL;DL1425+DL052;YUL;BRU;JFK;455;1165;645;1111111;A321neo|A330-900neo;427;1;0;1;1;1;1;366;88;75-445
5677;AF;AF073+AF1154;GRU;PRG;CDG;1225;915;105;1111111;A350-900|A318;631;1;0;1;1;0;0;599;71;720-90
5678;AF;AF017+AF1116;ABJ;MXP;CDG;1345;645;175;1111111;Boeing 777-300ER|A321;396;1;0;1;0;0;0;378;78;395-75
5679;EK;EK081+EK100;TUN;ICN;DXB;895;1315;475;1111111;A380-800|A380-800;683;1;1;1;1;1;1;835;81;340-500
5680;EI;EI1435+EI604;MUC;LAX;DUB;595;970;135;1111111;A321neo|A321XLR;599;1;0;1;0;1;0;570;72;145-690
5681;SQ;SQ040+TK1016;SIN;NCE;IST;580;965;90;1111111;Boeing 787-10|A320neo;703;1;1;1;1;1;1;594;78;690-185
5682;LH;LH445+LH1142;SIN;MRS;MUC;615;960;40;1111111;A340-600|Embraer 190;678;1;0;1;0;1;0;826;71;820-100
5683;QR;QR039+QR080;AMS;DPS;DOH;925;1480;505;0010011;A380-800|Boeing 787-9;771;1;1;1;0;1;1;796;85;375-600
5684;JL;JL020+BA1452;HND;FRA;LHR;705;1075;105;1111111;Boeing 787-9|A321neo;629;1;0;1;0;1;0;579;69;890-80
5685;AF;AF1063+AF054;FRA;LAX;CDG;750;960;140;1111111;A318|A350-900;588;1;0;1;1;0;0;542;72;70-750
5686;TP;TP1307+TP1216;DSS;ORY;LIS;825;515;145;1111111;A320neo|A320neo;351;1;0;0;0;1;0;308;57;235-135
5687;LH;LH1141+LH1156;MRS;AMS;MUC;590;335;155;1111111;A319|A320neo;130;1;0;0;1;1;0;130;68;90-90
5688;TG;TG1218+NH1209;BKK;HND;ICN;620;505;100;1111111;A320neo|Boeing 737-800;351;1;1;1;0;0;0;367;84;290-115
5689;TK;TK1079+TK022;FCO;DEL;IST;735;660;180;1111111;A321neo|Boeing 777-300ER;411;1;1;1;0;1;1;412;75;130-350
5690;AA;AA1023+AA040;MIA;MXP;JFK;575;1125;475;1111111;A321|Boeing 777-200ER;511;1;0;1;1;0;1;620;68;170-480
5691;LH;LH1156+AI019;MUC;DEL;AMS;835;825;265;1111111;A320neo|A350-900;422;1;0;1;0;0;0;403;68;90-470
5692;TK;TK1093+TG035;GVA;BKK;IST;835;890;170;1111111;Boeing 737 MAX 8|A350-900;619;1;1;1;0;0;0;537;72;170-550
5693;KL;KL1331+KL524;ATH;CUN;AMS;590;990;75;1111111;Boeing 737-800|A330-300;596;1;0;1;0;0;0;713;69;215-700
5694;AF;AF067+AF1092;CUN;BCN;CDG;1215;930;225;1111111;A330-200|A321;571;1;0;1;1;0;0;620;82;610-95
5695;BA;BA1455+BA032;MUC;SIN;LHR;520;1090;205;1111111;A320neo|A350-1000;621;1;0;1;0;0;0;673;68;110-775
5696;LH;LH443+LH1204;BKK;VIE;MUC;595;870;95;1111111;A340-600|A321;528;1;0;1;0;0;0;693;65;720-55
5697;AF;AF023+AF1018;JFK;MRS;CDG;1290;715;190;1111111;A330-200|A318;428;1;0;1;1;0;0;444;74;440-85
5698;TU;TU501+TU1262;YUL;IST;TUN;1165;900;245;1111111;A330-200|A320neo;499;1;1;1;0;1;0;552;53;500-155
5699;LX;LX1415+LX620;MRS;MIA;ZRH;570;910;175;1111111;A320neo|Boeing 777-300ER;611;1;0;1;0;1;0;553;67;70-665
5700;QR;QR046+IB514;DOH;CUN;MAD;415;1205;70;1111111;Boeing 777-300ER|A330-300;806;1;1;1;1;0;0;864;80;460-675
5701;TG;TG032+TK1020;BKK;MRS;IST;115;1170;345;1111111;Boeing 787-9|A320neo;602;1;1;1;0;0;0;541;76;625-200
5702;IB;IB1241+AT1237;LHR;CMN;MAD;485;395;165;1111111;A321neo|Boeing 737-800;191;1;0;1;0;0;0;191;71;130-100
5703;MS;MS1415+MS608;MUC;BKK;CAI;820;845;75;1111111;A320neo|A330-300;481;1;1;1;0;0;0;649;62;215-555
5704;TP;TP203+TP1306;JFK;DSS;LIS;1280;920;270;1111111;A321LR|A320neo;473;1;0;1;0;0;0;483;62;405-245
5705;AA;AA033+QF029;BCN;SYD;JFK;745;2235;460;1111111;Boeing 777-300ER|A380-800;948;1;1;1;1;1;1;1597;70;525-1250
5706;KL;KL1339+KL1324;CAI;DUB;AMS;595;620;235;1111111;Embraer 195-E2|Embraer 195-E2;347;1;0;0;0;0;0;284;80;285-100
5707;LH;LH1145+LH1204;TLS;VIE;MUC;830;275;120;1011111;A321|A321;169;1;0;0;0;0;0;131;63;100-55
5708;BA;BA019+BA046;DXB;LAX;LHR;405;1275;85;1111111;Boeing 787-9|Boeing 777-300ER;740;1;1;1;0;0;0;870;72;465-725
5709;LH;LH417+LH1062;HKG;BCN;FRA;625;1045;150;1111111;A340-600|A321;616;1;0;1;0;0;0;793;65;775-120
5710;LH;LH423+LX1439;MIA;ZRH;FRA;1185;985;350;1111111;Boeing 747-8|A220-300;507;1;0;1;0;1;0;604;67;580-55
5711;BA;BA1461+BA056;BER;MEX;LHR;505;1110;255;1111111;A320neo|A350-1000;616;1;0;1;1;1;0;567;75;110-745
5712;LH;LH411+LH1046;DEL;MUC;FRA;620;760;190;1111111;Boeing 747-8|A320neo;460;1;0;1;0;1;0;483;68;515-55
5713;SN;SN1253+TG031;ZRH;BKK;BRU;560;1270;525;1111111;A320|Boeing 777-300ER;590;1;0;1;0;0;0;650;73;75-670
5714;AF;AF061+AF1166;YUL;CMN;CDG;1215;690;85;1111111;Boeing 777-300ER|A318;402;1;0;1;1;1;0;514;78;415-190
5715;KL;KL1205+KL504;CDG;DEL;AMS;825;800;270;1111111;Boeing 737-900|A330-300;440;1;0;1;0;0;0;454;74;60-470
5716;KL;KL1229+KL524;BOD;CUN;AMS;590;930;130;1111111;Embraer 195-E2|A330-300;551;1;0;1;0;0;0;616;69;100-700
5717;OS;OS409+OS402;YUL;BKK;VIE;1190;1640;545;0111011;Boeing 787-9|Boeing 787-9;747;1;1;1;0;1;0;814;77;485-610
5718;AF;AF1069+AF1090;MUC;BCN;CDG;550;280;90;1111111;A321|A320;148;1;0;1;1;0;0;154;72;95-95
5719;KL;KL521+KL1264;YUL;BER;AMS;1190;790;300;1111111;Boeing 777-300ER|Boeing 737-800;462;1;0;1;0;0;0;417;68;415-75
5720;LH;LH1065+LH1046;LIS;MUC;FRA;585;465;235;1111111;A320neo|A320neo;192;1;0;0;0;0;0;151;68;175-55
5721;TG;TG032+TK042;BKK;MIA;IST;115;1760;340;1111111;Boeing 787-9|A350-900;816;1;1;1;0;0;0;934;78;625-795
5722;AF;AF025+AF048;DXB;MIA;CDG;260;1290;220;1111111;A330-200|Boeing 777-300ER;736;1;1;1;0;0;0;820;79;445-625
5723;DL;DL1421+DL036;MIA;BCN;JFK;590;950;320;1111111;Boeing 757-200|A350-900;505;1;0;1;0;1;1;497;79;170-460
5724;TK;TK1048+SQ025;IST;SIN;FRA;605;1355;430;1111111;A320neo|A380-800;563;1;1;1;1;1;1;892;73;190-735
5725;EK;EK125+EK090;EZE;BKK;DXB;1270;1850;445;1111111;Boeing 777-300ER|A380-800;1037;1;1;1;1;1;1;1255;73;1015-390
5726;EI;EI1439+EI604;BER;LAX;DUB;575;990;155;1111111;A321neo|A321XLR;612;1;0;1;1;1;0;566;68;145-690
5727;BA;BA1485+BA1552;LIS;ATH;LHR;585;670;305;1111111;A319|A320neo;247;1;0;0;0;0;0;288;75;155-210
5728;TP;TP1247+TP1308;AMS;ABJ;LIS;595;610;115;1111111;A321neo|A320neo;372;1;0;0;1;1;0;377;59;190-305
5729;LH;LH1085+LH406;GVA;JNB;FRA;580;905;170;1001001;A320neo|A340-600;539;1;0;1;0;1;0;688;62;65-670
5730;TK;TK1081+TG035;FCO;BKK;IST;945;780;100;1111111;Boeing 737 MAX 8|A350-900;601;1;1;1;0;0;0;525;72;130-550
5731;AF;AF1129+AF030;GVA;DEL;CDG;535;1145;595;1111111;A320|Boeing 777-300ER;461;1;0;1;1;0;0;468;77;65-485
5732;AF;AF057+KL1209;SFO;AMS;CDG;1220;940;210;1111111;A330-200|Embraer 195-E2;562;1;0;1;1;1;0;616;69;670-60
5733;KL;KL1211+KL530;NCE;JNB;AMS;525;960;160;1111111;Boeing 737-800|Boeing 777-300ER;592;1;0;1;0;0;0;684;70;105-695
5734;TG;TG023+TG040;FRA;SYD;BKK;1165;1410;180;1111111;A350-900|Boeing 777-300ER;907;1;1;1;0;1;0;980;73;650-580
5735;BA;BA1559+BA018;CMN;DXB;LHR;585;800;195;1111111;A321neo|Boeing 787-9;465;1;0;1;1;0;0;441;70;195-410
5736;IB;IB507+IB1296;MIA;LIS;MAD;1200;815;210;1111111;A330-200|A320neo;448;1;0;1;1;1;0;505;89;525-80
5737;AA;AA1041+QF029;CUN;SYD;JFK;620;2000;540;1111111;A321|A380-800;921;1;0;1;1;0;1;1397;70;210-1250
5738;AF;AF1085+AF046;MAD;HND;CDG;960;1190;240;1111111;A320|Boeing 777-300ER;670;1;0;1;0;0;0;737;80;110-840
5739;NH;NH1207+NH014;ICN;CDG;HND;840;1615;595;1111111;Boeing 737-800|Boeing 777-300ER;601;1;1;1;1;0;1;752;89;115-905
5740;BA;BA1523+BA054;BRU;YUL;LHR;835;605;90;1111111;A320neo|Boeing 787-9;436;1;0;1;1;0;0;314;65;65-450
5741;AF;AF1175+AF066;TUN;CUN;CDG;535;1015;170;1111111;A321|A330-200;584;1;0;1;1;1;0;683;73;150-695
5742;LH;LH1031+OS1025;LHR;VIE;FRA;750;325;165;1111111;A320neo|Embraer 195;154;1;0;0;1;0;0;117;70;80-80
5743;OS;OS401+OS1052;MLE;ZRH;VIE;630;775;85;1100100;Boeing 787-9|A321;549;1;0;1;0;0;0;457;72;600-90
5744;AF;AF071+AF1070;FDF;MUC;CDG;1220;875;275;1111111;A350-900|A318;539;1;0;1;1;0;0;443;80;515-85
5745;AF;AF1003+AF054;NCE;LAX;CDG;585;1125;280;1111111;A220-300|A350-900;616;1;0;1;1;1;0;555;79;95-750
5746;AF;AF033+DL015;BKK;JFK;CDG;115;1390;120;1111111;A350-900|A350-900;789;1;1;1;1;1;0;834;79;770-500
5747;TG;TG026+LX1434;BKK;AMS;ZRH;630;920;95;1111111;Boeing 777-300ER|A321neo;591;1;0;1;1;1;0;639;74;740-85
5748;IB;IB1303+IB514;OPO;CUN;MAD;610;830;90;1111111;A320neo|A330-300;544;1;0;1;0;0;0;554;85;65-675
5749;TP;TP1240+NH021;LIS;HND;LHR;610;1500;515;1111111;A321LR|Boeing 787-9;653;1;0;1;0;0;0;629;62;155-830
5750;AF;AF1037+AF044;NTE;HND;CDG;625;1025;125;1111111;A220-300|A330-200;663;1;0;1;0;1;0;662;72;60-840
5751;BA;BA1535+BA026;CPH;DEL;LHR;820;875;270;1111111;A320neo|Boeing 777-300ER;421;1;0;1;1;0;0;520;71;110-495
5752;AH;AH105+AH102;YUL;DOH;ALG;1215;1160;335;0010011;A330-900neo|A330-900neo;570;1;1;1;0;0;1;601;56;465-360
5753;KL;KL531+KL514;JNB;MIA;AMS;1320;1620;285;1111111;Boeing 777-300ER|A330-300;802;1;1;1;0;1;0;1070;72;705-630
5754;EI;EI1459+EI606;MXP;SFO;DUB;575;985;160;1011111;A321neo|A330-300;563;1;0;1;0;0;0;648;75;145-680
5755;LH;LH1071+LH412;FCO;BKK;FRA;530;1275;520;1111111;A319|A340-600;588;1;0;1;0;0;0;769;63;105-650
5756;LH;LH1111+LH1004;IST;CDG;FRA;590;430;170;1111111;A320neo|A320neo;213;1;0;0;1;0;0;161;66;190-70
5757;AF;AF1089+AF030;BCN;DEL;CDG;520;1160;580;1111111;A220-300|Boeing 777-300ER;491;1;0;1;1;1;0;499;81;95-485
5758;TG;TG032+TK044;BKK;LAX;IST;115;1835;335;1111111;Boeing 787-9|A350-900;812;1;1;1;0;0;0;1011;74;625-875
5759;BA;BA1553+BA040;ATH;HND;LHR;1050;1170;105;1111111;A320neo|Boeing 787-9;634;1;0;1;1;0;0;687;65;235-830
5760;DL;DL031+DL1430;BER;YUL;JFK;800;785;165;1111111;A350-900|Boeing 757-200;457;1;0;1;1;0;1;411;77;545-75
5761;AC;AC048+LX600;YUL;JNB;ZRH;1210;1320;220;0111111;A330-300|A340-300;748;1;1;1;0;1;0;1019;76;450-650
5762;LX;LX629+LX1402;GRU;CDG;ZRH;1170;915;110;0011011;A330-300|A320neo;656;1;0;1;0;1;0;665;66;730-75
5763;MS;MS1446+TK1012;CAI;ORY;IST;535;700;345;1111111;A220-300|A321neo;279;1;1;1;0;0;0;255;68;130-225
5764;KL;KL1318+SK204;AMS;LAX;CPH;600;930;115;1111110;Embraer 195-E2|A330-300;588;1;0;1;0;1;0;640;72;80-735
5765;IB;IB1209+IB500+QR088;ORY;SYD;MAD-DOH;545;2170;270-460;1111111;A321neo|A330-200|A350-1000;888;1;0;1;0;1;0;1109;78;115-400-925
5766;LH;LH1125+LH456;CDG;SFO;MUC;480;1095;245;1011101;A319|A340-600;609;1;0;1;1;0;0;774;65;85-765
5767;JL;JL024+AA1032;HND;MIA;JFK;1015;1130;145;1111111;Boeing 777-300ER|Boeing 737-800;822;1;0;1;1;1;1;847;81;810-175
5768;BA;BA178+BA1416;JFK;LYS;LHR;1295;760;250;1111111;A350-1000|A319;448;1;0;1;0;0;0;378;67;420-90
5769;BA;BA1447+BA1430;FRA;BOD;LHR;480;265;80;1111111;A321neo|A319;133;1;0;0;0;0;0;129;70;90-95
5770;AA;AA016+BA1562;JFK;RAK;LHR;1140;825;185;1111111;Boeing 777-300ER|A319;443;1;0;1;0;0;0;544;71;420-220
5771;EK;EK015+EK096;CDG;DPS;DXB;610;1690;720;1111111;A350-900|A350-900;849;1;1;1;1;1;1;695;74;395-575
5772;AF;AF1027+AF026;TLS;DXB;CDG;740;800;325;1111111;A320|Boeing 777-300ER;424;1;0;1;1;1;0;401;75;80-395
5773;AF;AF1081+AF028;MAD;MLE;CDG;525;1270;560;1111111;A318|A350-900;566;1;0;1;0;0;0;558;73;110-600
5774;LH;LH1191+LH462;ZRH;CUN;MUC;585;985;190;1010100;A320neo|A350-900;572;1;0;1;1;1;0;507;68;50-745
5775;AF;AF1089+AF024;BCN;DXB;CDG;520;590;100;1111111;A220-300|A330-200;389;1;0;1;1;1;0;413;82;95-395
5776;IB;IB1321+IB500;ZRH;DOH;MAD;540;790;255;1111111;A321XLR|A330-200;380;1;0;1;0;1;0;451;90;135-400
5777;LH;LH445+LH1162;SIN;BER;MUC;615;930;40;1111111;A340-600|A319;676;1;0;1;0;0;0;798;64;820-70
5778;LH;LH441+LH1142;DEL;MRS;MUC;610;815;215;0011011;Boeing 747-8|Embraer 190;481;1;0;1;0;1;0;516;65;500-100
5779;TK;TK043+LH1113;MIA;FRA;IST;1190;1015;120;1111111;A350-900|A321;556;1;0;1;1;0;0;670;64;705-190
5780;LH;LH1203+LH456;VIE;SFO;MUC;600;975;145;1011101;A320neo|A340-600;637;1;0;1;1;0;0;735;65;65-765
5781;AZ;AZ1009+LH1183;NCE;MUC;FCO;545;375;215;1111111;A220-100|Embraer 190;114;1;0;0;0;0;0;112;67;65-95
5782;AC;AC032+AZ1021;YUL;FCO;LHR;1305;715;185;1111111;Boeing 777-300ER|A321;480;1;0;1;1;0;0;483;70;395-135
5783;TP;TP1265+TP206;BCN;SFO;LIS;510;1120;255;1111111;A321LR|A321LR;577;1;0;1;0;1;0;582;59;115-750
5784;KL;KL1315+KL518;VIE;SFO;AMS;600;935;105;1111111;Boeing 737-900|Boeing 777-300ER;599;1;0;1;0;1;0;667;72;110-720
5785;KL;KL1239+KL1212;LHR;NCE;AMS;565;305;140;1111111;Embraer 195-E2|Embraer 195-E2;143;1;0;0;0;0;0;113;70;60-105
5786;TG;TG024+LH1188;BKK;MXP;MUC;625;855;70;1111111;Boeing 787-9|A320neo;613;1;0;1;0;1;0;512;72;720-65
5787;DL;DL032+KL1269;JFK;AMS;MAD;1070;635;65;1111111;A350-900|Embraer 195-E2;426;1;0;1;0;0;0;437;73;430-140
5788;AZ;AZ1099+AZ114;ATH;HND;FCO;525;1175;210;1111111;A321|A330-900neo;659;1;0;1;0;0;0;649;82;120-845
5789;TK;TK1015+TK1134;NCE;DXB;IST;610;585;185;1111111;Boeing 737 MAX 8|Boeing 737 MAX 8;339;1;1;1;1;0;1;323;72;160-240
5790;EK;EK125+EK096;EZE;DPS;DXB;1270;2230;640;1111111;Boeing 777-300ER|A350-900;1008;1;1;1;1;1;1;1298;73;1015-575
5791;AZ;AZ103+AZ1094;JFK;VIE;FCO;1285;955;350;1111111;A330-900neo|A320neo;453;1;0;1;0;1;0;440;73;510-95
5792;TK;TK055+TK020;GRU;MLE;IST;1195;1510;260;1111111;Boeing 787-9|Boeing 787-9;757;1;1;1;1;1;1;907;72;795-455
5793;LH;LH410+AI030;FRA;SYD;DEL;1135;1735;495;1010100;Boeing 747-8|Boeing 777-300ER;848;1;1;1;1;0;0;1136;68;455-785
5794;AF;AF008+DL1412;CDG;LAX;JFK;755;1070;220;1111111;A350-900|Boeing 767-400ER;521;1;0;1;1;0;1;684;78;500-350
5795;LH;LH1088+SN1206;FRA;MRS;BRU;580;315;160;1111111;Embraer 190|A320;124;1;0;0;0;1;0;114;68;60-95
5796;AF;AF061+AF032;YUL;BKK;CDG;1215;1350;255;1111111;Boeing 777-300ER|A350-900;751;1;1;1;1;1;0;875;78;415-680
5797;AZ;AZ107+AZ118;LAX;DEL;FCO;1205;1310;115;1111111;A350-900|A350-900;751;1;1;1;0;1;0;881;81;755-440
5798;TU;TU1265+TU1246;CMN;FCO;TUN;825;315;80;1111111;A320neo|A319;173;1;1;1;0;0;0;170;50;155-80
5799;LX;LX609+LX1488;BKK;PRG;ZRH;605;875;65;1111111;A330-300|A320neo;672;1;0;1;0;0;0;631;70;740-70
5800;LX;LX623+LX1458;LAX;BCN;ZRH;1155;970;160;1111111;A340-300|A220-300;651;1;0;1;0;1;0;785;72;710-100
5801;IB;IB1203+IB1304;CDG;OPO;MAD;740;405;220;1111111;A321neo|A321neo;162;1;0;0;1;0;0;126;78;115-70
5802;AF;AF069+AF1052;PTP;AMS;CDG;1205;685;115;1111111;A350-900|A320;510;1;0;1;1;0;0;409;78;510-60
5803;IB;IB1275+IB1342;BCN;PRG;MAD;550;445;205;1111111;A321XLR|A321XLR;164;1;0;0;1;1;0;158;86;75-165
5804;LH;LH419+LH1056;ICN;MAD;FRA;625;1130;170;1111111;A340-600|A320neo;628;1;0;1;1;0;0;758;62;810-150
5805;QR;QR019+QR080;CDG;DPS;DOH;1225;1180;205;0010011;A350-1000|Boeing 787-9;816;1;1;1;0;1;1;700;88;375-600
5806;AC;AC052+SN1210;YUL;BOD;BRU;1220;745;225;1001100;Boeing 787-9|A319;423;1;0;1;0;0;0;381;68;420-100
5807;TP;TP1247+TP204;AMS;MIA;LIS;595;855;95;1111111;A321neo|A330-900neo;524;1;0;1;1;1;0;489;57;190-570
5808;AZ;AZ1105+AZ112;IST;EZE;FCO;495;1340;320;1011111;A321|A330-900neo;699;1;0;1;1;1;0;746;74;145-875
5809;AF;AF1071+AF038;MUC;SIN;CDG;865;1205;345;1111111;A318|Boeing 777-300ER;651;1;0;1;0;0;0;765;74;95-765
5810;IB;IB1365+IB1304;TUN;OPO;MAD;620;525;320;1111111;A321XLR|A321neo;188;1;0;0;1;0;0;143;78;135-70
5811;TK;TK1060+TP1261;IST;LIS;MAD;615;410;80;1111111;A321neo|A321LR;299;1;0;1;1;1;0;225;61;250-80
5812;LH;LH443+LH1196;BKK;GVA;MUC;595;885;90;1111111;A340-600|Embraer 190;611;1;0;1;0;1;0;707;65;720-75
5813;SK;SK1212+KE017;CPH;ICN;LHR;805;1160;285;1111111;A321LR|A380-800;544;1;0;1;0;1;0;745;73;110-765
5814;AF;AF059+AF1146;YUL;DUB;CDG;1080;665;145;1111111;A330-200|A321;411;1;0;1;1;0;0;438;77;415-105
5815;TK;TK1115+TK022;CMN;DEL;IST;620;775;165;1111111;A321neo|Boeing 777-300ER;521;1;1;1;1;1;1;519;74;260-350
5816;TG;TG019+TG1214;LHR;HKG;BKK;805;985;130;1111111;Boeing 787-9|A320neo;591;1;1;1;0;1;0;636;84;690-165
5817;LH;LH461+LH1208;MEX;CPH;MUC;1185;980;165;0110101;A350-900|A319;657;1;0;1;1;0;0;619;74;725-90
5818;AF;AF007+AF1024;JFK;TLS;CDG;1060;610;85;1111111;Boeing 777-300ER|A220-300;459;1;0;1;1;0;0;430;72;440-85
5819;LX;LX1524+AZ104;GVA;MIA;FCO;575;965;180;1111111;A321neo|A350-900;587;1;0;1;0;1;0;513;74;85-700
5820;NH;NH033+SQ045;JFK;SIN;HND;1355;1970;670;1111111;Boeing 777-300ER|Boeing 777-300ER;943;1;1;1;0;1;1;1051;84;865-435
5821;AI;AI1406+NH043;DEL;HND;BKK;620;765;165;1111111;A320neo|Boeing 787-9;412;1;1;1;0;1;0;449;74;245-355
5822;LH;LH1155+LH1144;AMS;TLS;MUC;505;415;220;1011111;Embraer 190|A321;136;1;0;0;1;0;0;162;62;85-110
5823;SN;SN1219+AC053;FRA;YUL;BRU;555;770;230;1101111;A319|Boeing 787-9;451;1;0;1;0;0;0;334;69;60-480
5824;QF;QF014+BA1502;SYD;MXP;LHR;1095;1545;140;1111111;Boeing 787-9|A321neo;932;1;0;1;1;0;0;1008;66;1310-95
5825;BA;BA1417+BA024;LYS;MLE;LHR;825;990;270;1111111;A319|A380-800;518;1;0;1;0;0;0;714;66;100-620
5826;LH;LH1015+LH408;LYS;DXB;FRA;590;700;255;1111111;A320neo|A350-900;420;1;0;1;0;0;0;310;61;75-370
5827;TK;TK1137+TK1072;DOH;LIS;IST;600;745;205;1111111;A320neo|A321neo;404;1;1;1;0;1;1;401;70;250-290
5828;KE;KE1203+KE020;BKK;FRA;ICN;1035;1680;580;1111111;A321neo|Boeing 787-9;557;1;1;1;0;1;0;713;86;290-810
5829;KL;KL1251+KL510;FRA;HND;AMS;505;1065;195;1111111;Embraer 195-E2|Boeing 787-10;548;1;0;1;0;0;0;539;70;65-805
5830;QR;QR030+AA053;DOH;MIA;LHR;485;1155;105;1111111;Boeing 787-9|Boeing 777-300ER;720;1;1;1;1;1;1;748;70;445-605
5831;BA;BA1451+QR033;FRA;DOH;LHR;940;655;170;1111111;A320neo|Boeing 777-300ER;415;1;0;1;0;1;0;396;69;90-395
5832;BA;BA033+BA1558;SIN;CMN;LHR;85;1205;120;1111111;A350-1000|A321neo;677;1;0;1;1;1;0;735;67;880-205
5833;TG;TG1213+TG014;DPS;CDG;BKK;1085;1285;260;1111111;A320neo|Boeing 787-9;681;1;1;1;0;0;0;715;77;255-770
5834;OS;OS1011+OS400;LYS;MLE;VIE;825;865;235;1001001;A320|Boeing 787-9;549;1;0;1;0;0;0;488;81;95-535
5835;LX;LX615+LX1434;HND;AMS;ZRH;590;1080;95;1111111;A330-300|A321neo;701;1;0;1;1;1;0;674;69;900-85
5836;AF;AF1050+KL518;CDG;SFO;AMS;480;1055;275;1111111;A220-300|Boeing 777-300ER;542;1;0;1;0;1;0;605;72;60-720
5837;TP;TP209+TP1226;YUL;MRS;LIS;1175;675;155;1111111;A321LR|A320neo;394;1;0;1;1;1;0;396;64;395-125
5838;SN;SN1251+SQ039;GVA;SIN;BRU;790;1070;240;1111111;A320|A380-800;668;1;0;1;0;1;0;842;67;75-755
5839;BA;BA1533+BA052;CPH;YUL;LHR;520;690;130;1111111;A319|A350-1000;437;1;0;1;1;1;0;383;69;110-450
5840;KE;KE016+SK1215;ICN;CPH;LHR;595;1165;230;1111111;A380-800|A320neo;546;1;0;1;1;1;0;745;69;835-100
5841;LH;LH1161+LH462;BER;CUN;MUC;595;975;160;1010100;A321|A350-900;591;1;0;1;1;1;0;532;68;70-745
5842;IB;IB1359+IB1258;RAK;FRA;MAD;550;420;175;1111111;A320neo|A320neo;223;1;0;0;1;1;0;209;81;110-135
5843;LH;LH1059+UA019;BCN;SFO;FRA;510;1040;185;1111111;Embraer 190|Boeing 777-300ER;648;1;0;1;0;0;0;704;72;110-745
5844;AF;AF1129+AF036;GVA;SIN;CDG;535;1045;215;1111111;A320|A330-200;666;1;0;1;0;0;0;738;77;65-765
5845;KL;KL1269+KL510;MAD;HND;AMS;485;1085;140;1111111;Embraer 195-E2|Boeing 787-10;647;1;0;1;0;0;0;631;73;140-805
5846;UA;UA1417+UA032;MIA;SYD;SFO;825;1650;345;0101010;Boeing 777-300ER|Boeing 787-10;911;1;0;1;1;0;1;985;72;365-940
5847;IB;IB1331+IB508;BRU;LAX;MAD;605;1010;100;1111111;A320neo|A330-200;616;1;0;1;0;1;0;721;83;135-775
5848;AF;AF029+AF1066;MLE;FRA;CDG;655;860;115;1111111;A350-900|A320;542;1;0;1;0;0;0;497;71;680-65
5849;BA;BA1489+BA1546;OPO;PRG;LHR;510;430;200;1111111;A320neo|A320neo;204;1;0;0;1;0;0;197;66;125-105
5850;LH;LH409+LH1060;DXB;BCN;FRA;385;725;190;1111111;A350-900|A320neo;383;1;0;1;0;1;0;356;70;415-120
5851;TP;TP1200+SQ017;LIS;SIN;CDG;495;1465;560;1111111;A321LR|A350-900;686;1;0;1;1;1;0;709;56;140-765
5852;BA;BA1487+BA040;LIS;HND;LHR;1040;1060;75;1111111;A320neo|Boeing 787-9;670;1;0;1;1;0;0;629;72;155-830
5853;KL;KL1265+KL1308;BER;ZRH;AMS;835;360;195;1111111;Boeing 737-800|Boeing 737-900;119;1;0;0;1;0;0;120;75;85-80
5854;EK;EK097+EK054;DPS;LIS;DXB;1100;1490;365;1111111;A350-900|A380-800;795;1;1;1;1;0;1;868;74;600-525
5855;AF;AF1069+AF1098;MUC;LIS;CDG;550;445;200;1111111;A321|A321;195;1;0;1;1;0;0;215;84;95-150
5856;IB;IB1242+BA048;MAD;LAX;LHR;730;990;140;1111111;A321XLR|A350-1000;563;1;0;1;0;0;0;583;75;125-725
5857;TU;TU1265+TU1230;CMN;FRA;TUN;825;375;75;1111111;A320neo|A320neo;191;1;1;1;0;0;0;235;50;155-145
5858;IB;IB1373+IB504;CAI;JFK;MAD;605;895;100;1111111;A320neo|A330-200;590;1;0;1;1;1;0;600;88;300-495
5859;LX;LX1468+AZ116;ZRH;HND;FCO;1110;1025;95;1111111;A220-300|A350-900;667;1;0;1;0;0;0;598;65;85-845
5860;AA;AA026+QR017;JFK;DOH;CDG;1300;1095;280;1111111;Boeing 787-9|A380-800;699;1;1;1;1;1;1;690;74;440-375
5861;AZ;AZ1043+AZ116;MUC;HND;FCO;835;1300;360;1111111;A320neo|A350-900;561;1;0;1;0;1;0;601;83;95-845
5862;AT;AT1218+BA054;CMN;YUL;LHR;625;815;170;1111111;Boeing 737 MAX 8|Boeing 787-9;391;1;1;1;0;1;0;425;60;195-450
5863;OS;OS403+OS1008;BKK;NCE;VIE;630;890;90;1111111;Boeing 787-9|A320;556;1;0;1;0;0;0;549;73;695-105
5864;AI;AI1407+AI036;BKK;YUL;DEL;645;1465;320;1111111;A320neo|Boeing 787-8;743;1;1;1;1;1;0;814;66;255-890
5865;AZ;AZ1041+AZ1100;MUC;ATH;FCO;540;420;220;1111111;A220-100|A220-100;178;1;0;0;0;0;0;152;75;95-105
5866;KL;KL1301+KL504;MXP;DEL;AMS;825;800;230;1111111;Embraer 195-E2|A330-300;466;1;0;1;1;1;0;481;74;100-470
5867;EK;EK105+EK084;HND;DSS;DXB;1250;1435;155;1111111;Boeing 777-300ER|Boeing 777-300ER;814;1;1;1;1;1;1;1008;78;670-610
5868;BA;BA049+BA1432;LAX;BOD;LHR;1290;830;80;1111111;A350-1000|A320neo;607;1;0;1;1;1;0;540;76;655-95
5869;LH;LH420+NH1202;FRA;HKG;HND;1150;1160;90;1111111;A340-600|Boeing 737-800;610;1;1;1;1;0;0;932;64;805-265
5870;AA;AA052+BA1410;MIA;NCE;LHR;1220;845;210;1111111;Boeing 777-300ER|A319;577;1;0;1;0;1;0;566;66;530-105
5871;TK;TK1100+SQ037;IST;SIN;CPH;835;1100;190;1111111;A321neo|A350-900;585;1;1;1;1;1;1;677;73;195-715
5872;TK;TK1011+TK1138;ORY;DOH;IST;625;530;115;1111111;A320neo|A321neo;384;1;1;1;0;0;1;334;71;195-220
5873;LH;LH1003+LH418;CDG;ICN;FRA;650;1250;450;1111111;Embraer 190|A340-600;575;1;0;1;0;0;0;684;64;65-735
5874;BA;BA1467+BA036;MAD;HKG;LHR;450;1470;620;1111111;A321neo|A350-1000;680;1;0;1;1;0;0;630;73;125-725
5875;LH;LH1111+LH428;IST;YUL;FRA;590;865;175;1111111;A320neo|A340-600;502;1;0;1;1;0;0;561;68;190-500
5876;AZ;AZ1040+LH462;FCO;CUN;MUC;535;1035;195;1010100;A220-100|A350-900;579;1;0;1;0;1;0;547;68;95-745
5877;IB;IB1221+IB500;LYS;DOH;MAD;610;720;215;1111111;A321neo|A330-200;392;1;0;1;0;1;0;423;86;105-400
5878;NH;NH032+TP203;HND;LIS;JFK;1185;1340;125;1111111;Boeing 777-300ER|A321LR;816;1;1;1;0;1;0;1002;62;810-405
5879;TK;TK019+TK1002;JNB;CDG;IST;1335;915;105;1111111;A330-300|A320neo;598;1;1;1;0;1;1;636;72;590-220
5880;TP;TP203+TP1274;JFK;MXP;LIS;1280;840;280;1111111;A321LR|A321LR;424;1;0;1;0;1;0;406;60;405-155
5881;MS;MS1448+TK032;CAI;ICN;IST;835;945;140;1111111;Boeing 737-800|A330-300;476;1;1;1;0;0;0;641;62;130-675
5882;AT;AT1218+BA1568;CMN;CAI;LHR;625;750;280;1111111;Boeing 737 MAX 8|A319;308;1;0;1;0;0;0;423;60;195-275
5883;KL;KL1202+AF1084;AMS;MAD;CDG;620;460;280;1111111;Embraer 195-E2|A320;154;1;0;1;0;0;0;140;74;65-115
5884;LX;LX1500+AC031;GVA;YUL;LHR;495;745;195;1111111;A220-300|Boeing 787-9;487;1;0;1;1;1;0;348;68;100-450
5885;AM;AM014+AF030;MEX;DEL;CDG;1230;1470;305;1111111;Boeing 787-8|Boeing 777-300ER;771;1;1;1;1;1;0;929;75;680-485
5886;AI;AI014+TP1207;DEL;LIS;CDG;640;965;265;1111111;Boeing 777-300ER|A321LR;530;1;0;1;0;1;0;550;61;550-150
5887;AZ;AZ109+AZ1102;SFO;ATH;FCO;1190;955;105;1111111;A330-900neo|A320neo;671;1;0;1;0;1;0;640;85;745-105
5888;EK;EK093+EK120;BKK;MEX;DXB;1235;2030;485;1111111;Boeing 777-300ER|A380-800;1023;1;1;1;1;1;1;1390;81;410-1135
5889;DL;DL1417+DL030;SFO;BER;JFK;585;895;95;1111111;A330-900neo|A350-900;619;1;0;1;1;0;1;628;78;320-480
5890;JL;JL1000+CX034;HND;DXB;HKG;585;1130;355;1111111;Boeing 737-800|Boeing 777-300ER;602;1;1;1;0;1;0;617;81;265-510
5891;SN;SN1219+SN500;FRA;DSS;BRU;555;595;155;1111110;A319|A330-300;383;1;0;1;0;0;0;321;65;60-380
5892;DL;DL081+DL074;EZE;HND;JFK;875;2230;695;1101010;A350-900|Boeing 767-400ER;943;1;1;1;1;1;1;1279;86;670-865
5893;SN;SN1256+OS400;BRU;MLE;VIE;790;900;270;1001001;A320|Boeing 787-9;574;1;0;1;0;0;0;489;71;95-535
5894;KE;KE014+AF1022;ICN;MRS;CDG;610;1190;260;1111111;A330-300|A320;607;1;0;1;1;1;0;646;72;845-85
5895;BA;BA023+BA1462;DOH;BER;LHR;385;725;180;1111111;Boeing 787-9|A321neo;361;1;0;1;0;1;0;367;69;445-100
5896;QF;QF020+CX018;SYD;AMS;HKG;915;2070;700;1111101;A330-300|A350-1000;971;1;1;1;1;0;0;987;81;590-780
5897;TK;TK055+LH1223;GRU;MUC;IST;1195;1110;150;1111111;Boeing 787-9|Embraer 190;624;1;0;1;0;0;0;700;73;795-165
5898;IB;IB1293+IB1342;LIS;PRG;MAD;470;465;230;1111111;A321neo|A321XLR;210;1;0;0;1;0;0;161;86;70-165
5899;AF;AF1125+AF030;ZRH;DEL;CDG;850;830;270;1111111;A321|Boeing 777-300ER;451;1;0;1;1;0;0;474;79;75-485
5900;KL;KL517+KL1332;LAX;ATH;AMS;1165;985;120;1111111;A330-300|Embraer 195-E2;634;1;0;1;0;1;0;729;72;670-195
5901;AF;AF073+AF1076;GRU;BER;CDG;1225;915;105;1111111;A350-900|A318;684;1;0;1;1;0;0;599;71;720-90
5902;AC;AC032+TG019;YUL;BKK;LHR;1305;1330;245;1111111;Boeing 777-300ER|Boeing 787-9;729;1;1;1;1;0;1;862;70;395-690
5903;AA;AA028+IB1352;JFK;CMN;MAD;1120;595;65;1111111;Boeing 777-300ER|A321XLR;466;1;0;1;1;1;0;447;70;430-100
5904;AF;AF1025+AF020;TLS;RUN;CDG;500;1055;265;1111111;A220-300|Boeing 777-300ER;555;1;0;1;0;1;0;660;75;80-710
5905;LH;LH1195+LH1156;GVA;AMS;MUC;585;340;180;1111111;A319|A320neo;115;1;0;0;1;0;0;105;61;70-90
5906;EK;EK083+EK090;ALG;BKK;DXB;905;1015;245;1111111;A380-800|A380-800;694;1;1;1;1;1;1;745;80;380-390
5907;IB;IB1221+IB1376;LYS;DSS;MAD;610;505;125;1111111;A321neo|A321neo;346;1;0;0;0;1;0;289;82;105-275
5908;KE;KE045+KE028;DPS;MXP;ICN;895;1915;645;1010100;Boeing 777-300ER|Boeing 777-300ER;718;1;1;1;0;1;0;920;76;425-845
5909;AC;AC042+TP1230;YUL;TLS;LIS;1210;640;140;1111111;Boeing 777-300ER|A320neo;406;1;0;1;0;1;0;427;65;395-105
5910;IB;IB1275+IB512;BCN;MEX;MAD;550;1055;220;1111111;A321XLR|A350-900;640;1;0;1;0;0;0;536;78;75-760
5911;TK;TK031+TK1120;HKG;RAK;IST;615;1070;75;1111111;A330-300|A320neo;678;1;1;1;1;1;1;751;73;690-305
5912;BA;BA1541+BA020;DUB;DXB;LHR;825;795;320;1111111;A321neo|A380-800;427;1;0;1;1;1;0;449;67;65-410
5913;BA;BA1417+BA179;LYS;JFK;LHR;825;655;75;1111111;A319|A350-1000;446;1;0;1;1;0;0;378;67;100-480
5914;IB;IB1369+IB506;ALG;MIA;MAD;620;830;125;1111111;A321neo|A330-200;529;1;0;1;0;0;0;523;82;100-605
5915;QR;QR030+BA048;DOH;LAX;LHR;485;1355;185;1111111;Boeing 787-9|A350-1000;882;1;1;1;0;1;0;764;75;445-725
5916;MS;MS605+MS1400;JNB;CDG;CAI;1325;990;215;1111111;Boeing 787-9|A220-300;485;1;1;1;0;1;0;558;73;495-280
5917;QF;QF014+BA052;SYD;YUL;LHR;1095;2095;335;1111111;Boeing 787-9|A350-1000;940;1;1;1;1;1;0;1214;69;1310-450
5918;TP;TP1245+TP1304;LGW;ALG;LIS;820;340;70;1111111;A321neo|A321neo;184;1;0;0;0;1;0;197;57;160-110
5919;AZ;AZ1053+AZ104;MAD;MIA;FCO;505;1035;210;1111111;A320neo|A350-900;522;1;0;1;0;1;0;567;85;125-700
5920;BA;BA1543+BA040;DUB;HND;LHR;1130;970;75;1111111;A319|Boeing 787-9;639;1;0;1;0;0;0;569;67;65-830
5921;AH;AH103+AH1008;DOH;ORY;ALG;430;910;360;1100100;A330-900neo|Boeing 737-800;350;1;1;1;0;0;0;392;55;415-135
5922;KL;KL642+KL1330;JFK;ATH;AMS;1050;825;190;1111111;Boeing 777-300ER|Boeing 737-800;531;1;0;1;1;0;0;555;69;440-195
5923;AA;AA037+AA1012;FCO;LAX;JFK;740;1115;185;1111111;Boeing 777-200ER|Boeing 777-200ER;616;1;0;1;1;0;1;879;72;580-350
5924;AF;AF1099+AF1078;LIS;BER;CDG;855;340;110;1111111;A321|A220-300;188;1;0;1;1;0;0;219;75;140-90
5925;AF;AF007+AF1166;JFK;CMN;CDG;1060;845;215;1111111;Boeing 777-300ER|A318;434;1;0;1;1;1;0;534;72;440-190
5926;AF;AF1149+AF1120;DUB;MXP;CDG;865;300;130;1111111;A318|A220-300;149;1;0;1;1;1;0;129;73;95-75
5927;AZ;AZ105+AZ1094;MIA;VIE;FCO;1205;1035;325;1111111;A350-900|A320neo;564;1;0;1;0;1;0;520;73;615-95
5928;AH;AH101+AH1014;DXB;LYS;ALG;425;740;195;1111111;A330-900neo|A330-200;366;1;1;1;0;0;0;378;58;440-105
5929;LH;LH435+LH1118;GRU;TUN;FRA;1180;1205;315;1101010;A350-900|A320neo;629;1;0;1;1;1;0;659;62;745-145
5930;AF;AF1053+AF070;AMS;FDF;CDG;665;775;125;1111111;A320|A350-900;507;1;0;1;1;0;0;415;77;65-585
5931;TP;TP1283+TP1300;BRU;RAK;LIS;820;465;195;1111111;A320neo|A321neo;219;1;0;0;1;1;0;183;62;180-90
5932;KL;KL1201+KL1330;CDG;ATH;AMS;445;350;95;1111111;Boeing 737-800|Boeing 737-800;196;1;0;0;0;0;0;214;69;60-195
5933;SQ;SQ034+LX1490;SIN;ATH;ZRH;145;1225;230;1111111;Boeing 787-10|A321neo;628;1;0;1;0;1;0;673;65;840-155
5934;LH;LH1225+LH1168;CAI;MAD;MUC;815;530;140;1111111;Embraer 190|A319;290;1;0;0;1;0;0;360;65;235-155
5935;AF;AF1103+AF018;OPO;JNB;CDG;565;880;90;1111111;A320|A330-200;543;1;0;1;1;1;0;691;75;120-670
5936;TK;TK1111+TK1072;ATH;LIS;IST;825;460;95;1111111;A320neo|A321neo;258;1;1;1;0;1;1;262;70;75-290
5937;LX;LX613+LX1472;HKG;MXP;ZRH;590;900;70;1111111;A340-300|A220-300;660;1;0;1;1;0;0;711;69;785-45
5938;MS;MS1446+TK052;CAI;CUN;IST;535;1095;105;1111111;A220-300|A330-300;656;1;1;1;0;1;0;784;68;130-860
5939;OS;OS1037+AI027;BCN;DEL;VIE;610;1000;455;1011101;Embraer 195|Boeing 777-300ER;486;1;0;1;0;0;0;497;75;130-415
5940;AZ;AZ1009+AZ106;NCE;LAX;FCO;545;1115;220;1111111;A220-100|A350-900;648;1;0;1;0;0;0;596;76;65-830
5941;SN;SN505+SN1246;JFK;MXP;BRU;1155;580;50;1111111;A330-300|A319;463;1;0;1;0;0;0;449;64;445-85
5942;AF;AF1117+AF066;MXP;CUN;CDG;550;1000;220;1111111;A321|A330-200;541;1;0;1;1;0;0;594;74;85-695
5943;IB;IB1242+BA030;MAD;BKK;LHR;730;1310;495;1111111;A321XLR|Boeing 777-300ER;650;1;0;1;0;0;0;727;72;125-690
5944;LX;LX627+LX1418;YUL;TLS;ZRH;1165;810;265;0111111;A340-300|A321neo;471;1;0;1;0;1;0;507;76;450-95
5945;BA;BA1405+BA026;CDG;DEL;LHR;935;760;205;1111111;A319|Boeing 777-300ER;481;1;0;1;1;0;0;472;71;60-495
5946;LX;LX1491+LX612;ATH;HKG;ZRH;800;1095;230;1111111;A321neo|A340-300;635;1;0;1;1;0;0;804;71;170-695
5947;SQ;SQ041+SQ1008;IST;DPS;SIN;1110;970;155;1111111;Boeing 787-10|Boeing 737 MAX 8;748;1;1;1;1;1;1;586;79;655-160
5948;UA;UA1400+SQ053;SFO;SIN;LAX;395;1460;285;1111111;Boeing 737 MAX 9|A350-900;835;1;0;1;1;0;1;816;73;75-1100
5949;SQ;SQ1005+SQ054;BKK;SFO;SIN;775;1235;80;1111111;Boeing 737 MAX 8|Boeing 777-300ER;828;1;1;1;1;0;1;1002;81;140-1015
5950;LX;LX1407+LX622;NCE;LAX;ZRH;590;980;135;1111111;A220-300|A340-300;684;1;0;1;0;0;0;749;70;65-780
5951;AF;AF1025+AF066;TLS;CUN;CDG;500;1050;275;1111111;A220-300|A330-200;534;1;0;1;1;1;0;585;74;80-695
5952;LH;LH1070+AZ104;FRA;MIA;FCO;530;1010;210;1111111;A319|A350-900;529;1;0;1;0;1;0;551;61;100-700
5953;DL;DL067+DL1420;DSS;MIA;JFK;115;930;235;1111111;A350-900|Boeing 757-200;513;1;0;1;1;0;1;498;77;520-175
5954;TG;TG037+TG1212;HND;DPS;BKK;695;735;85;1111111;Boeing 777-300ER|A320neo;391;1;1;1;0;0;0;497;81;405-245
5955;IB;IB1257+IB510;FRA;SFO;MAD;550;1065;150;1111111;A321XLR|A330-200;572;1;0;1;1;1;0;726;80;150-765
5956;SN;SN1227+SN1268;BER;CMN;BRU;565;455;150;1111111;A319|A320;231;1;0;0;0;0;0;239;71;90-215
5957;AZ;AZ119+SN1245;DEL;BRU;FCO;620;790;160;1111111;A350-900|A319;491;1;0;1;1;0;0;441;72;505-125
5958;LA;LA1401+LA034;EZE;JNB;GRU;825;1050;345;1101000;A321|Boeing 777-300ER;504;1;1;1;0;0;0;621;83;160-545
5959;EI;EI1439+EI1454;BER;OPO;DUB;575;440;160;1111111;A321neo|A320neo;199;1;0;0;1;1;0;226;68;145-135
5960;AA;AA1041+AA044;CUN;DUB;JFK;620;965;365;1111111;A321|Boeing 777-300ER;510;1;0;1;1;0;1;532;70;210-390
5961;AZ;AZ1087+AZ116;GVA;HND;FCO;1070;1065;135;1111111;A220-100|A350-900;655;1;0;1;0;1;0;599;77;85-845
5962;LH;LH1127+LH1208;CDG;CPH;MUC;705;440;265;1111111;Embraer 190|A319;128;1;0;0;1;0;0;149;61;85-90
5963;LH;LH1181+LH458;FCO;YUL;MUC;520;825;205;1111111;A319|A340-600;480;1;0;1;0;0;0;533;61;95-525
5964;SQ;SQ022+AZ1033;SIN;FCO;AMS;580;1140;165;1111111;A380-800|A220-100;757;1;0;1;0;1;0;895;74;850-125
5965;AM;AM1004+AF051;MEX;CDG;MIA;865;945;210;1111111;Boeing 737 MAX 8|A350-900;603;1;1;1;0;1;0;540;84;185-550
5966;AF;AF1183+AF1138;ALG;VIE;CDG;860;395;155;1111111;A220-300|A318;168;1;0;1;0;0;0;219;74;135-105
5967;AF;AF057+AF1010;SFO;NCE;CDG;1220;875;120;1111111;A330-200|A220-300;616;1;0;1;1;1;0;641;79;670-85
5968;LH;LH1088+SN1258;FRA;CPH;BRU;580;295;145;1111111;Embraer 190|A319;115;1;0;0;0;0;0;106;68;60-90
5969;AF;AF1149+AF1178;DUB;TUN;CDG;865;370;135;1111111;A318|A220-300;218;1;0;1;1;0;0;203;73;95-140
5970;DL;DL026+KL1220;JFK;MRS;AMS;1055;730;185;1111111;A330-900neo|Boeing 737-900;445;1;0;1;1;0;0;418;80;440-105
5971;QR;QR023+QR086;LYS;HND;DOH;925;1470;510;1111111;A350-1000|Boeing 777-300ER;734;1;1;1;1;0;1;793;83;355-605
5972;AF;AF007+AF024;JFK;DXB;CDG;1060;1130;295;1111111;Boeing 777-300ER|A330-200;614;1;1;1;1;1;0;720;72;440-395
5973;EK;EK105+EK044;HND;MUC;DXB;1250;1270;205;1111111;Boeing 777-300ER|A380-800;649;1;1;1;1;1;1;857;75;670-395
5974;BA;BA1427+BA058;TLS;GRU;LHR;590;1035;190;1111111;A320neo|A380-800;626;1;0;1;1;1;0;781;67;100-745
5975;AF;AF1001+AF032;NCE;BKK;CDG;460;1025;250;1111111;A318|A350-900;604;1;0;1;1;0;0;585;72;95-680
5976;TP;TP203+TP1288;JFK;DUB;LIS;1280;860;295;1111111;A321LR|A320neo;390;1;0;1;0;1;0;406;59;405-160
5977;BA;BA1425+QR035;MRS;DOH;LHR;1120;620;115;1111111;A321neo|A380-800;411;1;0;1;1;1;0;475;73;110-395
5978;LH;LH1038+AI019;FRA;DEL;AMS;520;1140;605;1111111;Embraer 190|A350-900;429;1;0;1;0;0;0;384;71;65-470
5979;KL;KL1271+KE019;MAD;ICN;AMS;695;1165;290;1111111;Boeing 737-900|Boeing 787-9;648;1;0;1;1;0;0;613;79;140-735
5980;AA;AA020+BA1490;JFK;OPO;LHR;1275;835;280;1111111;Boeing 777-200ER|A321neo;443;1;0;1;0;1;0;523;76;420-135
5981;AF;AF075+AF030;EZE;DEL;CDG;1205;1675;350;0110101;A330-200|Boeing 777-300ER;884;1;1;1;1;1;0;1148;80;840-485
5982;AF;AF053+AF1106;LAX;OPO;CDG;1110;1085;280;1111111;Boeing 777-300ER|A318;566;1;0;1;1;0;0;715;73;675-130
5983;BA;BA1527+BA028;VIE;BKK;LHR;520;1000;170;1111111;A319|A380-800;604;1;0;1;0;0;0;843;65;140-690
5984;AI;AI020+LH1062;DEL;BCN;FRA;650;870;235;1111111;Boeing 777-300ER|A321;472;1;0;1;0;0;0;507;65;515-120
5985;KL;KL1206+AF046;AMS;HND;CDG;990;1160;255;1111111;Boeing 737-800|Boeing 777-300ER;583;1;0;1;0;0;0;671;73;65-840
5986;SK;SK1200+AF1182;CPH;ALG;CDG;505;490;240;1111111;A320neo|A220-300;194;1;0;1;1;1;0;199;78;115-135
5987;AF;AF1017+AF050;MRS;MIA;CDG;670;915;200;1111111;A321|A350-900;502;1;0;1;0;1;0;468;72;90-625
5988;TK;TK025+TK1092;BKK;GVA;IST;110;1165;345;1111111;Boeing 787-9|Boeing 737 MAX 8;582;1;1;1;1;1;1;537;71;625-195
5989;LX;LX1413+LX610;LYS;SIN;ZRH;1025;845;55;1111111;A320neo|A330-300;690;1;0;1;0;1;0;697;73;55-735
5990;AF;AF053+AF1084;LAX;MAD;CDG;1110;870;80;1111111;Boeing 777-300ER|A320;587;1;0;1;1;0;0;698;74;675-115
5991;MS;MS1432+LX1452;CAI;MAD;ZRH;840;475;95;1111111;A220-300|A320neo;262;1;0;1;0;1;0;289;63;245-135
5992;BA;BA1489+BA024;OPO;MLE;LHR;510;1245;500;1111111;A320neo|A380-800;609;1;0;1;0;0;0;747;66;125-620
5993;CX;CX022+IB1254;HKG;AMS;MAD;635;1100;75;1111111;Boeing 777-300ER|A321neo;726;1;0;1;1;0;0;806;77;885-140
5994;BA;BA1427+BA028;TLS;BKK;LHR;590;930;140;1111111;A320neo|A380-800;629;1;0;1;1;1;0;790;65;100-690
5995;IB;IB1353+IB514;CMN;CUN;MAD;530;970;200;1111111;A321XLR|A330-300;568;1;0;1;1;0;0;590;85;95-675
5996;AF;AF063+SK1203;YUL;CPH;CDG;1335;655;135;1111111;A350-900|A321LR;442;1;0;1;1;0;0;386;79;415-105
5997;EK;EK097+EK124;DPS;EZE;DXB;1100;2170;500;1111111;A350-900|Boeing 777-300ER;1020;1;1;1;1;1;1;1298;74;600-1070
5998;LX;LX1413+AZ1083;LYS;FCO;ZRH;1025;205;65;1111111;A320neo|A220-100;123;1;0;1;0;1;0;86;74;55-85
5999;BA;BA1467+BA032;MAD;SIN;LHR;450;1160;260;1111111;A321neo|A350-1000;747;1;0;1;1;0;0;699;73;125-775
6000;OS;OS1003+OS400;CDG;MLE;VIE;815;875;235;1001001;A321|Boeing 787-9;564;1;0;1;0;0;0;500;72;105-535
6001;BA;BA1421+BA042;MRS;ICN;LHR;505;1465;590;1111111;A319|A350-1000;619;1;0;1;0;0;0;583;66;110-765
6002;AF;AF1051+AF032;AMS;BKK;CDG;485;1000;255;1111111;A220-300|A350-900;613;1;0;1;1;1;0;549;80;65-680
6003;LH;LH1077+LH416;MXP;HKG;FRA;590;1245;485;1111111;Embraer 190|A340-600;625;1;0;1;0;0;0;733;61;70-690
6004;LH;LH1203+LH452;VIE;MIA;MUC;600;910;165;0101010;A320neo|Boeing 747-8;541;1;0;1;1;1;0;631;69;65-680
6005;AA;AA1061+QR095;CUN;DOH;LAX;845;1645;340;1111111;A321|Boeing 787-9;807;1;0;1;0;0;1;1001;80;300-1005
6006;DL;DL028+KL1294;JFK;FCO;AMS;1270;875;310;1111111;Boeing 767-400ER|Boeing 737-900;440;1;0;1;1;0;0;567;70;440-125
6007;IB;IB503+IB1330;JFK;BRU;MAD;1110;715;155;1111111;A350-900|A320neo;431;1;0;1;1;1;0;425;79;430-130
6008;IB;IB1331+IB512;BRU;MEX;MAD;605;1000;105;1111111;A320neo|A350-900;622;1;0;1;0;0;0;606;78;135-760
6009;AZ;AZ1034+LH428;FCO;YUL;FRA;550;785;180;1111111;A220-100|A340-600;421;1;0;1;0;1;0;518;73;105-500
6010;UA;UA014+LH1009;SFO;FRA;CDG;1165;990;255;1111111;Boeing 777-300ER|A319;597;1;0;1;1;0;0;627;61;670-65
6011;LH;LH437+LH1066;EZE;LIS;FRA;1190;1260;195;1111111;A350-900|A321;644;1;0;1;0;0;0;778;73;870-195
6012;BA;BA1497+BA054;FCO;YUL;LHR;700;740;140;1111111;A319|Boeing 787-9;445;1;0;1;1;0;0;429;66;150-450
6013;KL;KL1271+KL1336;MAD;IST;AMS;695;545;210;1111111;Boeing 737-900|Embraer 195-E2;214;1;0;0;1;1;0;293;73;140-195
6014;LX;LX1437+LX616;FRA;ICN;ZRH;585;1295;490;1010101;A321neo|A330-300;590;1;0;1;1;0;0;592;76;55-750
6015;BA;BA043+BA1552;ICN;ATH;LHR;600;1195;150;1111111;A350-1000|A320neo;583;1;0;1;0;1;0;647;75;835-210
6016;MS;MS1423+MS612;BCN;HND;CAI;605;1315;275;1111111;Boeing 737-800|Boeing 787-9;621;1;1;1;0;0;0;755;63;230-810
6017;BA;BA041+BA1482;HND;BCN;LHR;710;1105;100;1111111;Boeing 787-9|A321neo;679;1;0;1;0;1;0;620;72;890-115
6018;LH;LH1053+LH428;MAD;YUL;FRA;530;805;170;1111111;A319|A340-600;450;1;0;1;1;0;0;580;67;135-500
6019;QR;QR046+IB1376;DOH;DSS;MAD;415;820;85;1111111;Boeing 777-300ER|A321neo;556;1;0;1;0;1;0;558;80;460-275
6020;EI;EI1407+EI606;NCE;SFO;DUB;600;960;130;1011111;A320neo|A330-300;566;1;0;1;0;1;0;655;75;150-680
6021;TK;TK1079+TK020;FCO;MLE;IST;735;770;185;1111111;A321neo|Boeing 787-9;498;1;1;1;0;1;1;446;72;130-455
6022;LX;LX1449+LX628;MAD;GRU;ZRH;490;1080;200;0110110;A321neo|A330-300;615;1;0;1;0;1;0;729;72;120-760
6023;BA;BA1421+QR027;MRS;DOH;LHR;505;655;150;1111111;A319|A380-800;403;1;0;1;0;0;0;491;72;110-395
6024;LH;LH437+LH1024;EZE;TLS;FRA;1190;1155;180;1111111;A350-900|A319;657;1;0;1;0;0;0;718;72;870-105
6025;AZ;AZ1049+AZ1122;BER;ALG;FCO;850;330;100;1111111;A320neo|A321;178;1;0;0;0;0;0;195;79;120-110
6026;TU;TU1249+TU500;MXP;YUL;TUN;600;790;115;1111111;A319|A330-200;421;1;1;1;0;0;0;539;51;105-570
6027;BA;BA1439+BA030;AMS;BKK;LHR;750;1290;535;1111111;A319|Boeing 777-300ER;591;1;0;1;1;1;0;659;69;65-690
6028;AC;AC048+LX1498;YUL;CAI;ZRH;1210;905;235;1111111;A330-300|A220-300;528;1;0;1;0;1;0;574;76;450-220
6029;AZ;AZ1125+AZ112;CAI;EZE;FCO;615;1160;70;1011111;A220-100|A330-900neo;744;1;0;1;1;1;0;754;74;215-875
6030;AM;AM014+AF1094;MEX;BCN;CDG;1230;1095;320;1111111;Boeing 787-8|A318;612;1;0;1;1;0;0;588;75;680-95
6031;TP;TP207+LX1521;SFO;GVA;LIS;1190;950;140;1111111;A321LR|A321neo;628;1;0;1;0;1;0;624;56;670-140
6032;AF;AF1103+AF064;OPO;MEX;CDG;565;1000;110;1111111;A320|A330-200;553;1;0;1;1;0;0;721;75;120-770
6033;EI;EI1443+EI602;MAD;MIA;DUB;580;880;160;1111111;A320neo|A321XLR;485;1;0;1;0;1;0;488;73;145-575
6034;IB;IB1315+IB512;MXP;MEX;MAD;550;1055;170;1111111;A321XLR|A350-900;594;1;0;1;0;0;0;592;78;125-760
6035;AF;AF1089+AF040;BCN;HKG;CDG;520;1380;565;1111111;A220-300|A330-200;595;1;0;1;1;1;0;695;80;95-720
6036;LH;LH1023+LH416;TLS;HKG;FRA;595;1240;455;1111111;A321|A340-600;604;1;0;1;0;0;0;774;68;95-690
6037;BA;BA1491+BA020;OPO;DXB;LHR;835;785;250;1111111;A321neo|A380-800;423;1;0;1;0;0;0;520;72;125-410
6038;SQ;SQ034+LX1466;SIN;FCO;ZRH;145;1165;240;1111111;Boeing 787-10|A321neo;727;1;0;1;1;1;0;621;67;840-85
6039;IB;IB1365+IB506;TUN;MIA;MAD;620;830;90;1111111;A321XLR|A330-200;574;1;0;1;0;0;0;568;86;135-605
6040;TG;TG032+TK1014;BKK;NCE;IST;115;930;120;1111111;Boeing 787-9|Boeing 737 MAX 8;544;1;1;1;0;0;0;530;80;625-185
6041;AH;AH1043+AH1056;MXP;DSS;ALG;630;520;120;1111111;Boeing 737-800|A330-200;298;1;1;1;0;0;0;363;58;120-280
6042;BA;BA1575+BA060;BCN;CUN;LGW;515;1050;260;1010100;A320neo|A350-1000;577;1;0;1;1;0;0;529;65;115-675
6043;AF;AF057+AF028;SFO;MLE;CDG;1220;1475;205;1111111;A330-200|A350-900;772;1;1;1;0;1;0;1034;73;670-600
6044;SN;SN1261+SQ039;DUB;SIN;BRU;790;1010;165;1111111;A319|A380-800;720;1;0;1;0;0;0;867;65;90-755
6045;TK;TK041+TK1138;JFK;DOH;IST;1300;935;125;1111111;Boeing 787-9|A321neo;690;1;1;1;0;0;1;623;72;590-220
6046;OS;OS1068+TK030;VIE;HKG;IST;600;1050;325;1111111;A321|A330-300;567;1;0;1;1;1;0;643;75;120-605
6047;BA;BA047+BA1480;LAX;BCN;LHR;1090;920;150;1111111;Boeing 777-300ER|A320neo;645;1;0;1;1;1;0;666;71;655-115
6048;JL;JL020+IB1247;HND;MAD;LHR;705;1140;120;1111111;Boeing 787-9|A321neo;745;1;0;1;0;0;0;628;84;890-130
6049;MS;MS1447+MS600;IST;DSS;CAI;535;780;200;1111110;A220-300|Boeing 777-300ER;373;1;1;1;0;1;0;446;64;125-455
6050;LX;LX1524+SQ031;GVA;SIN;FCO;575;1280;440;1111111;A321neo|Boeing 787-10;771;1;0;1;0;1;0;607;74;85-755
6051;AF;AF1175+AF074;TUN;EZE;CDG;535;1200;180;1101010;A321|A330-200;651;1;0;1;0;0;0;870;73;150-870
6052;AF;AF073+AF1160;GRU;ATH;CDG;1225;1250;345;1111111;A350-900|A320;591;1;0;1;1;1;0;682;71;720-185
6053;AA;AA018+BA1426;JFK;TLS;LHR;1205;630;115;1111111;Boeing 787-9|A320neo;427;1;0;1;1;1;0;377;68;420-95
6054;AA;AA066+BA1492;LAX;OPO;LHR;1095;1130;340;1111111;Boeing 777-200ER|A319;610;1;0;1;1;0;0;785;77;655-135
6055;AF;AF1054+KL1336;CDG;IST;AMS;855;385;130;1111111;A321|Embraer 195-E2;199;1;0;1;0;0;0;187;73;60-195
6056;LX;LX1466+AZ1102;ZRH;ATH;FCO;805;440;250;1111111;A321neo|A320neo;203;1;0;1;1;1;0;149;67;85-105
6057;TK;TK1082+AZ116;IST;HND;FCO;1185;1070;80;1111111;A320neo|A350-900;547;1;1;1;0;1;0;655;74;145-845
6058;AC;AC052+SN1250;YUL;GVA;BRU;1220;730;235;1011111;Boeing 787-9|A320;431;1;0;1;0;1;0;356;68;420-75
6059;LH;LH405+LH1024;JFK;TLS;FRA;1315;910;340;1111111;Boeing 787-9|A319;437;1;0;1;0;1;0;428;68;465-105
6060;OS;OS401+LH1205;MLE;MUC;VIE;630;730;65;1100100;Boeing 787-9|A321;507;1;0;1;0;0;0;432;72;600-65
6061;KL;KL1270+KE023;AMS;ICN;MAD;710;1275;270;1111111;Boeing 737-900|A380-800;575;1;0;1;0;0;0;891;74;150-855
6062;AA;AA020+BA1546;JFK;PRG;LHR;1275;805;280;1111111;Boeing 777-200ER|A320neo;460;1;0;1;1;0;0;502;74;420-105
6063;EI;EI1439+EI606;BER;SFO;DUB;575;985;160;1011111;A321neo|A330-300;550;1;0;1;1;1;0;643;68;145-680
6064;AF;AF011+AF036;JFK;SIN;CDG;1220;1440;235;1111111;Boeing 787-9|A330-200;908;1;1;1;0;1;0;1016;77;440-765
6065;AF;AF1051+AF020;AMS;RUN;CDG;485;1070;295;1111111;A220-300|Boeing 777-300ER;641;1;0;1;0;1;0;642;75;65-710
6066;LX;LX621+LX606;MIA;DEL;ZRH;1175;1480;445;0010011;Boeing 777-300ER|A330-300;830;1;1;1;0;1;0;910;66;580-455
6067;TK;TK1127+TK030;CAI;HKG;IST;530;1180;445;1111111;A321neo|A330-300;524;1;1;1;1;1;1;626;71;130-605
6068;TG;TG027+TG1220;ZRH;ICN;BKK;1175;1265;320;1111111;Boeing 777-300ER|A320neo;549;1;1;1;0;1;0;835;84;655-290
6069;AF;AF029+AF1048;MLE;LHR;CDG;655;870;130;1111111;A350-900|A318;562;1;0;1;1;0;0;487;74;680-60
6070;AF;AF1123+AF032;ZRH;BKK;CDG;545;940;185;1111111;A320|A350-900;563;1;0;1;1;0;0;563;80;75-680
6071;SK;SK1216+KL522;CPH;MEX;AMS;565;1010;150;1111111;A321LR|Boeing 777-300ER;611;1;0;1;1;1;0;652;73;90-770
6072;AC;AC1213+AC016;PTP;CDG;YUL;840;835;130;1111111;A321|Boeing 777-300ER;458;1;0;1;1;0;1;634;75;290-415
6073;KL;KL1323+KL502;DUB;DXB;AMS;590;870;390;1111111;Boeing 737-800|Boeing 777-300ER;449;1;0;1;0;1;0;411;79;90-390
6074;AF;AF063+AF1070;YUL;MUC;CDG;1335;700;200;1111111;A350-900|A318;403;1;0;1;1;0;0;370;81;415-85
6075;AZ;AZ105+AZ1074;MIA;MXP;FCO;1205;810;120;1111111;A350-900|A321;550;1;0;1;0;0;0;506;81;615-75
6076;UA;UA018+LH1066;SFO;LIS;FRA;1160;990;110;1111111;Boeing 777-300ER|A321;656;1;0;1;0;0;0;745;73;685-195
6077;AF;AF1183+SK1205;ALG;CPH;CDG;860;350;110;1111111;A220-300|A320neo;198;1;0;1;0;0;0;199;72;135-105
6078;AZ;AZ1049+AZ1114;BER;CMN;FCO;850;435;110;1111111;A320neo|A321;217;1;0;0;0;0;0;257;84;120-205
6079;AF;AF1017+AF1188;MRS;CAI;CDG;670;670;325;1111111;A321|A320;256;1;0;1;1;0;0;322;72;90-255
6080;AZ;AZ1034+LH1040;FCO;AMS;FRA;550;335;165;1111111;A220-100|A320neo;151;1;0;0;0;0;0;111;64;105-65
6081;LH;LH1202+OS406;MUC;JFK;VIE;590;800;170;1111111;A320neo|Boeing 777-200ER;500;1;0;1;0;0;0;539;75;55-575
6082;AF;AF1083+AF034;MAD;BKK;CDG;735;1260;470;1111111;A220-300|Boeing 787-9;619;1;0;1;1;1;0;605;81;110-680
6083;LX;LX1431+SQ035;AMS;SIN;ZRH;510;1325;510;1111111;A220-300|Boeing 787-10;687;1;0;1;1;1;0;613;69;80-735
6084;LX;LX609+LX1434;BKK;AMS;ZRH;605;945;120;1111111;A330-300|A321neo;693;1;0;1;0;1;0;639;70;740-85
6085;AF;AF1005+AF022;NCE;JFK;CDG;725;715;120;1111111;A320|A330-200;438;1;0;1;1;0;0;449;75;95-500
6086;SQ;SQ034+LX1456;SIN;BCN;ZRH;145;1180;240;1111111;Boeing 787-10|A321neo;724;1;0;1;0;1;0;635;73;840-100
6087;EK;EK107+EK118;SYD;YUL;DXB;1195;1985;180;1111111;A380-800|A380-800;989;1;1;1;1;0;1;1694;76;950-855
6088;BA;BA176+BA1528;JFK;VIE;LHR;1240;835;295;1111111;Boeing 777-300ER|A320neo;473;1;0;1;1;1;0;467;67;420-120
6089;BA;BA1523+BA1480;BRU;BCN;LHR;835;275;95;1111111;A320neo|A320neo;149;1;0;0;1;0;0;126;65;65-115
6090;LH;LH1219+SQ027;ATH;SIN;MUC;825;1055;175;1111111;Embraer 190|A380-800;607;1;0;1;1;0;0;873;61;160-720
6091;AC;AC060+AZ1113;YUL;FCO;CMN;1190;690;85;1111111;A330-300|A320neo;436;1;0;1;0;0;0;502;76;425-180
6092;LX;LX1443+LX612;MUC;HKG;ZRH;1025;810;60;1111111;A320neo|A340-300;669;1;0;1;1;1;0;716;71;55-695
6093;BA;BA041+BA1458;HND;MUC;LHR;710;1070;85;1111111;Boeing 787-9|A319;598;1;0;1;1;0;0;618;72;890-95
6094;TP;TP1265+TP1298;BCN;RAK;LIS;510;475;270;1111111;A321LR|A320neo;160;1;0;0;0;1;0;151;64;115-90
6095;AA;AA015+AA1042;LHR;CUN;JFK;675;945;240;1111111;Boeing 777-200ER|Boeing 737-800;563;1;0;1;1;0;1;615;69;480-225
6096;AF;AF071+AF1052;FDF;AMS;CDG;1220;670;95;1111111;A350-900|A320;475;1;0;1;1;0;0;415;78;515-60
6097;LX;LX623+LX1412;LAX;LYS;ZRH;1155;840;70;1111111;A340-300|A320neo;730;1;0;1;0;1;0;740;70;710-60
6098;QR;QR057+QR076;GVA;BKK;DOH;920;1295;525;1111111;A350-1000|Boeing 777-300ER;608;1;1;1;1;1;1;596;87;355-415
6099;MS;MS1446+TK1024;CAI;BOD;IST;535;485;115;1110110;A220-300|A320neo;251;1;1;1;0;1;0;268;68;130-240
6100;LX;LX627+LX602;YUL;DXB;ZRH;1165;1160;350;1111111;A340-300|A330-300;687;1;1;1;0;1;1;758;74;450-360
6101;QR;QR1213+QR076;TUN;BKK;DOH;840;1375;645;1111111;A380-800|Boeing 777-300ER;646;1;1;1;0;0;1;721;87;315-415
6102;AC;AC042+TP1202;YUL;CDG;LIS;1210;790;255;1111111;Boeing 777-300ER|A320neo;411;1;0;1;0;1;0;464;69;395-140
6103;LH;LH1111+LH436;IST;EZE;FRA;590;1250;160;1111111;A320neo|A350-900;754;1;0;1;1;0;0;752;67;190-900
6104;MS;MS609+MS1420;BKK;MAD;CAI;625;1035;150;1111111;A330-300|Boeing 737-800;549;1;1;1;0;0;0;741;72;585-300
6105;AC;AC1213+AC046;PTP;FCO;YUL;840;930;150;1111111;A321|Boeing 777-300ER;509;1;0;1;1;0;1;703;65;290-490
6106;BA;BA112+BA1414;JFK;LYS;LHR;1000;755;245;1111111;Boeing 777-300ER|A321neo;415;1;0;1;0;1;0;424;71;420-90
6107;SN;SN1252+LX1496;BRU;CMN;ZRH;550;475;195;1111111;A320|A320neo;207;1;0;1;0;0;0;187;71;70-210
6108;DL;DL1407+DL068;LAX;JNB;JFK;745;1355;95;1111111;Boeing 767-400ER|Boeing 767-400ER;1020;1;0;1;1;0;1;1325;83;305-955
6109;NH;NH024+LH1158;HND;AMS;MUC;640;1050;80;1111111;Boeing 787-9|A321;708;1;0;1;0;0;0;577;70;880-90
6110;QR;QR037+QR074;LGW;JNB;DOH;930;1215;325;0101011;Boeing 777-300ER|Boeing 777-300ER;645;1;1;1;0;1;1;745;87;390-500
6111;LX;LX1407+LX1432;NCE;AMS;ZRH;590;305;155;1111111;A220-300|A320neo;134;1;0;1;1;0;0;87;68;65-85
6112;AC;AC1209+AC032;MEX;LHR;YUL;860;780;90;1111111;A321|Boeing 777-300ER;540;1;0;1;1;0;1;636;70;295-395
6113;TK;TK1041+TK1134;LGW;DXB;IST;610;525;75;1111111;A320neo|Boeing 737 MAX 8;381;1;1;1;0;0;1;369;70;210-240
6114;TG;TG031+TG1216;BRU;HKG;BKK;1160;1145;310;1111111;Boeing 777-300ER|A320neo;567;1;1;1;1;1;0;715;79;670-165
6115;AZ;AZ1085+AZ106;GVA;LAX;FCO;625;1035;120;1111111;A321|A350-900;592;1;0;1;1;0;0;627;76;85-830
6116;KL;KL1315+KL528;VIE;EZE;AMS;600;1120;110;0111011;Boeing 737-900|Boeing 787-10;741;1;0;1;1;0;0;722;74;110-900
6117;UA;UA018+LH1034;SFO;LHR;FRA;1160;890;115;1111111;Boeing 777-300ER|A319;583;1;0;1;1;0;0;660;69;685-90
6118;QR;QR027+QR078;LHR;SIN;DOH;705;1525;650;1111111;A380-800|Boeing 777-300ER;665;1;1;1;1;1;1;795;91;395-480
6119;AF;AF065+AF026;MEX;DXB;CDG;1210;1350;275;1111111;A330-200|Boeing 777-300ER;775;1;1;1;1;0;0;938;75;680-395
6120;LH;LH407+LH1104;JNB;PRG;FRA;1300;850;110;1100100;A340-600|Embraer 190;589;1;0;1;0;1;0;690;63;680-60
6121;KL;KL505+KL1230;DEL;BOD;AMS;595;830;190;1111111;A330-300|Boeing 737-900;508;1;0;1;0;0;0;506;71;535-105
6122;EK;EK015+EK100;CDG;ICN;DXB;610;1600;705;1111111;A350-900|A380-800;625;1;1;1;1;1;1;789;74;395-500
6123;AF;AF053+AF1168;LAX;CMN;CDG;1110;1080;215;1111111;Boeing 777-300ER|A220-300;606;1;0;1;1;1;0;721;80;675-190
6124;AZ;AZ108+UA032;FCO;SYD;SFO;835;2000;250;0101010;A330-900neo|Boeing 787-10;960;1;1;1;1;1;1;1202;72;810-940
6125;LH;LH1225+LH1162;CAI;BER;MUC;815;370;65;1111111;Embraer 190|A319;259;1;0;0;0;0;0;256;64;235-70
6126;LH;LH1165+LH454;MAD;LAX;MUC;525;1080;155;1111111;A320neo|Boeing 747-8;621;1;0;1;1;1;0;845;63;140-785
6127;LH;LH1121+SQ025;ALG;SIN;FRA;825;1015;130;1111111;A320neo|A380-800;716;1;0;1;0;1;0;872;71;150-735
6128;IB;IB1241+IB506;LHR;MIA;MAD;485;905;170;1111111;A321neo|A330-200;504;1;0;1;0;0;0;567;83;130-605
6129;AC;AC044+LX1463;YUL;ZRH;OPO;1195;890;355;1111111;Boeing 787-9|A321neo;398;1;0;1;1;0;0;383;69;390-145
6130;BA;BA1409+BA026;NCE;DEL;LHR;525;1170;560;1111111;A321neo|Boeing 777-300ER;457;1;0;1;1;1;0;525;71;115-495
6131;AI;AI1407+AI1402;BKK;DXB;DEL;645;755;280;1111111;A320neo|A321neo;342;1;1;1;0;1;0;345;63;255-220
6132;AF;AF1017+AF1172;MRS;RAK;CDG;670;630;330;1111111;A321|A220-300;187;1;0;1;1;1;0;208;72;90-210
6133;AF;AF071+AF032;FDF;BKK;CDG;1220;1405;210;1111111;A350-900|A350-900;925;1;1;1;1;1;0;891;80;515-680
6134;AZ;AZ1034+LH416;FCO;HKG;FRA;550;1285;490;1111111;A220-100|A340-600;602;1;0;1;0;1;0;765;69;105-690
6135;AZ;AZ1047+AZ112;BER;EZE;FCO;540;1175;180;1011111;A220-100|A330-900neo;709;1;0;1;1;1;0;708;74;120-875
6136;IB;IB504+AA1034;MAD;MIA;JFK;945;840;170;1111111;A330-200|A321;498;1;0;1;1;1;0;515;72;495-175
6137;IB;IB1249+IB518;AMS;EZE;MAD;500;1120;175;1011111;A321neo|A330-300;742;1;0;1;1;0;0;778;85;150-795
6138;KL;KL517+KL1312;LAX;GVA;AMS;1165;865;105;1111111;A330-300|Boeing 737-900;593;1;0;1;0;0;0;650;69;670-90
6139;AT;AT509+AT1232;YUL;BER;CMN;1185;950;300;1111111;Boeing 787-9|Boeing 737-800;386;1;1;1;0;0;0;526;63;425-225
6140;AH;AH1011+AH1054;NCE;CAI;ALG;640;425;115;1111111;A330-200|Boeing 737-800;199;1;1;1;0;0;0;301;57;95-215
6141;AC;AC1201+AC020;MIA;NCE;YUL;840;825;155;1111111;A220-300|Boeing 787-9;518;1;0;1;1;0;1;487;64;210-460
6142;TP;TP211+SN1239;GRU;BRU;LIS;1170;1055;285;1101110;A321LR|A320;644;1;0;1;0;1;0;571;63;610-160
6143;QR;QR067+QR078;CMN;SIN;DOH;935;1355;450;0111111;A350-1000|Boeing 777-300ER;808;1;1;1;0;1;1;716;80;425-480
6144;AH;AH1007+AH100;ORY;DXB;ALG;640;685;170;1111111;A330-200|A330-900neo;350;1;1;1;0;0;0;411;53;135-380
6145;KL;KL1331+KL522;ATH;MEX;AMS;590;1045;60;1111111;Boeing 737-800|Boeing 777-300ER;711;1;0;1;0;0;0;773;72;215-770
6146;SN;SN1239+SQ039;LIS;SIN;BRU;805;995;80;1111111;A320|A380-800;763;1;0;1;0;1;0;926;63;160-755
6147;AA;AA060+BA1593;MIA;LGW;FCO;1205;855;95;1111111;Boeing 787-9|A319;551;1;0;1;0;0;0;595;69;615-145
6148;BA;BA027+BA1464;DEL;BER;LHR;620;945;285;1111111;Boeing 777-300ER|A319;466;1;0;1;0;0;0;534;65;560-100
6149;AH;AH101+AH1046;DXB;GVA;ALG;425;735;185;1111111;A330-900neo|A330-200;340;1;1;1;0;0;0;386;58;440-110
6150;SQ;SQ1009+SQ018;DPS;LHR;SIN;775;1590;540;1111111;Boeing 737 MAX 8|Boeing 777-300ER;806;1;1;1;1;0;1;820;85;170-880
6151;QR;QR070+IB1371;DOH;MAD;ALG;415;875;360;1010100;A350-1000|A321XLR;421;1;0;1;0;0;0;319;87;415-100
6152;AC;AC1201+AC028;MIA;BOD;YUL;840;785;160;1010101;A220-300|Boeing 787-9;493;1;0;1;0;0;1;453;70;210-415
6153;TK;TK025+TK1110;BKK;ATH;IST;110;1050;345;1111111;Boeing 787-9|A320neo;550;1;1;1;1;1;1;457;73;625-80
6154;LX;LX621+LX1450;MIA;MAD;ZRH;1175;860;145;1111111;Boeing 777-300ER|A220-300;547;1;0;1;0;1;0;614;67;580-135
6155;TP;TP1299+LH1067;RAK;FRA;LIS;820;460;195;1111111;A320neo|A321;213;1;0;0;1;0;0;217;66;90-175
6156;BA;BA053+JL019;YUL;HND;LHR;1095;1645;420;1111111;A350-1000|A350-1000;677;1;1;1;1;1;0;808;68;395-830
6157;LX;LX609+LX1468;BKK;FCO;ZRH;605;950;125;1111111;A330-300|A220-300;647;1;0;1;0;0;0;647;65;740-85
6158;AT;AT1281+AT506;RAK;MIA;CMN;625;815;180;1010100;Boeing 737 MAX 8|Boeing 787-8;441;1;1;1;0;1;0;396;60;45-590
6159;TG;TG024+LH1174;BKK;BCN;MUC;625;990;150;1111111;Boeing 787-9|A321;603;1;0;1;0;0;0;590;66;720-120
6160;KL;KL1331+KL1264;ATH;BER;AMS;590;370;80;1111111;Boeing 737-800|Boeing 737-800;190;1;0;0;0;0;0;234;68;215-75
6161;LH;LH437+LH1102;EZE;DUB;FRA;1190;1180;190;1111111;A350-900|A320neo;744;1;0;1;1;0;0;719;70;870-120
6162;DL;DL017+DL1438;CDG;CUN;JFK;795;825;100;1111111;A330-900neo|Boeing 757-200;578;1;0;1;1;0;1;549;82;500-225
6163;LH;LH1003+LH436;CDG;EZE;FRA;650;1070;105;1111111;Embraer 190|A350-900;720;1;0;1;1;0;0;673;67;65-900
6164;KL;KL505+KL1294;DEL;FCO;AMS;595;740;80;1111111;A330-300|Boeing 737-900;459;1;0;1;0;0;0;543;70;535-125
6165;KE;KE014+AF1100;ICN;LIS;CDG;610;1180;185;1111111;A330-300|A318;617;1;0;1;0;1;0;727;78;845-150
6166;SN;SN1201+SQ039;NCE;SIN;BRU;555;1305;455;1111111;A320|A380-800;718;1;0;1;0;0;0;872;74;95-755
6167;LH;LH1002+AZ1005;FRA;FCO;CDG;635;425;245;1111111;Embraer 190|A320neo;134;1;0;0;1;0;0;137;74;70-110
6168;AF;AF033+AF1090;BKK;BCN;CDG;115;1075;210;1111111;A350-900|A320;591;1;0;1;1;0;0;602;72;770-95
6169;LX;LX1524+AC047;GVA;YUL;FCO;575;835;195;1111111;A321neo|Boeing 777-300ER;513;1;0;1;0;1;0;486;74;85-555
6170;AZ;AZ1069+AZ1102;LIS;ATH;FCO;610;575;305;1111111;A220-100|A320neo;253;1;0;0;0;0;0;215;82;165-105
6171;KL;KL1237+KL1326;LHR;PRG;AMS;420;195;50;1111111;Boeing 737-800|Boeing 737-800;134;1;0;0;1;0;0;107;80;60-85
6172;TP;TP1201+TP1306;CDG;DSS;LIS;480;640;245;1111111;A321LR|A320neo;329;1;0;0;0;0;0;311;57;150-245
6173;SN;SN505+SN1206;JFK;MRS;BRU;1155;820;280;1111111;A330-300|A320;460;1;0;1;0;1;0;466;72;445-95
6174;SN;SN1252+LX622;BRU;LAX;ZRH;550;1020;170;1111111;A320|A340-300;590;1;0;1;0;0;0;761;70;70-780
6175;AF;AF053+AF1028;LAX;TLS;CDG;1110;850;90;1111111;Boeing 777-300ER|A321;575;1;0;1;1;0;0;652;75;675-85
6176;AF;AF1155+AF026;PRG;DXB;CDG;865;675;180;1111111;A318|Boeing 777-300ER;396;1;0;1;1;1;0;426;75;100-395
6177;KL;KL501+KL520;DXB;YUL;AMS;240;1230;315;1111111;Boeing 787-10|Boeing 777-300ER;633;1;1;1;0;1;1;640;71;440-475
6178;TG;TG1201+TG1220;DEL;ICN;BKK;620;650;115;1111111;A320neo|A320neo;366;1;1;1;0;1;0;444;85;245-290
6179;MS;MS1426+AZ1036;CAI;FRA;FCO;600;415;95;1111111;A220-300|A320neo;214;1;0;1;0;0;0;225;70;215-105
6180;KL;KL517+KL1274;LAX;MAD;AMS;1165;1040;220;1111111;A330-300|Embraer 195-E2;637;1;0;1;0;1;0;705;73;670-150
6181;DL;DL1423+DL068;MIA;JNB;JFK;1060;1220;95;1111111;A321neo|Boeing 767-400ER;785;1;0;1;1;0;1;1077;85;170-955
6182;CX;CX022+BA1475;HKG;LHR;MAD;635;1095;85;1111111;Boeing 777-300ER|A319;731;1;0;1;0;0;0;808;68;885-125
6183;AZ;AZ1089+AZ114;BRU;HND;FCO;620;1020;60;1111111;A321|A330-900neo;617;1;0;1;0;0;0;657;77;115-845
6184;KL;KL1271+KL1244;MAD;LHR;AMS;695;320;115;1111111;Boeing 737-900|Embraer 195-E2;154;1;0;0;0;0;0;177;72;140-65
6185;IB;IB1349+IB1238;IST;NTE;MAD;620;655;310;1111111;A320neo|A321XLR;226;1;0;0;1;0;0;245;85;250-95
6186;CX;CX029+CX1004;MXP;BKK;HKG;1195;1075;205;0111011;A350-900|A321neo;714;1;1;1;1;1;0;624;76;700-170
6187;BA;BA1491+BA042;OPO;ICN;LHR;835;1075;185;1111111;A321neo|A350-1000;637;1;0;1;0;0;0;593;66;125-765
6188;LX;LX615+LX1452;HND;MAD;ZRH;590;1145;110;1111111;A330-300|A320neo;801;1;0;1;0;1;0;727;69;900-135
6189;QR;QR1211+QR084;IST;ICN;DOH;1085;1370;630;1111111;A320|Boeing 777-300ER;544;1;1;1;1;0;1;679;86;220-520
6190;MS;MS1423+MS608;BCN;BKK;CAI;605;1060;275;1111111;Boeing 737-800|A330-300;579;1;1;1;0;0;0;706;63;230-555
6191;LH;LH1007+LH418;CDG;ICN;FRA;1005;895;95;1111111;A321|A340-600;580;1;0;1;0;0;0;684;62;65-735
6192;LH;LH1128+NH017;MUC;HND;CDG;950;1185;250;1111111;A320neo|Boeing 787-9;566;1;0;1;1;0;0;587;69;95-840
6193;IB;IB1365+IB508;TUN;LAX;MAD;620;995;85;1111111;A321XLR|A330-200;619;1;0;1;1;0;0;716;86;135-775
6194;AF;AF075+AF028;EZE;MLE;CDG;1205;1790;350;0110101;A330-200|A350-900;827;1;1;1;0;1;0;1173;73;840-600
6195;IB;IB1321+AT1237;ZRH;CMN;MAD;540;400;165;1111111;A321XLR|Boeing 737-800;199;1;0;1;0;1;0;191;71;135-100
6196;IB;IB1289+IB512;PMI;MEX;MAD;625;980;140;1111111;A321neo|A350-900;649;1;0;1;0;0;0;541;78;80-760
6197;AF;AF069+AF036;PTP;SIN;CDG;1205;1515;240;1111111;A350-900|A330-200;882;1;1;1;0;1;0;1067;80;510-765
6198;LH;LH1137+LH1156;LYS;AMS;MUC;580;345;180;1111111;A319|A320neo;124;1;0;0;0;1;0;114;68;75-90
6199;KL;KL646+KL506;JFK;SIN;AMS;1315;1650;460;1111111;Boeing 787-10|A330-300;804;1;1;1;1;1;1;1003;69;440-750
6200;AF;AF1037+AF008;NTE;JFK;CDG;625;630;70;1111111;A220-300|A350-900;439;1;0;1;0;1;0;350;72;60-500
6201;OS;OS1000+SQ015;VIE;SIN;CDG;520;995;110;1111111;Embraer 195|Boeing 787-10;627;1;0;1;1;0;0;689;75;120-765
6202;AF;AF1025+AF016;TLS;ABJ;CDG;500;750;265;1111111;A220-300|Boeing 777-300ER;378;1;0;1;1;1;0;370;78;80-405
6203;SQ;SQ018+UA017;SIN;SFO;LHR;45;1945;355;1111111;Boeing 777-300ER|Boeing 767-300ER;811;1;1;1;1;1;1;1351;81;880-710
6204;TP;TP1332+LX616;OPO;ICN;ZRH;815;1005;110;1010101;A321LR|A330-300;640;1;0;1;0;0;0;671;62;145-750
6205;TP;TP203+TP1240;JFK;LHR;LIS;1280;625;65;1111111;A321LR|A321LR;391;1;0;1;0;0;0;400;62;405-155
6206;IB;IB1241+IB518;LHR;EZE;MAD;485;1075;150;1011111;A321neo|A330-300;651;1;0;1;0;0;0;760;83;130-795
6207;TK;TK043+TK1134;MIA;DXB;IST;1190;1085;140;1111111;A350-900|Boeing 737 MAX 8;765;1;1;1;1;0;1;727;71;705-240
6208;BA;BA1466+IB514;LHR;CUN;MAD;465;975;170;1111111;A321neo|A330-300;525;1;0;1;1;0;0;622;75;130-675
6209;DL;DL1405+DL046;LAX;FCO;JFK;630;975;160;1111111;A330-900neo|A350-900;644;1;0;1;1;0;1;642;84;305-510
6210;SQ;SQ1005+SQ050;BKK;JFK;SIN;775;1480;175;1111111;Boeing 737 MAX 8|Boeing 777-300ER;1013;1;1;1;1;0;1;1116;81;140-1165
6211;AF;AF009+AF016;JFK;ABJ;CDG;1125;1205;360;1111111;A350-900|Boeing 777-300ER;523;1;1;1;1;1;0;637;72;440-405
6212;SK;SK203+SK1232;MIA;MAD;CPH;1145;935;145;0111111;A330-300|A320neo;527;1;0;1;1;1;0;648;78;585-205
6213;AF;AF043+AF1094;ICN;BCN;CDG;640;1145;205;1111111;A330-200|A318;616;1;0;1;0;0;0;666;77;845-95
6214;AC;AC064+MS608;YUL;BKK;CAI;1210;1535;345;1111111;Boeing 777-300ER|A330-300;727;1;1;1;0;1;0;1041;64;635-555
6215;SN;SN1227+SN500;BER;DSS;BRU;565;585;115;1111110;A319|A330-300;385;1;0;1;0;0;0;355;65;90-380
6216;SQ;SQ1003+SQ1012;BKK;MLE;SIN;485;530;100;1111111;Boeing 737 MAX 8|Boeing 737 MAX 8;326;1;1;1;1;0;1;347;85;140-290
6217;BA;BA1503+BA028;MXP;BKK;LHR;515;1005;210;1111111;A321neo|A380-800;609;1;0;1;1;0;0;794;65;105-690
6218;TP;TP205+TP1246;MIA;AMS;LIS;1190;740;70;1111111;A330-900neo|A321neo;522;1;0;1;0;1;0;489;56;495-175
6219;EK;EK057+EK098;OPO;HKG;DXB;895;1195;305;1111111;A350-900|A350-900;739;1;1;1;1;1;1;655;77;450-440
6220;KL;KL1285+KL1332;LIS;ATH;AMS;600;590;220;1111111;Embraer 195-E2|Embraer 195-E2;235;1;0;0;1;0;0;271;69;175-195
6221;AF;AF1123+AF020;ZRH;RUN;CDG;545;1010;225;1111111;A320|Boeing 777-300ER;577;1;0;1;0;0;0;657;75;75-710
6222;KL;KL1291+KL524;FCO;CUN;AMS;485;1035;200;1111111;Boeing 737-800|A330-300;584;1;0;1;0;0;0;668;69;135-700
6223;DL;DL1401+KL642;LAX;AMS;JFK;400;910;165;1111111;Boeing 767-400ER|Boeing 777-300ER;547;1;0;1;1;0;1;746;69;305-440
6224;AC;AC1213+LX627;PTP;ZRH;YUL;840;835;95;1111111;A321|A340-300;516;1;0;1;0;0;1;723;75;290-450
6225;AF;AF1123+AF014;ZRH;DSS;CDG;545;645;210;1111111;A320|A330-200;383;1;0;1;1;0;0;322;78;75-360
6226;QR;QR1221+QR1200;DXB;FCO;DOH;540;495;75;1111111;Boeing 787-8|A350-1000;423;1;1;1;1;0;1;303;81;65-355
6227;IB;IB1241+IB514;LHR;CUN;MAD;485;955;150;1111111;A321neo|A330-300;511;1;0;1;0;0;0;622;83;130-675
6228;AF;AF1037+AF1064;NTE;FRA;CDG;625;420;295;1111111;A220-300|A220-300;120;1;0;1;0;1;0;69;72;60-65
6229;AF;AF027+AF1030;DXB;TLS;CDG;820;655;125;1111111;Boeing 777-300ER|A318;387;1;0;1;0;1;0;401;82;445-85
6230;IB;IB1295+IB1290;LIS;PMI;MAD;670;410;270;1111111;A321XLR|A321XLR;134;1;0;0;1;1;0;89;78;70-70
6231;AF;AF1043+AF074;LHR;EZE;CDG;660;1015;90;1101010;A220-300|A330-200;658;1;0;1;0;0;0;751;71;55-870
6232;KL;KL1211+KL524;NCE;CUN;AMS;525;995;190;1111111;Boeing 737-800|A330-300;544;1;0;1;0;0;0;636;69;105-700
6233;TG;TG023+TG1216;FRA;HKG;BKK;1165;1140;325;1111111;A350-900|A320neo;594;1;1;1;1;1;0;605;82;650-165
6234;AZ;AZ1049+SQ031;BER;SIN;FCO;850;1005;130;1111111;A320neo|Boeing 787-10;670;1;0;1;0;1;0;648;84;120-755
6235;KL;KL1239+KL528;LHR;EZE;AMS;565;1095;135;0111011;Embraer 195-E2|Boeing 787-10;702;1;0;1;0;0;0;657;75;60-900
6236;LH;LH425+LH1020;LAX;MRS;FRA;1185;870;75;1111111;Boeing 747-8|A321;655;1;0;1;1;1;0;774;65;695-100
6237;AF;AF1123+AF1182;ZRH;ALG;CDG;545;450;240;1111111;A320|A220-300;165;1;0;1;1;0;0;163;78;75-135
6238;AF;AF009+KE015;JFK;ICN;CDG;1125;1865;660;1111111;A350-900|A330-300;669;1;1;1;0;1;0;899;72;440-765
6239;NH;NH014+OS1003;HND;VIE;CDG;110;1290;280;1111111;Boeing 777-300ER|A321;690;1;0;1;1;0;0;734;72;905-105
6240;BA;BA1531+QF015;VIE;SYD;LHR;1120;1490;95;1111111;A321neo|Boeing 787-9;909;1;0;1;1;1;0;1036;74;140-1255
6241;AF;AF1025+AF036;TLS;SIN;CDG;500;1080;235;1111111;A220-300|A330-200;657;1;0;1;0;1;0;748;80;80-765
6242;BA;BA1559+BA1516;CMN;GVA;LHR;585;380;95;1111111;A321neo|A321neo;204;1;0;0;1;0;0;204;68;195-90
6243;TK;TK043+MS1451;MIA;CAI;IST;1190;1035;205;1111111;A350-900|A320neo;674;1;1;1;1;0;0;629;70;705-125
6244;BA;BA1400+AA025;LHR;JFK;CDG;490;680;125;1111111;A320neo|Boeing 777-300ER;376;1;0;1;1;1;0;408;70;55-500
6245;BA;BA1545+BA044;PRG;MIA;LHR;510;960;235;1111111;A319|Boeing 787-9;562;1;0;1;0;0;0;493;65;120-605
6246;EK;EK097+EK120;DPS;MEX;DXB;1100;2225;490;1111111;A350-900|A380-800;1073;1;1;1;1;1;1;1480;74;600-1135
6247;LH;LH1149+LH456;LHR;SFO;MUC;515;1000;140;1011101;A320neo|A340-600;535;1;0;1;0;0;0;785;65;95-765
6248;AF;AF011+AF018;JFK;JNB;CDG;1220;1365;255;1111111;Boeing 787-9|A330-200;714;1;1;1;1;1;0;886;77;440-670
6249;CX;CX045+CX040;JNB;LAX;HKG;920;2140;490;0110101;Boeing 777-300ER|Boeing 777-300ER;1060;1;1;1;1;1;0;1452;78;800-850
6250;AC;AC048+SQ035;YUL;SIN;ZRH;1210;1705;520;1111111;A330-300|Boeing 787-10;903;1;1;1;1;1;1;952;76;450-735
6251;LX;LX609+LX1416;BKK;MRS;ZRH;605;870;55;1111111;A330-300|A321neo;649;1;0;1;0;0;0;632;70;740-75
6252;BA;BA029+BA044;BKK;MIA;LHR;85;1745;360;1111111;A380-800|Boeing 787-9;910;1;1;1;1;1;0;1104;67;780-605
6253;AF;AF1175+AF1154;TUN;PRG;CDG;535;405;165;1111111;A321|A318;177;1;0;1;1;0;0;234;73;150-90
6254;LH;LH1044+LH456;FRA;SFO;MUC;590;985;165;1011101;Embraer 190|A340-600;596;1;0;1;1;0;0;735;61;55-765
6255;AZ;AZ1042+LH1216;FCO;PRG;MUC;850;245;100;1111111;A320neo|A320neo;125;1;0;0;1;1;0;83;68;95-50
6256;AF;AF1053+AF1182;AMS;ALG;CDG;665;330;130;1111111;A320|A220-300;173;1;0;1;1;0;0;155;78;65-135
6257;LH;LH1183+LH1130;FCO;CDG;MUC;825;435;245;1111111;Embraer 190|A321;145;1;0;0;0;0;0;141;67;95-95
6258;SK;SK1211+SK200;LHR;JFK;CPH;495;775;145;1111111;A320neo|A330-300;370;1;0;1;1;1;0;484;69;100-530
6259;TK;TK033+TK1008;ICN;CDG;IST;630;1170;180;1111111;A330-300|A320neo;592;1;1;1;0;0;1;664;73;770-220
6260;KL;KL1237+KL524;LHR;CUN;AMS;420;1040;280;1111111;Boeing 737-800|A330-300;516;1;0;1;0;0;0;575;69;60-700
6261;OS;OS1063+LX1477;PRG;ZRH;VIE;845;270;130;1111111;A321|A321neo;105;1;0;1;1;0;0;78;68;50-90
6262;LH;LH1052+AC039;FRA;YUL;MAD;530;790;165;1111111;A319|A330-300;436;1;0;1;1;0;0;503;64;150-475
6263;AZ;AZ1079+AZ1106;ZRH;IST;FCO;530;335;120;1111111;A320neo|A220-100;167;1;0;0;0;1;0;174;75;85-130
6264;JL;JL018+BA1430;HND;BOD;LHR;90;1135;150;1111111;A350-1000|A319;691;1;0;1;1;0;0;598;71;890-95
6265;TG;TG032+TK1018;BKK;LYS;IST;115;1155;330;1111111;Boeing 787-9|Boeing 737 MAX 8;617;1;1;1;0;0;0;542;74;625-200
6266;MS;MS1459+MS1440;DXB;CPH;CAI;615;625;110;1111111;Boeing 737-800|Boeing 737-800;327;1;1;1;1;0;0;449;62;240-275
6267;TP;TP211+TP1218;GRU;NCE;LIS;1170;820;75;1101110;A321LR|A320neo;569;1;0;1;1;1;0;556;64;610-135
6268;TG;TG022+LH1056;BKK;MAD;FRA;630;1005;120;1111111;A350-900|A320neo;659;1;0;1;1;0;0;611;71;735-150
6269;KL;KL525+KL1204;CUN;CDG;AMS;1160;790;110;1111111;A330-300|Boeing 737-900;539;1;0;1;0;0;0;578;68;615-65
6270;BA;BA059+BA1540;GRU;DUB;LHR;1170;970;175;1111111;A380-800|A321neo;638;1;0;1;0;1;0;745;71;725-70
6271;SN;SN1263+SN1236;PRG;BCN;BRU;785;345;135;1111111;A319|A320;153;1;0;0;0;1;0;178;69;95-115
6272;TP;TP1254+LH444;LIS;SIN;MUC;825;975;75;1111111;A321neo|A340-600;760;1;0;1;1;0;0;885;68;180-720
6273;IB;IB1244+BA026;MAD;DEL;LHR;955;740;120;1111111;A320neo|Boeing 777-300ER;518;1;0;1;1;1;0;542;71;125-495
6274;LX;LX1451+LX606;MAD;DEL;ZRH;795;780;205;1001001;A220-300|A330-300;561;1;0;1;0;0;0;504;66;120-455
6275;AZ;AZ1061+AZ1100;BCN;ATH;FCO;495;465;270;1111111;A321|A220-100;176;1;0;0;0;0;0;176;75;90-105
6276;BA;BA1425+BA030;MRS;BKK;LHR;1120;920;120;1111111;A321neo|Boeing 777-300ER;622;1;0;1;1;1;0;706;72;110-690
6277;IB;IB1243+IB1362;LHR;RAK;MAD;730;470;225;1111111;A321XLR|A321XLR;193;1;0;0;0;0;0;194;79;130-115
6278;LX;LX1441+LX1456;MUC;BCN;ZRH;570;335;180;1111111;A220-300|A321neo;150;1;0;1;0;1;0;94;73;55-100
6279;AF;AF1147+AF056;DUB;SFO;CDG;565;960;130;1111111;A321|A330-200;560;1;0;1;1;0;0;661;73;95-735
6280;EK;EK051+EK088;BCN;JNB;DXB;695;1420;515;1111111;A350-900|A380-800;622;1;1;1;1;1;1;762;81;390-515
6281;BA;BA1551+BA036;ATH;HKG;LHR;580;1400;440;1111111;A319|A350-1000;588;1;0;1;1;0;0;720;68;235-725
6282;KL;KL1245+KL1282;LHR;BCN;AMS;950;295;105;1111111;Embraer 195-E2|Boeing 737-900;144;1;0;0;1;0;0;155;73;60-130
6283;UA;UA1410+LH425;SFO;FRA;LAX;970;910;140;1111111;A320|Boeing 747-8;625;1;0;1;1;0;1;751;65;75-695
6284;TP;TP1211+TP210;ORY;GRU;LIS;655;860;80;1011101;A320neo|A321LR;588;1;0;1;0;0;0;554;56;150-630
6285;TU;TU1207+TU1268;ORY;CAI;TUN;605;410;85;1111111;A320neo|A319;274;1;1;1;0;0;0;291;50;140-185
6286;LH;LH1145+LH1222;TLS;IST;MUC;830;365;120;1011111;A321|Embraer 190;216;1;0;0;0;0;0;220;63;100-145
6287;LH;LH437+LH1034;EZE;LHR;FRA;1190;1160;200;1111111;A350-900|A319;745;1;0;1;1;0;0;693;69;870-90
6288;DL;DL026+KL530;JFK;JNB;AMS;1055;1510;375;1111111;A330-900neo|Boeing 777-300ER;777;1;1;1;0;1;0;905;70;440-695
6289;BA;BA1519+BA034;GVA;SIN;LHR;1125;1000;125;1111111;A319|Boeing 787-9;703;1;0;1;1;0;0;669;67;100-775
6290;EK;EK1017+EK080;DEL;TUN;DXB;1040;1280;670;1111111;Boeing 777-300ER|A380-800;507;1;1;1;1;1;1;507;74;220-390
6291;KL;KL1229+KL510;BOD;HND;AMS;590;980;75;1111111;Embraer 195-E2|Boeing 787-10;622;1;0;1;1;0;0;586;73;100-805
6292;AF;AF069+AF032;PTP;BKK;CDG;1205;1420;230;1111111;A350-900|A350-900;832;1;1;1;1;1;0;885;80;510-680
6293;AC;AC052+SN1204;YUL;LYS;BRU;1220;730;230;1011111;Boeing 787-9|A320;430;1;0;1;0;0;0;361;68;420-80
6294;LH;LH407+LH430;JNB;MEX;FRA;1300;1825;350;1100100;A340-600|A340-600;759;1;1;1;1;1;0;1364;63;680-795
6295;AA;AA018+BA028;JFK;BKK;LHR;1205;1395;285;1111111;Boeing 787-9|A380-800;834;1;1;1;1;1;0;1018;65;420-690
6296;LX;LX1465+LX626;FCO;YUL;ZRH;500;820;220;1111111;A320neo|A340-300;532;1;0;1;1;1;0;506;68;90-510
6297;AF;AF057+AF1168;SFO;CMN;CDG;1220;970;110;1111111;A330-200|A220-300;619;1;0;1;1;1;0;712;80;670-190
6298;LH;LH443+LH1134;BKK;NCE;MUC;595;910;100;1111111;A340-600|Embraer 190;570;1;0;1;1;0;0;721;65;720-90
6299;BA;BA1429+BA1444;TLS;AMS;LHR;1060;265;105;1111111;A321neo|A319;140;1;0;0;1;1;0;111;73;100-60
6300;AZ;AZ118+TG1201;FCO;BKK;DEL;1175;860;175;1111111;A350-900|A320neo;593;1;1;1;0;1;0;522;81;440-245
6301;QR;QR075+QR082;JNB;HKG;DOH;1155;1175;220;0000010;Boeing 777-300ER|Boeing 777-300ER;740;1;1;1;1;1;1;815;80;490-465
6302;QR;QR067+QR082;CMN;HKG;DOH;935;1335;445;0010011;A350-1000|Boeing 777-300ER;721;1;1;1;0;1;1;722;80;425-465
6303;LH;LH1092+OS402;FRA;BKK;VIE;595;1155;465;1111111;A320neo|Boeing 787-9;574;1;0;1;0;0;0;514;74;80-610
6304;LH;LH1080+LX1496;FRA;CMN;ZRH;595;430;165;1111111;A320neo|A320neo;225;1;0;1;0;0;0;163;61;55-210
6305;LH;LH1083+AI021;ZRH;DEL;FRA;1060;590;80;1111111;A321|Boeing 777-300ER;428;1;0;1;1;1;0;426;64;55-455
6306;TP;TP203+OS1041;JFK;VIE;LIS;1280;890;280;1111111;A321LR|A321;470;1;0;1;0;0;0;480;62;405-205
6307;KL;KL1225+KL1336;TLS;IST;AMS;595;645;345;1111111;Boeing 737-800|Embraer 195-E2;200;1;0;0;1;0;0;247;73;105-195
6308;KL;KL501+KL1318;DXB;CPH;AMS;240;620;100;1111111;Boeing 787-10|Embraer 195-E2;388;1;0;1;0;1;0;335;71;440-80
6309;BA;BA178+BA028;JFK;BKK;LHR;1295;1305;195;1111111;A350-1000|A380-800;778;1;1;1;0;1;0;1018;65;420-690
6310;BA;BA178+BA1504;JFK;MXP;LHR;1295;775;260;1111111;A350-1000|A319;420;1;0;1;0;0;0;396;74;420-95
6311;MS;MS1418+TP1263;CAI;LIS;MAD;600;660;280;1111111;A220-300|A320neo;305;1;0;1;1;0;0;268;58;300-80
6312;BA;BA1567+BA1492;CAI;OPO;LHR;600;785;345;1111111;A321neo|A319;321;1;0;0;1;0;0;367;66;305-135
6313;TG;TG032+TK1078;BKK;FCO;IST;115;990;220;1111111;Boeing 787-9|A321neo;584;1;1;1;0;0;0;525;69;625-145
6314;BA;BA1547+BA026;PRG;DEL;LHR;810;885;270;1111111;A320neo|Boeing 777-300ER;452;1;0;1;0;1;0;525;69;120-495
6315;OS;OS1065+TP1285;ATH;LIS;VIE;600;510;145;1111111;Embraer 195|A321LR;260;1;0;0;0;0;0;283;61;135-230
6316;QR;QR081+QR020;DPS;NCE;DOH;1125;1420;400;1100100;Boeing 787-9|Boeing 777-300ER;821;1;1;1;1;1;1;720;85;630-390
6317;LH;LH1117+LH1102;TUN;DUB;FRA;610;560;295;1111111;Embraer 190|A320neo;205;1;0;0;1;0;0;238;69;145-120
6318;TP;TP203+TP1238;JFK;NTE;LIS;1280;785;270;0111111;A321LR|A321LR;412;1;0;1;0;1;0;389;62;405-110
6319;EK;EK027+EK088;LHR;JNB;DXB;675;1380;455;1111111;A380-800|A380-800;594;1;1;1;1;1;1;890;79;410-515
6320;TK;TK053+TK022;CUN;DEL;IST;1205;1270;155;1111111;A330-300|Boeing 777-300ER;843;1;1;1;1;1;1;975;72;765-350
6321;IB;IB515+IB1204;CUN;CDG;MAD;1200;935;240;1111111;A330-300|A321XLR;522;1;0;1;0;1;0;607;83;585-110
6322;LH;LH427+LH1012;SFO;NCE;FRA;1185;870;90;1111111;A340-600|Embraer 190;647;1;0;1;1;0;0;755;67;685-95
6323;IB;IB1343+IB1362;PRG;RAK;MAD;855;405;105;1111111;A321XLR|A321XLR;227;1;0;0;0;0;0;207;81;185-115
6324;BA;BA1423+BA026;MRS;DEL;LHR;810;885;280;1111111;A320neo|Boeing 777-300ER;471;1;0;1;0;0;0;521;71;110-495
6325;LX;LX629+LX1472;GRU;MXP;ZRH;1170;1100;325;0011011;A330-300|A220-300;649;1;0;1;0;0;0;642;66;730-45
6326;KL;KL509+KL1260;ICN;MUC;AMS;595;1085;190;1111111;Boeing 777-300ER|Boeing 737-900;585;1;0;1;0;1;0;622;75;810-85
6327;AF;AF1129+AF1062;GVA;FRA;CDG;535;275;145;1111111;A320|A318;97;1;0;1;1;0;0;86;71;65-65
6328;AF;AF1085+AF042;MAD;ICN;CDG;960;980;105;1111111;A320|A330-200;622;1;0;1;0;0;0;687;80;110-765
6329;TK;TK055+TK1086;GRU;MXP;IST;1195;1135;160;1111111;Boeing 787-9|Boeing 737 MAX 8;633;1;1;1;1;0;1;689;75;795-180
6330;TG;TG026+LX1458;BKK;BCN;ZRH;630;955;115;1111111;Boeing 777-300ER|A220-300;627;1;0;1;1;1;0;660;72;740-100
6331;TK;TK017+TK1056;ABJ;BER;IST;1325;720;145;1111111;A350-900|A320neo;401;1;1;1;1;1;1;395;70;400-175
6332;EK;EK041+EK100;AMS;ICN;DXB;1105;1105;215;1111111;Boeing 777-300ER|A380-800;568;1;1;1;1;1;1;839;79;390-500
6333;TP;TP1251+TP1308;FRA;ABJ;LIS;615;590;90;1111111;A321neo|A320neo;388;1;0;0;1;0;0;379;60;195-305
6334;DL;DL014+AF1180;JFK;ALG;CDG;1040;730;155;1111111;A350-900|A318;511;1;0;1;1;0;0;456;84;440-135
6335;BA;BA1409+AA015;NCE;JFK;LHR;525;690;95;1111111;A321neo|Boeing 777-200ER;423;1;0;1;1;1;0;502;69;115-480
6336;EK;EK027+EK096;LHR;DPS;DXB;675;1565;580;1111111;A380-800|A350-900;790;1;1;1;1;1;1;820;79;410-575
6337;TP;TP208+AC1204;LIS;LAX;YUL;835;910;110;1111111;A321LR|Boeing 777-300ER;579;1;0;1;1;0;0;604;58;450-350
6338;AA;AA028+IB1236;JFK;NTE;MAD;1120;670;145;1111111;Boeing 777-300ER|A321neo;473;1;0;1;1;1;0;438;70;430-95
6339;EI;EI605+EI1424;LAX;LGW;DUB;1180;915;225;1111111;A321XLR|A321neo;571;1;0;1;1;0;0;495;79;620-70
6340;TG;TG032+TK1024;BKK;BOD;IST;115;1205;340;1110110;Boeing 787-9|A320neo;589;1;1;1;0;0;0;572;74;625-240
6341;DL;DL028+KL1306;JFK;ZRH;AMS;1270;710;190;1111111;Boeing 767-400ER|Embraer 195-E2;454;1;0;1;1;0;0;488;77;440-80
6342;LH;LH1210+AC057;MUC;YUL;DUB;605;720;155;1011101;Embraer 190|A330-300;446;1;0;1;1;1;0;448;70;145-420
6343;NH;NH034+AC1205;HND;YUL;LAX;1130;1285;335;1111111;Boeing 787-9|Boeing 777-300ER;687;1;0;1;1;0;1;799;64;645-305
6344;AF;AF1050+KL530;CDG;JNB;AMS;480;1005;250;1111111;A220-300|Boeing 777-300ER;590;1;0;1;0;1;0;620;70;60-695
6345;KL;KL1285+KL502;LIS;DXB;AMS;600;860;295;1111111;Embraer 195-E2|Boeing 777-300ER;457;1;0;1;0;0;0;460;69;175-390
6346;AT;AT1236+IB1370;CMN;ALG;MAD;855;300;115;1111111;Boeing 737-800|A321XLR;126;1;0;1;0;1;0;147;67;95-90
6347;BA;BA176+BA1478;JFK;BCN;LHR;1240;735;200;1111111;Boeing 777-300ER|A319;415;1;0;1;1;0;0;475;67;420-115
6348;IB;IB1359+IB508;RAK;LAX;MAD;550;1065;180;1111111;A320neo|A330-200;662;1;0;1;1;1;0;699;87;110-775
6349;DL;DL1427+DL048;YUL;MXP;JFK;700;940;385;1111111;Boeing 757-200|Boeing 767-400ER;466;1;0;1;1;0;1;541;77;75-480
6350;LH;LH1049+LH1120;BER;ALG;FRA;605;375;145;1111111;A321|A320neo;194;1;0;0;1;0;0;147;67;70-160
6351;IB;IB1369+IB510;ALG;SFO;MAD;620;995;130;1111111;A321neo|A330-200;645;1;0;1;0;0;0;667;80;100-765
6352;AA;AA023+QF029;LHR;SYD;JFK;1040;1880;150;1111111;Boeing 777-300ER|A380-800;1040;1;1;1;1;1;1;1557;70;480-1250
6353;BA;BA1413+BA030;NCE;BKK;LHR;1145;895;90;1111111;A320neo|Boeing 777-300ER;642;1;0;1;1;1;0;710;72;115-690
6354;BA;BA037+BA1464;HKG;BER;LHR;625;1090;180;1111111;A350-1000|A319;577;1;0;1;0;0;0;622;70;810-100
6355;BA;BA1590+AA039;LGW;JFK;FCO;515;960;250;1111111;A321neo|Boeing 777-300ER;427;1;0;1;1;1;0;564;65;130-580
6356;KL;KL525+KL510;CUN;HND;AMS;1160;1490;70;1111111;A330-300|Boeing 787-10;702;1;1;1;1;1;0;1047;68;615-805
6357;SQ;SQ014+AZ1003;SIN;FCO;CDG;70;1190;210;1111111;Boeing 787-10|A220-100;702;1;0;1;1;1;0;678;80;870-110
6358;IB;IB1323+IB1370;ZRH;ALG;MAD;850;305;80;1111111;A320neo|A321XLR;158;1;0;0;1;0;0;165;82;135-90
6359;SN;SN1209+SN1224;TLS;MUC;BRU;810;285;115;0111011;A319|A320;142;1;0;0;0;0;0;144;65;95-75
6360;AF;AF1007+AF1188;NCE;CAI;CDG;840;500;150;1111111;A321|A320;258;1;0;1;0;0;0;326;74;95-255
6361;KL;KL1311+KL516;GVA;LAX;AMS;580;965;140;1111111;Embraer 195-E2|A330-300;647;1;0;1;1;0;0;639;73;90-735
6362;BA;BA1503+BA058;MXP;GRU;LHR;515;1110;260;1111111;A321neo|A380-800;573;1;0;1;1;0;0;786;73;105-745
6363;TP;TP201+TP1208;JFK;ORY;LIS;1095;655;115;1111111;A330-900neo|A321LR;421;1;0;1;0;1;0;416;61;405-135
6364;UA;UA1403+UA034;LAX;DEL;SFO;515;1240;190;1111101;A320|Boeing 787-10;792;1;0;1;0;0;1;730;72;80-970
6365;AZ;AZ1084+LX1522;FCO;OPO;GVA;625;330;95;1111111;A321|A220-300;189;1;0;1;1;0;0;180;74;95-140
6366;AM;AM1000+DL036;MEX;BCN;JFK;645;835;105;1111111;Boeing 737 MAX 8|A350-900;561;1;1;1;0;1;0;562;79;270-460
6367;AC;AC1203+TK049;LAX;IST;YUL;625;950;75;1111111;Boeing 787-9|A330-300;649;1;0;1;1;0;1;767;65;305-570
6368;AF;AF065+AF1106;MEX;OPO;CDG;1210;1105;295;1111111;A330-200|A318;564;1;0;1;1;0;0;721;73;680-130
6369;AA;AA030+IB1264;JFK;MUC;MAD;1300;770;200;1111111;Boeing 787-9|A320neo;498;1;0;1;1;1;0;440;72;430-140
6370;AF;AF073+AF046;GRU;HND;CDG;1225;2125;565;1111111;A350-900|Boeing 777-300ER;1037;1;1;1;0;0;0;1144;71;720-840
6371;OS;OS1035+OS404;MAD;HND;VIE;815;1140;190;1111111;Embraer 195|Boeing 787-9;673;1;0;1;0;0;0;644;76;165-785
6372;TK;TK035+TK1078;HND;FCO;IST;120;1105;100;1111111;A330-300|A321neo;606;1;1;1;0;0;1;698;69;860-145
6373;SQ;SQ040+TK1072;SIN;LIS;IST;580;1065;85;1111111;Boeing 787-10|A321neo;812;1;1;1;0;1;1;690;70;690-290
6374;LH;LH429+TK1049;YUL;IST;FRA;1185;675;70;1111111;A340-600|A320neo;486;1;1;1;1;1;0;561;68;440-165
6375;KL;KL1277+KL500;BCN;DXB;AMS;480;605;90;1111111;Boeing 737-900|Boeing 787-10;378;1;0;1;0;0;0;406;75;125-390
6376;EK;EK1009+EK092;CAI;BKK;DXB;600;885;285;1111111;Boeing 777-300ER|Boeing 777-300ER;558;1;1;1;1;0;1;512;75;210-390
6377;AF;AF1123+AF040;ZRH;HKG;CDG;545;1355;560;1111111;A320|A330-200;598;1;0;1;1;0;0;671;80;75-720
6378;LX;LX629+LX612;GRU;HKG;ZRH;1170;1865;440;0011011;A330-300|A340-300;1071;1;1;1;0;1;0;1318;66;730-695
6379;AF;AF1153+AF032;PRG;BKK;CDG;550;935;155;1111111;A321|A350-900;610;1;0;1;1;0;0;601;80;100-680
6380;AF;AF027+AF1012;DXB;NCE;CDG;820;680;150;1111111;Boeing 777-300ER|A320;362;1;0;1;1;0;0;410;83;445-85
6381;EK;EK099+EK122;HKG;GRU;DXB;1110;2040;570;1111111;A350-900|A350-900;1140;1;1;1;1;1;1;990;74;510-960
6382;DL;DL1433+DL014+AF016;MEX;ABJ;JFK-CDG;590;1680;120-445;1111111;A321neo|A350-900|Boeing 777-300ER;583;1;0;1;1;0;1;863;78;270-440-405
6383;BA;BA055+BA028;YUL;BKK;LHR;1275;1325;240;1111111;Boeing 787-9|A380-800;812;1;1;1;1;1;0;1001;65;395-690
6384;AZ;AZ1019+AZ108;LHR;SFO;FCO;510;1075;130;1111111;A320neo|A330-900neo;566;1;0;1;0;1;0;670;73;135-810
6385;IB;IB1256+QR041;MAD;DOH;FRA;530;765;280;1111111;A321XLR|A380-800;403;1;0;1;1;1;0;462;79;135-350
6386;IB;IB517+IB1336;GRU;CPH;MAD;1185;1045;210;1111111;A330-300|A320neo;614;1;0;1;0;0;0;683;78;645-190
6387;AF;AF045+AF074;HND;EZE;CDG;145;2070;295;1101010;A330-200|A330-200;906;1;1;1;0;0;0;1352;74;905-870
6388;AF;AF043+AF1106;ICN;OPO;CDG;640;1135;160;1111111;A330-200|A318;651;1;0;1;0;0;0;703;73;845-130
6389;AF;AF057+AF1138;SFO;VIE;CDG;1220;935;160;1111111;A330-200|A318;615;1;0;1;1;0;0;686;74;670-105
6390;AZ;AZ119+AZ1114;DEL;CMN;FCO;620;935;225;1111111;A350-900|A321;482;1;0;1;0;0;0;482;80;505-205
6391;IB;IB1349+IB514;IST;CUN;MAD;620;1000;75;1111111;A320neo|A330-300;601;1;0;1;1;0;0;699;85;250-675
6392;AF;AF1103+AF040;OPO;HKG;CDG;565;1275;435;1111111;A320|A330-200;625;1;0;1;1;1;0;746;75;120-720
6393;AF;AF1063+AF050;FRA;MIA;CDG;750;835;140;1111111;A318|A350-900;498;1;0;1;0;0;0;447;72;70-625
6394;AF;AF1081+AF016;MAD;ABJ;CDG;525;725;210;1111111;A318|Boeing 777-300ER;367;1;0;1;1;0;0;425;78;110-405
6395;SN;SN1213+SN1238;LHR;LIS;BRU;495;415;180;1111111;A320|A320;164;1;0;0;0;0;0;172;67;55-180
6396;AF;AF023+AF1182;JFK;ALG;CDG;1290;785;210;1111111;A330-200|A220-300;427;1;0;1;1;1;0;494;76;440-135
6397;SN;SN1224+LH440;BRU;DEL;MUC;1020;580;65;0110110;A320|Boeing 747-8;491;1;0;1;0;0;0;501;73;75-440
6398;AF;AF1057+AF1184;AMS;ALG;CDG;1040;275;75;1111111;A318|A320;181;1;0;1;0;0;0;177;72;65-135
6399;LH;LH435+LH1046;GRU;MUC;FRA;1180;1130;330;1101010;A350-900|A320neo;591;1;0;1;0;1;0;560;62;745-55
6400;TP;TP1209+TP204;ORY;MIA;LIS;445;1005;285;1111111;A321LR|A330-900neo;513;1;0;1;1;0;0;485;57;150-570
6401;AF;AF1083+AF026;MAD;DXB;CDG;735;805;300;1111111;A220-300|Boeing 777-300ER;419;1;0;1;1;1;0;430;75;110-395
6402;SQ;SQ1002+OS403;SIN;VIE;BKK;475;910;75;1111111;Boeing 737 MAX 8|Boeing 787-9;649;1;1;1;0;1;1;580;73;140-695
6403;AF;AF1155+AF034;PRG;BKK;CDG;865;1130;350;1111111;A318|Boeing 787-9;600;1;0;1;1;1;0;601;82;100-680
6404;OS;OS1069+OS1014;IST;LHR;VIE;605;490;220;1111111;A321|A320;216;1;0;0;1;0;0;250;79;130-140
6405;BA;BA1537+QF015;CPH;SYD;LHR;1140;1470;105;1111111;A321neo|Boeing 787-9;960;1;0;1;1;1;0;1011;70;110-1255
6406;IB;IB1353+IB518;CMN;EZE;MAD;530;1090;200;1011111;A321XLR|A330-300;631;1;0;1;1;0;0;728;85;95-795
6407;IB;IB1215+IB506;NCE;MIA;MAD;550;900;185;1111111;A320neo|A330-200;530;1;0;1;0;0;0;542;89;110-605
6408;AF;AF1147+AF1182;DUB;ALG;CDG;565;370;140;1111111;A321|A220-300;185;1;0;1;1;0;0;194;73;95-135
6409;LH;LH1195+LH462;GVA;CUN;MUC;585;985;170;1010100;A319|A350-900;538;1;0;1;1;0;0;534;61;70-745
6410;LH;LH405+LH1122;JFK;CAI;FRA;1315;830;130;1111111;Boeing 787-9|Embraer 190;544;1;0;1;1;0;0;572;63;465-235
6411;JL;JL025+JL1002;JFK;HKG;HND;705;1210;80;1111111;Boeing 777-300ER|Boeing 737-800;866;1;1;1;1;0;1;939;88;865-265
6412;AF;AF081+AF076;RUN;PTP;ORY;1355;1685;370;0010011;Boeing 777-300ER|A350-900;708;1;1;1;1;1;0;977;72;735-580
6413;CX;CX1003+CX040;BKK;LAX;HKG;630;1290;275;1111111;A321neo|Boeing 777-300ER;894;1;1;1;1;1;0;872;76;165-850
6414;TP;TP203+TP1256;JFK;BER;LIS;1280;885;275;1111111;A321LR|A321neo;481;1;0;1;0;1;0;450;62;405-205
6415;BA;BA061+BA1596;CUN;ATH;LGW;1185;995;190;0101010;A350-1000|A319;653;1;0;1;1;1;0;627;67;595-210
6416;BA;BA1521+BA1550;BRU;ATH;LHR;515;355;80;1111111;A319|A319;225;1;0;0;1;0;0;229;70;65-210
6417;LH;LH439+LH462;DXB;CUN;MUC;400;1350;210;1010100;A350-900|A350-900;807;1;1;1;0;1;0;734;68;395-745
6418;KL;KL1200+AF074;AMS;EZE;CDG;460;1275;340;1101010;Boeing 737-800|A330-200;721;1;0;1;0;0;0;761;74;65-870
6419;AF;AF1019+AF038;MRS;SIN;CDG;855;1215;360;1111111;A318|Boeing 777-300ER;685;1;0;1;0;0;0;762;76;90-765
6420;AF;AF065+AF1168;MEX;CMN;CDG;1210;1100;230;1111111;A330-200|A220-300;569;1;0;1;1;0;0;728;80;680-190
6421;TK;TK1085+TK1134;MXP;DXB;IST;600;595;200;1111111;A321neo|Boeing 737 MAX 8;352;1;1;1;0;0;1;317;77;155-240
6422;BA;BA047+BA1524;LAX;BRU;LHR;1090;1065;355;1111111;Boeing 777-300ER|A321neo;548;1;0;1;1;0;0;599;70;655-55
6423;DL;DL014+AF1170;JFK;RAK;CDG;1040;885;235;1111111;A350-900|A318;455;1;0;1;1;0;0;489;79;440-210
6424;DL;DL1429+DL050;YUL;ZRH;JFK;935;705;155;1111111;A321neo|A350-900;429;1;0;1;1;1;1;390;87;75-475
6425;OS;OS1073+LH1095;CAI;FRA;VIE;820;385;65;1111111;A321|A321;234;1;0;0;0;0;0;251;66;230-90
6426;QR;QR050+IB1297;DOH;MAD;LIS;430;655;90;1111111;A350-1000|A320neo;454;1;0;1;1;0;0;360;86;495-70
6427;IB;IB1359+IB514;RAK;CUN;MAD;550;950;165;1111111;A320neo|A330-300;499;1;0;1;1;0;0;607;85;110-675
6428;LX;LX617+LX1488;ICN;PRG;ZRH;585;1015;115;1101010;A330-300|A320neo;637;1;0;1;0;0;0;611;70;830-70
6429;SN;SN1275+SQ039;ALG;SIN;BRU;805;1055;145;1111111;A320|A380-800;734;1;0;1;0;1;0;916;73;155-755
6430;KL;KL1211+KL516;NCE;LAX;AMS;525;1020;180;1111111;Boeing 737-800|A330-300;591;1;0;1;0;0;0;680;73;105-735
6431;LH;LH1207+LH1216;CPH;PRG;MUC;595;500;360;1111111;A321|A320neo;118;1;0;0;1;1;0;103;62;90-50
6432;LX;LX1476+AI027;ZRH;DEL;VIE;1055;555;65;1011101;A321neo|Boeing 777-300ER;489;1;0;1;1;0;0;411;75;75-415
6433;TP;TP1271+TP210;FCO;GRU;LIS;610;905;85;1011101;A320neo|A321LR;619;1;0;1;0;1;0;557;56;190-630
6434;TK;TK1125+TG035;ALG;BKK;IST;845;880;130;1111111;Boeing 737 MAX 8|A350-900;639;1;1;1;0;0;0;562;83;200-550
6435;AT;AT507+AT500;MIA;JNB;CMN;1185;1295;195;0101010;Boeing 787-8|Boeing 787-9;626;1;1;1;0;1;0;795;64;510-590
6436;KL;KL1221+KL506;MRS;SIN;AMS;595;1290;435;1111111;Boeing 737-900|A330-300;666;1;0;1;1;1;0;782;69;105-750
6437;AF;AF1001+AF066;NCE;CUN;CDG;460;1090;300;1111111;A318|A330-200;557;1;0;1;1;0;0;604;72;95-695
6438;TK;TK1049+TK020;FRA;MLE;IST;615;890;270;1111111;A320neo|Boeing 787-9;545;1;1;1;1;1;1;455;72;165-455
6439;KL;KL1269+KL1258;MAD;MUC;AMS;485;435;210;1111111;Embraer 195-E2|Embraer 195-E2;159;1;0;0;0;0;0;179;73;140-85
6440;TK;TK1065+TK1134;BCN;DXB;IST;620;575;140;1111111;A320neo|Boeing 737 MAX 8;373;1;1;1;1;0;1;353;74;195-240
6441;LH;LH1183+LH1168;FCO;MAD;MUC;825;460;210;1111111;Embraer 190|A319;164;1;0;0;0;0;0;223;65;95-155
6442;SQ;SQ034+LX618;SIN;JFK;ZRH;145;1615;235;1111111;Boeing 787-10|Boeing 777-300ER;947;1;1;1;1;1;0;973;68;840-540
6443;SK;SK1259+SK208;ATH;HND;CPH;800;1125;170;1111111;A321LR|A350-900;574;1;0;1;1;1;0;619;74;205-750
6444;AA;AA1027+AA1012;MIA;LAX;JFK;810;685;165;1111111;A321|Boeing 777-200ER;376;1;0;0;1;0;1;506;72;170-350
6445;AF;AF1091+AF026;BCN;DXB;CDG;730;810;320;1111111;A320|Boeing 777-300ER;409;1;0;1;0;0;0;426;75;95-395
6446;AM;AM018+KL1272;MEX;MAD;AMS;1205;900;70;1111111;Boeing 787-9|Boeing 737-800;540;1;0;1;1;0;0;649;69;680-150
6447;AF;AF067+AF1136;CUN;VIE;CDG;1215;840;125;1111111;A330-200|A321;592;1;0;1;0;1;0;638;77;610-105
6448;KL;KL515+KL1204;MIA;CDG;AMS;1170;780;160;1111111;A330-300|Boeing 737-900;505;1;0;1;0;0;0;524;72;555-65
6449;LH;LH1019+LH428;MRS;YUL;FRA;600;735;140;1111111;A320neo|A340-600;418;1;0;1;1;1;0;503;69;95-500
6450;IB;IB1237+IB514;NTE;CUN;MAD;610;890;120;1111111;A321neo|A330-300;510;1;0;1;1;0;0;581;82;95-675
6451;KE;KE047+KE020;SYD;FRA;ICN;890;2005;540;1011101;A330-300|Boeing 787-9;904;1;1;1;0;1;0;1009;85;655-810
6452;TK;TK1133+LH1113;DXB;FRA;IST;610;695;235;1111111;A321neo|A321;376;1;0;1;0;0;0;351;64;270-190
6453;EK;EK047+EK102;MAD;HND;DXB;685;1425;425;1111111;A350-900|A380-800;747;1;1;1;1;1;1;902;76;420-580
6454;AF;AF1111+AF1172;FCO;RAK;CDG;740;560;230;1111111;A321|A220-300;219;1;0;1;1;0;0;253;72;120-210
6455;LX;LX1483+SQ035;DUB;SIN;ZRH;580;1195;340;1111111;A321neo|Boeing 787-10;780;1;0;1;0;1;0;667;65;120-735
6456;QR;QR046+IB506;DOH;MIA;MAD;415;1155;90;1111111;Boeing 777-300ER|A330-200;828;1;1;1;0;1;0;808;80;460-605
6457;QF;QF014+BA1550;SYD;ATH;LHR;1095;1755;235;1111111;Boeing 787-9|A319;892;1;0;1;1;0;0;1123;76;1310-210
6458;LH;LH1204+AI027;MUC;DEL;VIE;1050;560;90;1011101;A321|Boeing 777-300ER;406;1;0;1;0;0;0;396;68;55-415
6459;CX;CX1013+CX034;HND;DXB;HKG;625;1090;315;1111111;A321neo|Boeing 777-300ER;556;1;1;1;0;0;0;580;89;265-510
6460;KL;KL1205+KL1286;CDG;LIS;AMS;825;415;165;1111111;Boeing 737-900|Boeing 737-900;178;1;0;0;0;0;0;188;74;60-190
6461;BA;BA1543+BA034;DUB;SIN;LHR;1130;935;95;1111111;A319|Boeing 787-9;646;1;0;1;0;0;0;639;67;65-775
6462;AA;AA068+BA1482;LAX;BCN;LHR;1295;940;170;1111111;Boeing 777-300ER|A321neo;629;1;0;1;0;0;0;666;77;655-115
6463;AZ;AZ1065+AZ116;BCN;HND;FCO;960;1175;240;1111111;A320neo|A350-900;633;1;0;1;0;0;0;611;83;90-845
6464;DL;DL016+AF1154;JFK;PRG;CDG;1170;850;320;1111111;A330-900neo|A318;465;1;0;1;0;0;0;404;75;440-90
6465;AF;AF1021+AF046;MRS;HND;CDG;1035;1115;185;1111111;A220-300|Boeing 777-300ER;675;1;0;1;0;0;0;686;81;90-840
6466;KL;KL1291+KL518;FCO;SFO;AMS;485;1050;195;1111111;Boeing 737-800|Boeing 777-300ER;676;1;0;1;0;0;0;701;72;135-720
6467;LX;LX1474+AI027;ZRH;DEL;VIE;575;1035;545;1011101;A320neo|Boeing 777-300ER;504;1;0;1;0;1;0;411;75;75-415
6468;IB;IB1289+IB514;PMI;CUN;MAD;625;875;120;1111111;A321neo|A330-300;550;1;0;1;1;0;0;563;85;80-675
6469;AF;AF1143+AF1010;CPH;NCE;CDG;860;335;135;1111111;A320|A220-300;164;1;0;1;1;1;0;159;72;115-85
6470;KL;KL519+KL1218;SFO;LYS;AMS;1175;860;105;1111111;Boeing 777-300ER|Embraer 195-E2;570;1;0;1;1;1;0;633;73;660-95
6471;KL;KL1211+KL522;NCE;MEX;AMS;525;1050;175;1111111;Boeing 737-800|Boeing 777-300ER;591;1;0;1;0;0;0;696;73;105-770
6472;AM;AM1000+DL052;MEX;BRU;JFK;645;915;200;1111111;Boeing 737 MAX 8|A330-900neo;587;1;1;1;0;1;0;547;82;270-445
6473;LH;LH1080+LX1422;FRA;NTE;ZRH;595;320;160;1111111;A320neo|A220-300;123;1;0;1;1;0;0;88;61;55-105
6474;BA;BA1499+BA026;FCO;DEL;LHR;930;765;120;1111111;A320neo|Boeing 777-300ER;478;1;0;1;1;1;0;559;68;150-495
6475;AT;AT1247+AT1256;LIS;ZRH;CMN;605;375;105;1111111;Boeing 737 MAX 8|Boeing 737 MAX 8;162;1;1;1;0;1;0;191;63;80-190
6476;AF;AF1123+AF052;ZRH;LAX;CDG;545;940;115;1111111;A320|Boeing 777-300ER;649;1;0;1;1;0;0;639;80;75-750
6477;LX;LX621+LX1446;MIA;BER;ZRH;1175;1020;355;1111111;Boeing 777-300ER|A321neo;612;1;0;1;1;1;0;565;67;580-85
6478;LX;LX1530+OS1070;GVA;IST;VIE;815;370;160;1111111;A321neo|A320;205;1;0;1;0;0;0;191;73;90-120
6479;TP;TP1284+AI027;LIS;DEL;VIE;840;710;90;1011101;A321LR|Boeing 777-300ER;502;1;0;1;1;1;0;515;56;205-415
6480;TP;TP209+TK1071;YUL;IST;LIS;1175;825;180;1111111;A321LR|A320neo;505;1;1;1;1;0;1;502;65;395-250
6481;AH;AH105+AH100;YUL;DXB;ALG;1215;1190;345;0111111;A330-900neo|A330-900neo;560;1;1;1;0;1;1;619;56;465-380
6482;AF;AF1143+AF1106;CPH;OPO;CDG;860;435;190;1111111;A320|A318;212;1;0;1;1;0;0;224;72;115-130
6483;BA;BA053+BA016;YUL;DXB;LHR;1095;1080;275;1111111;A350-1000|A350-1000;663;1;1;1;0;1;0;585;67;395-410
6484;KL;KL523+KL1294;MEX;FCO;AMS;1170;915;110;1111111;Boeing 777-300ER|Boeing 737-900;598;1;0;1;1;0;0;728;70;680-125
6485;KE;KE037+KE044;IST;DPS;ICN;1125;1260;155;1111111;A330-300|Boeing 777-300ER;584;1;1;1;0;1;0;858;79;675-430
6486;BA;BA1495+JL019;FCO;HND;LHR;480;1180;200;1111111;A321neo|A350-1000;667;1;0;1;1;0;0;645;66;150-830
6487;IB;IB1204+JL017;MAD;HND;CDG;945;1165;215;1111111;A321XLR|Boeing 787-9;685;1;0;1;1;1;0;619;91;110-840
6488;AZ;AZ1034+LH418;FCO;ICN;FRA;550;1350;510;1111111;A220-100|A340-600;602;1;0;1;0;1;0;719;64;105-735
6489;JL;JL1003+JL018;HKG;LHR;HND;1040;1320;195;1111111;Boeing 737-800|A350-1000;681;1;1;1;1;1;1;756;88;235-890
6490;IB;IB1327+IB506;GVA;MIA;MAD;625;825;105;1111111;A320neo|A330-200;492;1;0;1;0;1;0;547;88;115-605
6491;AZ;AZ1107+AZ1010;IST;NCE;FCO;745;290;70;1111111;A220-100|A320neo;176;1;0;0;0;1;0;154;74;145-75
6492;QR;QR019+QR086;CDG;HND;DOH;1225;1170;190;1111111;A350-1000|Boeing 777-300ER;676;1;1;1;1;0;1;808;83;375-605
6493;AT;AT1247+AT1272;LIS;TUN;CMN;605;325;90;1111111;Boeing 737 MAX 8|Boeing 737-800;168;1;1;1;0;0;0;185;63;80-155
6494;SK;SK1200+AF014;CPH;DSS;CDG;505;685;210;1111111;A320neo|A330-200;402;1;0;1;1;1;0;358;78;115-360
6495;AA;AA018+BA1416;JFK;LYS;LHR;1205;850;340;1111111;Boeing 787-9|A319;455;1;0;1;1;0;0;378;67;420-90
6496;TK;TK1137+TK1080;DOH;FCO;IST;600;490;95;1111111;A320neo|Boeing 737 MAX 8;311;1;1;1;1;1;1;300;74;250-145
6497;AF;AF023+AF020;JFK;RUN;CDG;1290;1345;195;1111111;A330-200|Boeing 777-300ER;860;1;1;1;0;1;0;988;75;440-710
6498;TP;TP211+TP1274;GRU;MXP;LIS;1170;1070;305;1101110;A321LR|A321LR;616;1;0;1;0;1;0;544;60;610-155
6499;AF;AF013+AF1148;JFK;DUB;CDG;1375;660;115;1111111;Boeing 777-300ER|A318;374;1;0;1;0;0;0;458;72;440-105
6500;LH;LH1165+LH1156;MAD;AMS;MUC;525;400;170;1111111;A320neo|A320neo;165;1;0;0;1;1;0;182;63;140-90
6501;AA;AA016+BA028;JFK;BKK;LHR;1140;1460;350;1111111;Boeing 777-300ER|A380-800;800;1;1;1;1;1;0;1076;65;420-690
6502;KL;KL1203+KL522;CDG;MEX;AMS;645;930;100;1111111;Embraer 195-E2|Boeing 777-300ER;613;1;0;1;0;1;0;632;75;60-770
6503;KL;KL531+KL1310;JNB;GVA;AMS;1320;860;65;1111111;Boeing 777-300ER|Embraer 195-E2;546;1;0;1;0;0;0;643;76;705-90
6504;BA;BA037+BA1518;HKG;GVA;LHR;625;1085;185;1111111;A350-1000|A319;574;1;0;1;1;0;0;601;70;810-90
6505;AF;AF1123+AF070;ZRH;FDF;CDG;545;895;235;1111111;A320|A350-900;501;1;0;1;1;0;0;423;77;75-585
6506;AF;AF009+AF032;JFK;BKK;CDG;1125;1440;320;1111111;A350-900|A350-900;808;1;1;1;1;1;0;834;72;440-680
6507;LH;LH433+LH1012;CUN;NCE;FRA;1170;1065;335;1111111;A350-900|Embraer 190;607;1;0;1;1;0;0;541;65;635-95
6508;LX;LX1483+LX1498;DUB;CAI;ZRH;580;395;55;1111111;A321neo|A220-300;375;1;0;1;0;1;0;288;65;120-220
6509;AF;AF069+AF1062;PTP;FRA;CDG;1205;745;170;1111111;A350-900|A318;503;1;0;1;1;0;0;414;71;510-65
6510;AZ;AZ1020+TP1329;FCO;OPO;LHR;720;610;325;1111111;A321|A321LR;183;1;0;0;0;0;0;254;60;150-135
6511;BA;BA045+QR027;MIA;DOH;LHR;1180;1060;135;1111111;Boeing 787-9|A380-800;735;1;1;1;1;1;0;780;65;530-395
6512;AF;AF045+AF1154;HND;PRG;CDG;145;1275;280;1111111;A330-200|A318;595;1;0;1;1;0;0;716;74;905-90
6513;BA;BA051+BA1480;SFO;BCN;LHR;1165;845;85;1111111;A350-1000|A320neo;611;1;0;1;0;1;0;567;73;645-115
6514;KL;KL1243+KE019;LHR;ICN;AMS;805;995;200;1111111;Boeing 737-800|Boeing 787-9;546;1;0;1;1;0;0;504;74;60-735
6515;KE;KE014+AF1034;ICN;BOD;CDG;610;1040;120;1111111;A330-300|A318;593;1;0;1;1;0;0;633;83;845-75
6516;IB;IB1307+AA029;FCO;JFK;MAD;505;715;75;1111111;A321neo|Boeing 777-300ER;478;1;0;1;1;0;0;486;79;145-495
6517;QR;QR075+QR058;JNB;BRU;DOH;1155;1085;175;0000010;Boeing 777-300ER|A380-800;592;1;1;1;1;1;1;771;86;490-420
6518;LH;LH1165+SN1225;MAD;BRU;MUC;525;570;345;1111111;A320neo|A320;171;1;0;0;0;0;0;186;63;140-85
6519;AZ;AZ115+AZ1048;HND;BER;FCO;125;1315;260;1111111;A330-900neo|A320neo;580;1;0;1;0;0;0;639;84;935-120
6520;AZ;AZ107+AZ1102;LAX;ATH;FCO;1205;940;80;1111111;A350-900|A320neo;735;1;0;1;0;1;0;648;83;755-105
6521;TP;TP1270+AZ1102;LIS;ATH;FCO;590;595;325;1111111;A320neo|A320neo;246;1;0;0;0;1;0;215;59;165-105
6522;AI;AI026+OS1038;DEL;BCN;VIE;650;820;205;0111011;Boeing 777-300ER|A321;437;1;0;1;0;0;0;497;65;470-145
6523;AH;AH1011+AH1056;NCE;DSS;ALG;640;510;135;1111111;A330-200|A330-200;317;1;1;1;0;0;0;338;59;95-280
6524;AZ;AZ1061+AZ114;BCN;HND;FCO;495;1145;210;1111111;A321|A330-900neo;616;1;0;1;0;0;0;625;75;90-845
6525;LH;LH1219+NH025;ATH;HND;MUC;825;1195;230;1111111;Embraer 190|Boeing 787-9;630;1;0;1;1;0;0;632;61;160-805
6526;BA;BA1433+QR035;BOD;DOH;LHR;1045;695;205;1111111;A320neo|A380-800;437;1;0;1;1;0;0;454;68;95-395
6527;LH;LH1220+TK030;MUC;HKG;IST;605;1045;295;1111111;A319|A330-300;569;1;0;1;1;0;0;644;63;145-605
6528;KL;KL511+KL1202;HND;CDG;AMS;75;1090;155;1111111;Boeing 787-10|Embraer 195-E2;634;1;0;1;0;0;0;542;72;870-65
6529;KL;KL1204+AF1188;AMS;CAI;CDG;805;535;215;1111111;Boeing 737-900|A320;297;1;0;1;0;0;0;297;80;65-255
6530;BA;BA049+BA1506;LAX;MXP;LHR;1290;890;140;1111111;A350-1000|A320neo;626;1;0;1;0;1;0;557;68;655-95
6531;MS;MS1426+AZ1010;CAI;NCE;FCO;600;375;85;1111111;A220-300|A320neo;217;1;0;1;0;1;0;183;70;215-75
6532;AF;AF1057+AF038;AMS;SIN;CDG;1040;1030;200;1111111;A318|Boeing 777-300ER;661;1;0;1;0;1;0;737;76;65-765
6533;AZ;AZ1093+AZ1016;VIE;MRS;FCO;615;540;355;1111111;A220-100|A320neo;136;1;0;0;0;1;0;116;78;100-85
6534;IB;IB1273+IB1302;BCN;OPO;MAD;430;240;95;1111111;A321neo|A320neo;123;1;0;0;0;0;0;77;86;75-70
6535;DL;DL1429+KL644;YUL;AMS;JFK;935;685;170;1111111;A321neo|A330-300;461;1;0;1;1;1;0;425;75;75-440
6536;LH;LH463+LH1182;CUN;FCO;MUC;1170;815;65;0101010;A350-900|Embraer 190;613;1;0;1;1;0;0;558;62;655-95
6537;AA;AA1023+QR091;MIA;DOH;JFK;575;1525;570;1111111;A321|Boeing 787-9;822;1;0;1;1;0;1;729;77;170-785
6538;OS;OS1011+OS404;LYS;HND;VIE;825;1130;250;1111111;A320|Boeing 787-9;662;1;0;1;0;0;0;590;76;95-785
6539;AT;AT1234+IB1342;CMN;PRG;MAD;520;475;215;1111111;Boeing 737 MAX 8|A321XLR;199;1;0;1;0;0;0;190;59;95-165
6540;SQ;SQ015+SQ1008;CDG;DPS;SIN;750;1210;285;1111111;Boeing 787-10|Boeing 737 MAX 8;860;1;1;1;1;1;1;698;79;765-160
6541;IB;IB1303+IB506;OPO;MIA;MAD;610;780;110;1111111;A320neo|A330-200;502;1;0;1;0;1;0;499;87;65-605
6542;SN;SN1213+SN1264;LHR;ATH;BRU;495;420;175;1111111;A320|A319;212;1;0;0;0;0;0;203;67;55-190
6543;EK;EK105+EK066;HND;GVA;DXB;1250;1300;205;1111111;Boeing 777-300ER|Boeing 777-300ER;706;1;1;1;1;1;1;836;78;670-425
6544;KL;KL525+KL1264;CUN;BER;AMS;1160;820;130;1111111;A330-300|Boeing 737-800;616;1;0;1;1;0;0;598;68;615-75
6545;LX;LX629+LX1416;GRU;MRS;ZRH;1170;1145;340;0011011;A330-300|A321neo;705;1;0;1;0;0;0;668;66;730-75
6546;DL;DL1417+DL068;SFO;JNB;JFK;585;1515;240;1111111;A330-900neo|Boeing 767-400ER;943;1;0;1;1;0;1;1238;81;320-955
6547;AF;AF033+AF1098;BKK;LIS;CDG;115;1240;320;1111111;A350-900|A321;650;1;0;1;1;0;0;663;81;770-150
6548;AF;AF1085+AF026;MAD;DXB;CDG;960;580;75;1111111;A320|Boeing 777-300ER;451;1;0;1;0;0;0;447;75;110-395
6549;LH;LH433+LH408;CUN;DXB;FRA;1170;1200;195;1111111;A350-900|A350-900;809;1;1;1;0;1;0;734;64;635-370
6550;DL;DL1437+SK201;CUN;CPH;JFK;585;1035;355;1111111;A321neo|A330-300;614;1;0;1;1;1;1;571;72;210-470
6551;LH;LH401+LH1010;JFK;NCE;FRA;1040;715;155;1111111;Boeing 747-8|A319;467;1;0;1;1;0;0;534;62;465-95
6552;OS;OS1073+OS1008;CAI;NCE;VIE;820;400;65;1111111;A321|A320;237;1;0;0;0;0;0;277;75;230-105
6553;TP;TP1231+TP200;TLS;JFK;LIS;585;655;75;1111111;A320neo|A330-900neo;433;1;0;1;0;0;0;382;57;115-465
6554;AT;AT1281+IB1355;RAK;MAD;CMN;625;320;180;1111111;Boeing 737 MAX 8|A320neo;130;1;0;1;0;1;0;90;60;45-95
6555;KL;KL511+KL1284;HND;LIS;AMS;75;1175;115;1111111;Boeing 787-10|Embraer 195-E2;708;1;0;1;1;0;0;633;72;870-190
6556;TP;TP1326+AI017;OPO;DEL;LHR;830;855;235;1111111;A321neo|Boeing 787-8;547;1;0;1;1;1;0;477;58;125-495
6557;TK;TK1105+TK020;PRG;MLE;IST;605;900;305;1111111;Boeing 737 MAX 8|Boeing 787-9;510;1;1;1;0;1;1;456;72;140-455
6558;QR;QR073+QR076;ABJ;BKK;DOH;1165;990;85;0111011;A380-800|Boeing 777-300ER;754;1;1;1;1;1;1;815;85;490-415
6559;LH;LH1053+UA019;MAD;SFO;FRA;530;1020;140;1111111;A319|Boeing 777-300ER;588;1;0;1;1;0;0;737;67;135-745
6560;AF;AF021+AF1152;RUN;PRG;CDG;1340;930;105;1111111;Boeing 777-300ER|A321;609;1;0;1;1;1;0;694;71;735-90
6561;QF;QF014+BA1414;SYD;LYS;LHR;1095;1560;160;1111111;Boeing 787-9|A321neo;968;1;0;1;0;1;0;993;76;1310-90
6562;KL;KL1237+KL518;LHR;SFO;AMS;420;1055;275;1111111;Boeing 737-800|Boeing 777-300ER;537;1;0;1;0;0;0;608;72;60-720
6563;KL;KL1201+KL1284;CDG;LIS;AMS;445;325;75;1111111;Boeing 737-800|Embraer 195-E2;173;1;0;0;0;0;0;164;79;60-190
6564;EK;EK097+EK068;DPS;BRU;DXB;1100;1420;380;1111111;A350-900|A350-900;746;1;1;1;1;1;1;690;74;600-440
6565;BA;BA1533+BA024;CPH;MLE;LHR;520;1295;565;1111111;A319|A380-800;543;1;0;1;0;0;0;736;66;110-620
6566;AF;AF1177+AF1150;TUN;DUB;CDG;845;410;155;1111111;A318|A220-300;193;1;0;1;1;0;0;215;78;150-105
6567;AF;AF1019+AF1072;MRS;MUC;CDG;855;390;215;1111111;A318|A220-300;126;1;0;1;1;0;0;123;83;90-85
6568;AA;AA1003+AA040;LAX;MXP;JFK;555;965;180;1111111;Boeing 777-300ER|Boeing 777-200ER;599;1;0;1;1;1;1;797;68;305-480
6569;BA;BA059+BA028;GRU;BKK;LHR;1170;1550;135;1111111;A380-800|A380-800;866;1;1;1;1;1;0;1423;65;725-690
6570;LH;LH1121+LH1042;ALG;AMS;FRA;825;355;140;1111111;A320neo|A321;190;1;0;0;0;0;0;140;71;150-65
6571;OS;OS401+OS1032;MLE;BER;VIE;630;750;75;1100100;Boeing 787-9|Embraer 195;502;1;0;1;0;0;0;449;72;600-75
6572;LX;LX617+LX1476;ICN;VIE;ZRH;585;1025;120;1101010;A330-300|A321neo;592;1;0;1;0;0;0;619;70;830-75
6573;AF;AF021+AF066;RUN;CUN;CDG;1340;1830;400;1111111;Boeing 777-300ER|A330-200;889;1;1;1;1;1;0;1143;71;735-695
6574;KL;KL1221+KL1264;MRS;BER;AMS;595;305;125;1111111;Boeing 737-900|Boeing 737-800;144;1;0;0;1;0;0;158;68;105-75
6575;AZ;AZ1107+LX1527;IST;GVA;FCO;745;510;270;1111111;A220-100|A220-300;188;1;0;1;0;1;0;174;74;145-95
6576;IB;IB1243+IB1370;LHR;ALG;MAD;730;365;145;1111111;A321XLR|A321XLR;172;1;0;0;0;1;0;166;79;130-90
6577;AF;AF059+KL1203;YUL;AMS;CDG;1080;705;230;1111111;A330-200|Embraer 195-E2;424;1;0;1;0;1;0;393;75;415-60
6578;AZ;AZ1057+AZ116;MAD;HND;FCO;970;1165;195;1111111;A220-100|A350-900;638;1;0;1;0;1;0;652;83;125-845
6579;AF;AF1117+AF068;MXP;PTP;CDG;550;865;200;1111111;A321|A350-900;502;1;0;1;1;0;0;429;77;85-580
6580;AA;AA1054+IB511;LAX;MAD;SFO;635;1260;495;1111111;A321|A330-200;647;1;0;1;1;0;0;661;70;80-685
6581;QR;QR1213+QR088;TUN;SYD;DOH;840;1875;635;1111111;A380-800|A350-1000;1051;1;1;1;0;0;1;1054;81;315-925
6582;AF;AF1019+AF030;MRS;DEL;CDG;855;825;250;1111111;A318|Boeing 777-300ER;457;1;0;1;1;0;0;492;81;90-485
6583;AA;AA052+BA1534;MIA;CPH;LHR;1220;830;200;1111111;Boeing 777-300ER|A320neo;591;1;0;1;1;1;0;544;72;530-100
6584;TG;TG024+LH1134;BKK;NCE;MUC;625;880;70;1111111;Boeing 787-9|Embraer 190;609;1;0;1;1;0;0;543;75;720-90
6585;KL;KL1327+KL524;PRG;CUN;AMS;575;945;150;1111111;Boeing 737-800|A330-300;579;1;0;1;0;0;0;609;69;95-700
6586;TK;TK1071+TK032;LIS;ICN;IST;610;1050;125;1111111;A320neo|A330-300;657;1;1;1;1;0;1;731;75;250-675
6587;EK;EK1003+EK102;ATH;HND;DXB;1040;1130;295;1111111;Boeing 777-300ER|A380-800;680;1;1;1;1;0;1;855;77;255-580
6588;LX;LX631+LX1502;JFK;LHR;GVA;1160;815;250;1111111;A330-300|A320neo;475;1;0;1;0;0;0;466;69;465-100
6589;AF;AF1129+AF066;GVA;CUN;CDG;535;1015;255;1111111;A320|A330-200;549;1;0;1;1;0;0;575;74;65-695
6590;TK;TK041+TK1106;JFK;PRG;IST;1300;875;130;1111111;Boeing 787-9|A320neo;503;1;1;1;1;1;1;563;72;590-155
6591;AT;AT502+QR080;CMN;DPS;DOH;920;1485;460;0010001;Boeing 787-8|Boeing 787-9;690;1;1;1;0;1;0;741;70;425-600
6592;LH;LH1215+LH1172;PRG;BCN;MUC;595;360;185;1111111;Embraer 190|A320neo;165;1;0;0;1;0;0;118;65;55-120
6593;AC;AC030+LH1149;YUL;MUC;LHR;1120;630;140;1111111;Boeing 787-9|A320neo;430;1;0;1;0;1;0;364;67;395-95
6594;AF;AF1117+AF070;MXP;FDF;CDG;550;890;220;1111111;A321|A350-900;490;1;0;1;1;0;0;435;77;85-585
6595;BA;BA1503+BA052;MXP;YUL;LHR;515;695;140;1111111;A321neo|A350-1000;437;1;0;1;1;0;0;363;69;105-450
6596;AF;AF015+AF1186;DSS;CAI;CDG;1330;940;345;1111111;A330-200|A220-300;398;1;0;1;0;1;0;490;81;340-255
6597;LH;LH1004+TP1207;FRA;LIS;CDG;830;505;285;1111111;A320neo|A321LR;179;1;0;0;0;1;0;161;61;70-150
6598;BA;BA1487+BA030;LIS;BKK;LHR;1040;940;95;1111111;A320neo|Boeing 777-300ER;689;1;0;1;1;0;0;728;72;155-690
6599;JL;JL024+AA1038;HND;MEX;JFK;1015;1210;105;1111111;Boeing 777-300ER|Boeing 737-800;747;1;0;1;1;0;1;976;82;810-295
6600;AF;AF1041+AF074;LHR;EZE;CDG;490;1185;260;1101010;A318|A330-200;740;1;0;1;0;0;0;756;74;55-870
6601;AA;AA1055+IB509;SFO;MAD;LAX;615;1270;505;1111111;A321|A330-200;668;1;0;1;1;0;1;665;73;75-690
6602;AC;AC034+LH1040;YUL;AMS;FRA;1200;765;260;1111111;Boeing 787-9|A320neo;423;1;0;1;1;0;0;350;64;440-65
6603;AI;AI015+AI1414;CDG;MLE;DEL;1180;1075;355;1111111;Boeing 777-300ER|A320neo;505;1;1;1;0;1;0;611;65;485-235
6604;MS;MS1427+MS1460;FCO;DXB;CAI;605;620;220;1111111;A220-300|A320neo;311;1;1;1;0;1;0;307;68;190-210
6605;TG;TG032+TK038;BKK;JFK;IST;115;1525;230;1111111;Boeing 787-9|A350-900;761;1;1;1;0;0;0;848;73;625-670
6606;IB;IB517+IB1342;GRU;PRG;MAD;1185;1010;200;1111111;A330-300|A321XLR;599;1;0;1;0;0;0;662;83;645-165
6607;IB;IB503+IB1348;JFK;IST;MAD;1110;805;160;1111111;A350-900|A320neo;490;1;0;1;0;1;0;496;79;430-215
6608;LH;LH437+LH418;EZE;ICN;FRA;1190;1910;305;1111111;A350-900|A340-600;1047;1;1;1;0;0;0;1267;64;870-735
6609;UA;UA018+LH410;SFO;DEL;FRA;1160;1330;190;1111111;Boeing 777-300ER|Boeing 747-8;743;1;1;1;1;0;0;1052;68;685-455
6610;LH;LH1110+TK022;FRA;DEL;IST;580;815;300;1111111;A320neo|Boeing 777-300ER;419;1;0;1;0;1;0;420;68;165-350
6611;KL;KL1240+KE017;AMS;ICN;LHR;675;1290;460;1111111;Boeing 737-900|A380-800;584;1;0;1;0;0;0;699;72;65-765
6612;AF;AF1043+AF1176;LHR;TUN;CDG;660;265;70;1111111;A220-300|A318;179;1;0;1;0;0;0;178;71;55-140
6613;LH;LH1182+TP1273;MUC;LIS;FCO;810;435;150;1111111;Embraer 190|A321neo;197;1;0;0;1;0;0;197;63;95-190
6614;QR;QR075+QR086;JNB;HND;DOH;1155;1300;205;1101010;Boeing 777-300ER|Boeing 777-300ER;808;1;1;1;1;0;1;942;83;490-605
6615;TK;TK1081+TK036;FCO;HND;IST;945;985;90;1111111;Boeing 737 MAX 8|A350-900;598;1;1;1;0;0;1;604;72;130-765
6616;IB;IB1277+IB500;BCN;DOH;MAD;665;665;190;1111111;A320neo|A330-200;378;1;0;1;0;1;0;387;78;75-400
6617;KL;KL1203+KL516;CDG;LAX;AMS;645;900;105;1111111;Embraer 195-E2|A330-300;627;1;0;1;0;1;0;616;73;60-735
6618;EK;EK073+EK088;CPH;JNB;DXB;915;1200;315;1111111;A380-800|A380-800;627;1;1;1;1;1;1;840;80;370-515
6619;DL;DL1417+DL052;SFO;BRU;JFK;585;855;90;1111111;A330-900neo|A330-900neo;602;1;0;1;1;0;1;600;81;320-445
6620;AF;AF1071+KE015;MUC;ICN;CDG;865;1045;185;1111111;A318|A330-300;583;1;0;1;0;0;0;648;74;95-765
6621;AI;AI017+NH047;LHR;HND;DEL;1190;1265;330;1111111;Boeing 787-8|Boeing 787-9;579;1;1;1;1;0;1;687;67;495-440
6622;KL;KL513+KL1274;HND;MAD;AMS;705;1080;60;1111111;Boeing 777-300ER|Embraer 195-E2;657;1;0;1;0;1;0;728;74;870-150
6623;TP;TP1250+LH1086;LIS;GVA;FRA;590;475;230;1111111;A321neo|A321;179;1;0;0;0;0;0;172;60;175-70
6624;KL;KL525+KL1312;CUN;GVA;AMS;1160;1050;345;1111111;A330-300|Boeing 737-900;560;1;0;1;1;0;0;606;68;615-90
6625;KL;KL1229+KL530;BOD;JNB;AMS;590;895;100;1111111;Embraer 195-E2|Boeing 777-300ER;593;1;0;1;0;0;0;664;70;100-695
6626;IB;IB1293+IB512;LIS;MEX;MAD;470;1075;245;1111111;A321neo|A350-900;598;1;0;1;0;0;0;538;78;70-760
6627;LH;LH1019+LH424;MRS;LAX;FRA;600;970;115;1111111;A320neo|Boeing 747-8;636;1;0;1;1;1;0;762;69;95-760
6628;AF;AF1129+AF018;GVA;JNB;CDG;535;970;235;1111111;A320|A330-200;567;1;0;1;1;0;0;609;77;65-670
6629;TP;TP1223+TP1308;LYS;ABJ;LIS;605;600;145;1111111;A320neo|A320neo;393;1;0;0;1;1;0;370;60;150-305
6630;LH;LH1190+LX622;MUC;LAX;ZRH;600;970;135;1111111;A320neo|A340-300;667;1;0;1;0;1;0;735;68;55-780
6631;LH;LH1117+LH408;TUN;DXB;FRA;610;680;165;1111111;Embraer 190|A350-900;371;1;0;1;0;0;0;412;64;145-370
6632;LH;LH1161+LH438;BER;DXB;MUC;595;670;250;1111111;A321|A350-900;389;1;0;1;0;1;0;295;72;70-350
6633;AF;AF031+AF1184;DEL;ALG;CDG;635;950;265;1111111;Boeing 777-300ER|A320;456;1;0;1;1;0;0;564;72;550-135
6634;IB;IB1359+IB500;RAK;DOH;MAD;550;780;270;1111111;A320neo|A330-200;412;1;0;1;0;1;0;436;87;110-400
6635;TP;TP1235+TP204;BOD;MIA;LIS;595;855;175;1111111;A321neo|A330-900neo;530;1;0;1;0;1;0;446;57;110-570
6636;LH;LH425+LH1034;LAX;LHR;FRA;1185;865;80;1111111;Boeing 747-8|A319;556;1;0;1;1;1;0;762;65;695-90
6637;AM;AM018+KE019;MEX;ICN;AMS;1205;1675;260;1111111;Boeing 787-9|Boeing 787-9;696;1;1;1;1;0;0;970;84;680-735
6638;BA;BA047+BA1542;LAX;DUB;LHR;1090;1060;335;1111111;Boeing 777-300ER|A319;525;1;0;1;1;0;0;614;68;655-70
6639;AF;AF1183+KE015;ALG;ICN;CDG;860;1050;150;1111111;A220-300|A330-300;602;1;0;1;0;1;0;695;75;135-765
6640;TP;TP1254+NH025;LIS;HND;MUC;825;1075;90;1111111;A321neo|Boeing 787-9;654;1;0;1;1;0;0;644;68;180-805
6641;TG;TG022+LH1074;BKK;FCO;FRA;630;960;125;1111111;A350-900|A320neo;554;1;0;1;1;0;0;572;62;735-100
6642;LX;LX1475+LX628;VIE;GRU;ZRH;580;990;140;0110110;A320neo|A330-300;761;1;0;1;1;1;0;675;70;90-760
6643;JL;JL018+BA1496;HND;FCO;LHR;90;1305;280;1111111;A350-1000|A319;670;1;0;1;1;0;0;668;68;890-135
6644;TU;TU1249+TU1262;MXP;IST;TUN;600;385;125;1111111;A319|A320neo;165;1;1;1;0;0;0;211;60;105-155
6645;LH;LH1148+AC031;MUC;YUL;LHR;515;725;165;1111111;A320neo|Boeing 787-9;448;1;0;1;1;0;0;364;68;110-450
6646;EK;EK051+EK094;BCN;SIN;DXB;695;1470;625;1111111;A350-900|A350-900;760;1;1;1;1;1;1;602;74;390-455
6647;TK;TK049+SQ041;YUL;SIN;IST;1185;1540;315;1111111;A330-300|Boeing 787-10;826;1;1;1;1;0;1;974;79;570-655
6648;AF;AF1171+AF1046;RAK;LHR;CDG;625;480;225;1111111;A318|A321;212;1;0;1;1;0;0;205;71;195-60
6649;AC;AC1211+AC040;CUN;BCN;YUL;840;800;115;1111111;A321|Boeing 777-300ER;547;1;0;1;1;0;1;622;64;245-440
6650;TP;TP1251+TP204;FRA;MIA;LIS;615;835;70;1111111;A321neo|A330-900neo;547;1;0;1;1;0;0;491;57;195-570
6651;AF;AF1089+AF036;BCN;SIN;CDG;520;1060;200;1111111;A220-300|A330-200;724;1;0;1;0;1;0;769;81;95-765
6652;TK;TK1011+TG035+TG040;ORY;SYD;IST-BKK;625;1950;355-270;1111111;A320neo|A350-900|Boeing 777-300ER;778;1;1;1;0;1;0;1048;71;195-550-580
6653;LX;LX1415+LX618;MRS;JFK;ZRH;570;770;160;1111111;A320neo|Boeing 777-300ER;490;1;0;1;1;1;0;454;67;70-540
6654;DL;DL1425+DL080;YUL;EZE;JFK;455;1080;345;1010101;A321neo|A350-900;612;1;0;1;1;1;1;511;77;75-660
6655;LH;LH1195+LH454;GVA;LAX;MUC;585;1020;165;1111111;A319|Boeing 747-8;615;1;0;1;1;0;0;768;61;70-785
6656;KE;KE018+KL1286;ICN;LIS;AMS;585;1135;135;1111111;Boeing 787-9|Boeing 737-900;645;1;0;1;0;0;0;615;79;810-190
6657;TP;TP1246+SQ023;LIS;SIN;AMS;615;1175;250;1111111;A321neo|A380-800;683;1;0;1;1;1;0;910;56;175-750
6658;TG;TG1204+SQ056;BKK;JNB;SIN;545;945;115;1111111;A320neo|Boeing 777-300ER;609;1;1;1;0;1;0;682;75;140-690
6659;AZ;AZ1069+AZ1076;LIS;MXP;FCO;610;550;310;1111111;A220-100|A220-100;179;1;0;0;0;0;0;167;82;165-75
6660;TK;TK025+TK1056;BKK;BER;IST;110;915;115;1111111;Boeing 787-9|A320neo;574;1;1;1;1;1;1;524;73;625-175
6661;LH;LH1137+LH442;LYS;BKK;MUC;580;1210;500;1111111;A319|A340-600;569;1;0;1;0;1;0;716;67;75-635
6662;IB;IB1244+BA1536;MAD;CPH;LHR;955;340;115;1111111;A320neo|A321neo;186;1;0;0;1;1;0;187;65;125-100
6663;BA;BA116+BA1422;JFK;MRS;LHR;1330;730;205;1111111;Boeing 787-9|A320neo;477;1;0;1;1;0;0;386;66;420-105
6664;UU;UU1401+UU606;JNB;TLS;RUN;820;1090;150;1111111;Boeing 737-800|Boeing 777-300ER;566;1;1;1;0;0;0;815;74;225-715
6665;CX;CX016+BA1452;HKG;FRA;LHR;635;1085;195;1111111;Boeing 777-300ER|A321neo;678;1;0;1;0;1;0;681;69;810-80
6666;LH;LH431+LH412;MEX;BKK;FRA;1190;1635;280;1111111;A340-600|A340-600;815;1;1;1;0;1;0;1387;64;705-650
6667;LX;LX1441+LX1498;MUC;CAI;ZRH;570;465;190;1111111;A220-300|A220-300;272;1;0;1;0;1;0;206;74;55-220
6668;TP;TP209+TP1258;YUL;MAD;LIS;1175;545;80;1111111;A321LR|A321neo;441;1;0;1;1;1;0;329;62;395-70
6669;AZ;AZ1009+AZ112;NCE;EZE;FCO;545;1170;230;1011111;A220-100|A330-900neo;738;1;0;1;0;0;0;648;74;65-875
6670;TP;TP1299+TP1242;RAK;LHR;LIS;820;460;215;1111111;A320neo|A320neo;205;1;0;0;0;0;0;173;66;90-155
6671;LH;LH1077+LH422;MXP;MIA;FRA;590;885;160;1111111;Embraer 190|Boeing 747-8;575;1;0;1;0;0;0;629;61;70-655
6672;LX;LX1491+LX1452;ATH;MAD;ZRH;800;515;210;1111111;A321neo|A320neo;222;1;0;1;0;0;0;214;72;170-135
6673;AZ;AZ1089+AZ104;BRU;MIA;FCO;620;920;105;1111111;A321|A350-900;496;1;0;1;0;0;0;572;77;115-700
6674;IB;IB1289+IB518;PMI;EZE;MAD;625;995;120;1011111;A321neo|A330-300;651;1;0;1;1;1;0;701;85;80-795
6675;AC;AC1215+AC016;FDF;CDG;YUL;855;820;100;1111111;A321|Boeing 777-300ER;477;1;0;1;1;0;1;650;72;305-415
6676;AZ;AZ1113+LH1185;CMN;MUC;FCO;620;590;315;1111111;A320neo|A320neo;217;1;0;0;0;0;0;194;65;180-95
6677;AF;AF1099+AF034;LIS;BKK;CDG;855;1080;260;1111111;A321|Boeing 787-9;695;1;0;1;1;0;0;663;75;140-680
6678;LH;LH1161+LH1144;BER;TLS;MUC;595;325;145;1011111;A321|A321;150;1;0;0;1;1;0;142;72;70-110
6679;LH;LH1027+LH422;LHR;MIA;FRA;445;970;235;1111111;A319|Boeing 747-8;464;1;0;1;1;0;0;646;62;80-655
6680;LX;LX1432+AI019;ZRH;DEL;AMS;810;850;295;1111111;A320neo|A350-900;521;1;0;1;0;0;0;398;68;85-470
6681;NH;NH1203+NH014;HKG;CDG;HND;1070;1325;185;1111111;Boeing 737-800|Boeing 777-300ER;647;1;1;1;1;0;1;863;83;235-905
6682;AT;AT511+AT1206;GRU;NCE;CMN;1210;1000;260;1111111;Boeing 787-9|Boeing 737 MAX 8;508;1;1;1;0;1;0;527;64;580-160
6683;EK;EK051+EK098;BCN;HKG;DXB;695;1455;625;1111111;A350-900|A350-900;666;1;1;1;1;1;1;606;77;390-440
6684;AT;AT1241+AT1278;BCN;ABJ;CMN;545;555;160;1111111;Boeing 737-800|Boeing 737-800;315;1;1;1;0;0;0;375;61;130-265
6685;KL;KL519+SK1219;SFO;CPH;AMS;1175;820;80;1111111;Boeing 777-300ER|A320neo;617;1;0;1;1;0;0;624;72;660-80
6686;LH;LH421+LH1090;HND;BRU;FRA;610;990;50;1111111;A340-600|A320neo;633;1;0;1;1;1;0;725;66;880-60
6687;BA;BA051+BA024;SFO;MLE;LHR;1165;1550;285;1111111;A350-1000|A380-800;798;1;1;1;0;0;0;1109;66;645-620
6688;KL;KL1217+KL524;LYS;CUN;AMS;595;925;130;1111111;Boeing 737-800|A330-300;591;1;0;1;0;0;0;612;69;95-700
6689;AZ;AZ1035+AZ106;FRA;LAX;FCO;550;1110;180;1111111;A220-100|A350-900;640;1;0;1;0;1;0;638;76;100-830
6690;JL;JL018+BA1436;HND;AMS;LHR;90;1100;150;1111111;A350-1000|A321neo;663;1;0;1;1;1;0;555;68;890-60
6691;AF;AF1027+AF054;TLS;LAX;CDG;740;970;140;1111111;A320|A350-900;621;1;0;1;1;1;0;558;75;80-750
6692;AF;AF017+DL015;ABJ;JFK;CDG;1345;1180;285;1111111;Boeing 777-300ER|A350-900;480;1;1;1;1;1;1;637;78;395-500
6693;EI;EI1427+EI606;AMS;SFO;DUB;580;980;200;1011111;A321neo|A330-300;543;1;0;1;1;0;0;595;72;100-680
6694;LX;LX609+LX1480;BKK;CPH;ZRH;605;900;60;1111111;A330-300|A220-300;611;1;0;1;0;0;0;668;65;740-100
6695;IB;IB1303+IB504;OPO;JFK;MAD;610;770;210;1111111;A320neo|A330-200;422;1;0;1;0;1;0;411;87;65-495
6696;AZ;AZ1055+SQ031;MAD;SIN;FCO;745;1110;230;1111111;A321|Boeing 787-10;743;1;0;1;1;0;0;682;75;125-755
6697;TG;TG1213+TK025;DPS;IST;BKK;1085;1150;270;1111111;A320neo|Boeing 787-9;610;1;1;1;0;0;0;609;73;255-625
6698;EK;EK1007+EK098;IST;HKG;DXB;1055;1215;535;1111111;Boeing 777-300ER|A350-900;565;1;1;1;1;0;1;565;77;240-440
6699;AF;AF1043+AF016;LHR;ABJ;CDG;660;530;70;1111111;A220-300|Boeing 777-300ER;421;1;0;1;0;1;0;348;71;55-405
6700;LH;LH1149+LH440;LHR;DEL;MUC;515;1025;490;0110110;A320neo|Boeing 747-8;459;1;0;1;0;1;0;520;67;95-440
6701;EI;EI1435+EI602;MUC;MIA;DUB;595;865;145;1111111;A321neo|A321XLR;508;1;0;1;0;1;0;482;79;145-575
6702;DL;DL1423+DL076;MIA;HND;JFK;1060;1125;90;1111111;A321neo|A350-900;761;1;0;1;1;0;1;712;84;170-865
6703;AT;AT1281+AT1242;RAK;BCN;CMN;625;345;180;1111111;Boeing 737 MAX 8|Boeing 737 MAX 8;157;1;1;1;0;1;0;120;60;45-120
6704;BA;BA1491+BA034;OPO;SIN;LHR;835;1230;330;1111111;A321neo|Boeing 787-9;761;1;0;1;0;0;0;703;67;125-775
6705;BA;BA057+BA1404;MEX;CDG;LHR;1175;890;175;1111111;A350-1000|A319;573;1;0;1;0;0;0;521;66;660-55
6706;QR;QR077+QR044;BKK;BER;DOH;1135;1355;545;0101001;Boeing 777-300ER|Boeing 787-9;570;1;1;1;1;1;1;583;86;435-375
6707;SN;SN1265+SQ039;ATH;SIN;BRU;785;1135;170;1111111;A319|A380-800;600;1;0;1;1;0;0;957;73;210-755
6708;LX;LX1427+LX1468;LHR;FCO;ZRH;820;315;135;1111111;A321neo|A220-300;172;1;0;1;0;0;0;124;65;95-85
6709;OS;OS1051+OS1062;ZRH;PRG;VIE;590;310;180;1111111;Embraer 195|A321;115;1;0;0;0;0;0;88;77;75-55
6710;TG;TG029+TG1212;CPH;DPS;BKK;1180;1210;340;1111111;Boeing 787-9|A320neo;732;1;1;1;0;1;0;670;85;625-245
6711;LX;LX1465+LX604;FCO;MLE;ZRH;500;1190;530;1110110;A320neo|Boeing 777-300ER;563;1;0;1;1;1;0;566;67;90-570
6712;LX;LX1467+LX1412;FCO;LYS;ZRH;820;275;125;1111111;A321neo|A320neo;124;1;0;1;0;1;0;86;66;90-60
6713;AA;AA071+AA1051;HND;MIA;LAX;1135;1040;105;1111111;Boeing 787-9|Boeing 737-800;733;1;0;1;1;0;1;782;75;645-290
6714;KL;KL529+KL1234;EZE;NTE;AMS;1175;1180;215;1011101;Boeing 787-10|Boeing 737-900;666;1;0;1;1;1;0;699;75;865-100
6715;AC;AC1211+AC046;CUN;FCO;YUL;840;870;135;1111111;A321|Boeing 777-300ER;537;1;0;1;1;0;1;666;64;245-490
6716;LH;LH447+LH1142;HND;MRS;MUC;605;1030;50;1111111;A350-900|Embraer 190;660;1;0;1;0;1;0;586;73;880-100
6717;AI;AI020+LH1056;DEL;MAD;FRA;650;895;230;1111111;Boeing 777-300ER|A320neo;515;1;0;1;0;0;0;517;70;515-150
6718;AF;AF1065+AF030;FRA;DEL;CDG;985;695;140;1111111;A220-300|Boeing 777-300ER;419;1;0;1;0;0;0;464;81;70-485
6719;KL;KL1271+KL1324;MAD;DUB;AMS;695;460;220;1111111;Boeing 737-900|Embraer 195-E2;158;1;0;0;0;0;0;209;79;140-100
6720;QR;QR028+BA1416;DOH;LYS;LHR;365;730;195;1111111;A350-1000|A319;406;1;0;1;1;0;0;362;67;445-90
6721;LH;LH1065+LH408;LIS;DXB;FRA;585;645;100;1111111;A320neo|A350-900;442;1;0;1;0;0;0;390;64;175-370
6722;LX;LX611+LX1476;SIN;VIE;ZRH;590;960;45;1111111;A330-300|A321neo;706;1;0;1;0;0;0;720;76;840-75
6723;LH;LH453+LH1216;MIA;PRG;MUC;1195;980;335;0010101;Boeing 747-8|A320neo;561;1;0;1;0;1;0;624;68;595-50
6724;QR;QR087+QR074;HND;JNB;DOH;1140;1545;350;0101011;Boeing 777-300ER|Boeing 777-300ER;856;1;1;1;1;1;1;942;91;695-500
6725;LX;LX1419+LX606;TLS;DEL;ZRH;810;765;225;1001001;A321neo|A330-300;541;1;0;1;0;0;0;459;66;85-455
6726;EK;EK069+EK106;BRU;SYD;DXB;905;1715;425;1111111;A350-900|A380-800;995;1;1;1;1;1;1;1181;75;390-900
6727;LH;LH1080+LX1462;FRA;OPO;ZRH;595;365;145;1111111;A320neo|A321neo;173;1;0;1;0;0;0;127;61;55-165
6728;SN;SN1211+TG031;BOD;BKK;BRU;800;1030;265;0110110;A319|Boeing 777-300ER;616;1;0;1;0;0;0;680;73;95-670
6729;EI;EI1447+EI604;BCN;LAX;DUB;595;970;130;1111111;A321neo|A321XLR;615;1;0;1;1;1;0;579;72;150-690
6730;KL;KL1241+SK1219;LHR;CPH;AMS;680;355;215;1111111;Boeing 737-900|A320neo;125;1;0;0;1;0;0;90;70;60-80
6731;EI;EI607+EI1436;SFO;MUC;DUB;1170;960;220;1101111;A330-300|A320neo;581;1;0;1;0;0;0;648;69;610-130
6732;KL;KL1221+KL510;MRS;HND;AMS;595;975;65;1111111;Boeing 737-900|Boeing 787-10;652;1;0;1;1;1;0;607;75;105-805
6733;AZ;AZ1093+AZ108;VIE;SFO;FCO;615;1030;120;1111111;A220-100|A330-900neo;631;1;0;1;0;1;0;615;78;100-810
6734;BA;BA1489+BA026;OPO;DEL;LHR;510;1125;505;1111111;A320neo|Boeing 777-300ER;548;1;0;1;1;1;0;547;66;125-495
6735;JL;JL028+AA1058;HND;MEX;LAX;1105;980;120;1111111;Boeing 787-9|A321;767;1;0;1;1;0;1;681;69;645-215
6736;KL;KL1233+KL502;NTE;DXB;AMS;590;930;450;1111111;Embraer 195-E2|Boeing 777-300ER;401;1;0;1;0;0;0;398;73;90-390
6737;TK;TK015+TK020;DSS;MLE;IST;1335;1550;690;1111111;A330-300|Boeing 787-9;586;1;1;1;1;0;1;675;72;405-455
6738;AF;AF053+AF1120;LAX;MXP;CDG;1110;1015;265;1111111;Boeing 777-300ER|A220-300;600;1;0;1;1;1;0;642;79;675-75
6739;SN;SN505+SN1272;JFK;TUN;BRU;1155;880;275;1111111;A330-300|A319;474;1;0;1;1;0;0;513;63;445-160
6740;BA;BA176+BA1456;JFK;MUC;LHR;1240;805;290;1111111;Boeing 777-300ER|A321neo;466;1;0;1;1;1;0;439;67;420-95
6741;TK;TK1137+TK1106;DOH;PRG;IST;600;615;210;1111111;A320neo|A320neo;334;1;1;1;1;1;1;310;81;250-155
6742;AF;AF025+AF1004;DXB;NCE;CDG;260;740;210;1111111;A330-200|A320;393;1;0;1;0;0;0;410;79;445-85
6743;TG;TG032+TK1118;BKK;RAK;IST;115;1035;105;1111111;Boeing 787-9|Boeing 737 MAX 8;632;1;1;1;0;0;0;641;82;625-305
6744;AF;AF1037+AF064;NTE;MEX;CDG;625;1000;170;1111111;A220-300|A330-200;626;1;0;1;0;0;0;629;72;60-770
6745;IB;IB1217+CX023;NCE;HKG;MAD;830;1145;245;1111111;A321neo|Boeing 777-300ER;660;1;0;1;1;1;0;763;78;110-790
6746;MS;MS1448+TG035;CAI;BKK;IST;835;950;270;1111111;Boeing 737-800|A350-900;497;1;1;1;0;1;0;536;62;130-550
6747;SQ;SQ040+TK1036;SIN;LHR;IST;580;1025;90;1111111;Boeing 787-10|Boeing 737 MAX 8;679;1;1;1;0;1;1;641;82;690-245
6748;QR;QR035+QR082;LHR;HKG;DOH;1285;925;65;0010011;A380-800|Boeing 777-300ER;631;1;1;1;1;1;1;801;80;395-465
6749;TP;TP1293+TP1266;CMN;BCN;LIS;600;375;190;1111111;A321neo|A320neo;150;1;0;0;1;0;0;135;56;85-100
6750;AF;AF033+AF068;BKK;PTP;CDG;115;1660;310;1111111;A350-900|A350-900;915;1;1;1;1;0;0;885;77;770-580
6751;BA;BA114+BA1414;JFK;LYS;LHR;1060;695;185;1111111;A350-1000|A321neo;431;1;0;1;0;1;0;366;71;420-90
6752;AC;AC068+NH1208;YUL;ICN;HND;825;1045;80;1111111;Boeing 777-300ER|Boeing 737-800;621;1;1;1;1;1;1;797;76;830-135
6753;TP;TP1250+LH416;LIS;HKG;FRA;590;1185;320;1111111;A321neo|A340-600;634;1;0;1;0;1;0;810;60;175-690
6754;AA;AA1001+AA024;LAX;CDG;JFK;450;910;165;1111111;Boeing 777-200ER|Boeing 777-300ER;607;1;0;1;0;0;1;745;71;305-440
6755;QR;QR089+QR064;SYD;PRG;DOH;1220;1445;105;0101011;A350-1000|A380-800;1047;1;1;1;1;1;1;991;82;975-365
6756;LH;LH461+LH1138;MEX;LYS;MUC;1185;965;155;0110101;A350-900|Embraer 190;646;1;0;1;1;0;0;596;66;725-85
6757;TK;TK039+SQ041;JFK;SIN;IST;1105;1620;375;1111111;A350-900|Boeing 787-10;887;1;1;1;0;1;1;912;77;590-655
6758;SN;SN1218+LH1120;BRU;ALG;FRA;580;400;185;1111111;A319|A320neo;165;1;0;0;0;1;0;134;65;55-160
6759;BA;BA1527+JL019;VIE;HND;LHR;520;1140;170;1111111;A319|A350-1000;602;1;0;1;0;0;0;651;69;140-830
6760;AF;AF011+AF1154;JFK;PRG;CDG;1220;800;270;1111111;Boeing 787-9|A318;471;1;0;1;1;0;0;404;75;440-90
6761;AF;AF065+AF1020;MEX;MRS;CDG;1210;940;175;1111111;A330-200|A220-300;651;1;0;1;1;0;0;653;79;680-85
6762;EK;EK023+EK090;LYS;BKK;DXB;900;1020;255;1111111;Boeing 777-300ER|A380-800;664;1;1;1;1;1;1;691;75;375-390
6763;AF;AF049+AF1130;MIA;GVA;CDG;1105;895;285;1111111;Boeing 777-300ER|A321;500;1;0;1;1;0;0;520;75;550-60
6764;OS;OS1015+OS1066;LHR;ATH;VIE;825;305;60;1111111;A320|A321;212;1;0;0;1;0;0;255;72;120-125
6765;JL;JL039+JL022;SYD;FRA;HND;890;2115;620;1111111;Boeing 777-300ER|Boeing 777-300ER;982;1;1;1;1;1;1;1117;87;615-880
6766;LH;LH1045+LH402;MUC;JFK;FRA;580;760;175;1111111;Embraer 190|A340-600;447;1;0;1;0;0;0;493;64;55-530
6767;TK;TK1065+TK030;BCN;HKG;IST;620;1030;230;1111111;A320neo|A330-300;649;1;1;1;1;1;1;670;74;195-605
6768;AF;AF033+AF048;BKK;MIA;CDG;115;1615;220;1111111;A350-900|Boeing 777-300ER;806;1;1;1;0;1;0;995;81;770-625
6769;LX;LX615+LX1488;HND;PRG;ZRH;590;1010;40;1111111;A330-300|A320neo;718;1;0;1;0;0;0;666;69;900-70
6770;AC;AC1202+UA1411;YUL;SFO;LAX;610;620;190;1111111;Boeing 787-9|A320;330;1;0;0;1;0;1;321;70;350-80
6771;KL;KL1331+KL1230;ATH;BOD;AMS;590;625;305;1111111;Boeing 737-800|Boeing 737-900;203;1;0;0;0;0;0;267;72;215-105
6772;BA;BA1427+BA1522;TLS;BRU;LHR;590;350;195;1111111;A320neo|A320neo;131;1;0;0;0;1;0;103;67;100-55
6773;LX;LX1479+LX616;CPH;ICN;ZRH;585;1295;440;1010101;A321neo|A330-300;588;1;0;1;0;0;0;648;78;105-750
6774;AM;AM018+KL1332;MEX;ATH;AMS;1205;1065;190;1111111;Boeing 787-9|Embraer 195-E2;666;1;0;1;1;1;0;649;72;680-195
6775;CX;CX016+BA1548;HKG;PRG;LHR;635;1090;175;1111111;Boeing 777-300ER|A321neo;677;1;0;1;1;1;0;714;77;810-105
6776;AI;AI033+AI1408;JFK;BKK;DEL;840;1295;180;1111111;Boeing 787-8|A321neo;841;1;1;1;0;1;0;840;68;870-245
6777;BA;BA1479+BA024;BCN;MLE;LHR;715;1100;360;1111111;A319|A380-800;549;1;0;1;0;0;0;753;66;120-620
6778;SS;SS605+SS602;RUN;FDF;ORY;1280;1705;385;0111011;A330-900neo|A330-900neo;785;1;1;1;0;1;0;885;67;735-585
6779;IB;IB1279+IB1238;BCN;NTE;MAD;790;365;195;1111111;A321neo|A321XLR;111;1;0;0;0;0;0;104;86;75-95
6780;LH;LH455+LH1138;LAX;LYS;MUC;1165;865;65;1111111;Boeing 747-8|Embraer 190;652;1;0;1;1;0;0;777;66;715-85
6781;AF;AF017+AF1068;ABJ;MUC;CDG;1345;670;190;1111111;Boeing 777-300ER|A321;421;1;0;1;0;0;0;387;77;395-85
6782;AA;AA014+BA028;JFK;BKK;LHR;1060;1540;430;1111111;Boeing 777-200ER|A380-800;799;1;1;1;1;1;0;1130;65;420-690
6783;TK;TK1111+MS1451;ATH;CAI;IST;825;380;180;1111111;A320neo|A320neo;145;1;1;1;0;1;0;152;70;75-125
6784;TK;TK031+MS1451;HKG;CAI;IST;615;950;135;1111111;A330-300|A320neo;577;1;1;1;1;1;0;626;70;690-125
6785;BA;BA1509+BA044;ZRH;MIA;LHR;520;950;240;1111111;A321neo|Boeing 787-9;506;1;0;1;1;1;0;454;67;105-605
6786;BA;BA1417+BA034;LYS;SIN;LHR;825;1300;425;1111111;A319|Boeing 787-9;626;1;0;1;1;0;0;670;67;100-775
6787;LH;LH1155+LH1172;AMS;BCN;MUC;505;450;245;1111111;Embraer 190|A320neo;157;1;0;0;1;0;0;158;62;85-120
6788;AF;AF1017+AF1064;MRS;FRA;CDG;670;375;220;1111111;A321|A220-300;127;1;0;1;1;1;0;103;72;90-65
6789;AF;AF1037+AF068;NTE;PTP;CDG;625;790;150;1111111;A220-300|A350-900;445;1;0;1;0;0;0;401;72;60-580
6790;AF;AF1171+KE015;RAK;ICN;CDG;625;1285;325;1111111;A318|A330-300;702;1;0;1;0;1;0;751;74;195-765
6791;BA;BA055+BA014;YUL;JNB;LHR;1275;1365;275;1111111;Boeing 787-9|A350-1000;778;1;1;1;1;1;0;780;70;395-695
6792;SK;SK209+SK1242;HND;MXP;CPH;595;1040;105;1111111;A350-900|A320neo;641;1;0;1;0;1;0;572;79;815-120
6793;LH;LH407+LH1048;JNB;BER;FRA;1300;870;125;1100100;A340-600|A321;548;1;0;1;1;0;0;693;63;680-65
6794;BA;BA1447+QR027;FRA;DOH;LHR;480;680;195;1111111;A321neo|A380-800;413;1;0;1;0;0;0;447;70;90-395
6795;BA;BA179+QF029;LHR;SYD;JFK;940;1980;250;1111111;A350-1000|A380-800;942;1;1;1;1;1;0;1499;70;480-1250
6796;KL;KL1279+SK1219;BCN;CPH;AMS;710;385;180;1111111;Boeing 737-800|A320neo;173;1;0;0;1;0;0;177;72;125-80
6797;UA;UA015+UA1412;CDG;LAX;SFO;800;905;95;1111111;Boeing 777-300ER|Boeing 737 MAX 9;628;1;0;1;1;0;1;628;78;735-75
6798;KL;KL1271+KL502;MAD;DXB;AMS;695;825;295;1111111;Boeing 737-900|Boeing 777-300ER;433;1;0;1;0;1;0;482;79;140-390
6799;IB;IB513+IB1304;MEX;OPO;MAD;1185;980;245;1111111;A350-900|A321neo;575;1;0;1;1;0;0;532;78;665-70
6800;BA;BA1547+QF015;PRG;SYD;LHR;810;1800;425;1111111;A320neo|Boeing 787-9;972;1;0;1;0;1;0;1017;69;120-1255
6801;BA;BA1513+QF015;ZRH;SYD;LHR;1120;1490;130;1111111;A320neo|Boeing 787-9;916;1;0;1;1;1;0;995;74;105-1255
6802;AC;AC053+AC1204;BRU;LAX;YUL;845;960;130;1101111;Boeing 787-9|Boeing 777-300ER;524;1;0;1;1;0;1;621;70;480-350
6803;LH;LH1117+LH1098;TUN;CPH;FRA;610;520;290;1111111;Embraer 190|A319;204;1;0;0;0;0;0;215;69;145-85
6804;AZ;AZ1101+AZ1012;ATH;NCE;FCO;855;445;250;1111111;A220-100|A321;179;1;0;0;0;0;0;137;77;120-75
6805;LX;LX1431+LX1496;AMS;CMN;ZRH;510;515;225;1111111;A220-300|A320neo;249;1;0;1;0;1;0;190;69;80-210
6806;BA;BA1403+BA040;CDG;HND;LHR;715;1445;555;1111111;A321neo|Boeing 787-9;625;1;0;1;1;0;0;553;78;60-830
6807;BA;BA039+BA014;HND;JNB;LHR;100;1940;355;1111111;A350-1000|A350-1000;761;1;1;1;0;1;1;1019;69;890-695
6808;AF;AF1001+AF056;NCE;SFO;CDG;460;1125;295;1111111;A318|A330-200;571;1;0;1;1;0;0;652;72;95-735
6809;LH;LH1121+LH412;ALG;BKK;FRA;825;980;180;1111111;A320neo|A340-600;647;1;0;1;0;1;0;776;64;150-650
6810;EK;EK071+EK090;VIE;BKK;DXB;910;1010;295;1111111;A350-900|A380-800;571;1;1;1;1;1;1;597;73;325-390
6811;QR;QR081+QR066;DPS;CMN;DOH;1125;1530;405;1100100;Boeing 787-9|A350-1000;810;1;1;1;1;1;1;741;85;630-495
6812;SQ;SQ019+SQ046;LHR;SYD;SIN;745;1555;290;1111111;Boeing 777-300ER|Boeing 787-10;1038;1;1;1;1;1;1;1051;87;775-490
6813;AA;AA1023+AA032;MIA;BCN;JFK;575;985;355;1111111;A321|Boeing 777-300ER;561;1;0;1;1;0;1;540;77;170-460
6814;BA;BA1551+BA175;ATH;JFK;LHR;580;830;115;1111111;A319|A380-800;498;1;0;1;1;0;0;608;68;235-480
6815;AF;AF1083+AF062;MAD;YUL;CDG;735;755;170;1111111;A220-300|A350-900;417;1;0;1;1;1;0;391;81;110-475
6816;AZ;AZ1023+AZ1110;LHR;IST;FCO;950;320;55;1111111;A220-100|A321;207;1;0;0;1;0;0;258;73;135-130
6817;BA;BA1461+BA050;BER;SFO;LHR;505;1090;270;1111111;A320neo|A350-1000;605;1;0;1;1;1;0;551;68;110-710
6818;IB;IB1289+IB1332;PMI;BRU;MAD;625;570;360;1111111;A321neo|A321neo;159;1;0;0;1;0;0;156;90;80-130
6819;LH;LH449+LH1138;ICN;LYS;MUC;615;995;100;0010101;A350-900|Embraer 190;582;1;0;1;0;0;0;523;65;810-85
6820;KL;KL1221+KL643;MRS;JFK;AMS;595;725;115;1111111;Boeing 737-900|A330-300;479;1;0;1;1;1;0;479;71;105-505
6821;AF;AF053+AF1112;LAX;FCO;CDG;1110;885;100;1111111;Boeing 777-300ER|A318;679;1;0;1;1;0;0;702;83;675-110
6822;AC;AC1211+OS409;CUN;VIE;YUL;840;835;105;0111011;A321|Boeing 787-9;533;1;0;1;0;0;0;590;64;245-485
6823;TP;TP1202+TK1007;LIS;IST;CDG;720;435;100;1111111;A320neo|Boeing 737 MAX 8;282;1;0;1;0;1;0;272;69;140-195
6824;BA;BA1463+BA030;BER;BKK;LHR;815;1225;425;1111111;A321neo|Boeing 777-300ER;555;1;0;1;0;1;0;703;72;110-690
6825;BA;BA1435+BA1478;AMS;BCN;LHR;450;445;265;1111111;A320neo|A319;146;1;0;0;0;0;0;146;74;65-115
6826;EI;EI1459+EI604;MXP;LAX;DUB;575;990;155;1111111;A321neo|A321XLR;640;1;0;1;0;0;0;570;72;145-690
6827;QR;QR049+QR088;BCN;SYD;DOH;935;1780;485;1111111;A380-800|A350-1000;1048;1;1;1;1;0;1;1039;81;370-925
6828;TP;TP1279+TP202;GVA;JFK;LIS;605;855;235;1111111;A321neo|A321LR;459;1;0;1;1;1;0;421;56;155-465
6829;KL;KL523+KL1308;MEX;ZRH;AMS;1170;1045;285;1111111;Boeing 777-300ER|Boeing 737-900;628;1;0;1;1;1;0;659;73;680-80
6830;AZ;AZ115+AZ1074;HND;MXP;FCO;125;1290;280;1111111;A330-900neo|A321;599;1;0;1;0;0;0;591;81;935-75
6831;TK;TK023+TK1062;DEL;MAD;IST;630;845;195;1111111;Boeing 777-300ER|Boeing 737 MAX 8;473;1;1;1;0;1;1;478;74;400-250
6832;LH;LH451+LH1218;JFK;ATH;MUC;1170;875;245;1111111;Boeing 747-8|Embraer 190;517;1;0;1;0;0;0;606;63;485-145
6833;BA;BA1429+BA020;TLS;DXB;LHR;1060;620;110;1111111;A321neo|A380-800;381;1;0;1;1;1;0;485;72;100-410
6834;AF;AF017+AF1036;ABJ;NTE;CDG;1345;715;255;1111111;Boeing 777-300ER|A220-300;384;1;0;1;1;0;0;350;75;395-65
6835;TG;TG041+LX609;SYD;ZRH;BKK;925;2040;695;1111111;Boeing 777-300ER|A330-300;930;1;1;1;0;1;1;1077;70;605-740
6836;TK;TK1077+TG035;FCO;BKK;IST;500;1225;545;1111111;A320neo|A350-900;611;1;1;1;0;0;0;525;71;130-550
6837;LX;LX1433+LX1408;AMS;NCE;ZRH;795;310;160;1111111;A320neo|A320neo;146;1;0;1;0;1;0;87;71;80-70
6838;EK;EK037+EK098;LGW;HKG;DXB;910;1180;330;1111111;A380-800|A350-900;682;1;1;1;1;1;1;732;77;410-440
6839;BA;BA1590+AA061;LGW;MIA;FCO;515;985;155;1111111;A321neo|Boeing 787-9;485;1;0;1;1;0;0;573;65;130-700
6840;KL;KL1243+KL1218;LHR;LYS;AMS;805;270;115;1111111;Boeing 737-800|Embraer 195-E2;123;1;0;0;1;0;0;99;74;60-95
6841;LX;LX1442+NH025;ZRH;HND;MUC;1050;910;55;1111111;A320neo|Boeing 787-9;688;1;0;1;0;1;0;533;75;50-805
6842;AC;AC046+AZ1048;YUL;BER;FCO;1220;820;210;1111111;Boeing 777-300ER|A320neo;419;1;0;1;0;0;0;527;65;490-120
6843;LX;LX1467+LX1484;FCO;DUB;ZRH;820;350;125;1111111;A321neo|A220-300;201;1;0;1;0;1;0;162;66;90-135
6844;TK;TK1057+TK032;BER;ICN;IST;610;1110;275;1111111;A320neo|A330-300;516;1;1;1;0;0;1;629;70;160-675
6845;LH;LH1077+LH420;MXP;HND;FRA;590;1365;490;1111111;Embraer 190|A340-600;621;1;0;1;0;0;0;749;61;70-805
6846;AA;AA022+BA026;JFK;DEL;LHR;1375;1400;485;1111111;Boeing 777-300ER|Boeing 777-300ER;713;1;1;1;0;1;0;798;71;420-495
6847;LA;LA035+LA032;JNB;CUN;GRU;100;1620;455;1101010;Boeing 777-300ER|Boeing 777-300ER;701;1;1;1;1;1;0;913;80;630-535
6848;OS;OS405+OS1044;HND;FCO;VIE;605;1035;70;1111111;Boeing 787-9|Embraer 195;643;1;0;1;0;0;0;577;74;865-100
6849;AZ;AZ1106+TG035;FCO;BKK;IST;735;990;310;1111111;A220-100|A350-900;582;1;0;1;0;1;0;525;78;130-550
6850;AF;AF067+AF1124;CUN;ZRH;CDG;1215;785;110;1111111;A330-200|A321;534;1;0;1;1;0;0;582;73;610-65
6851;QF;QF014+BA1532;SYD;CPH;LHR;1095;1575;165;1111111;Boeing 787-9|A319;993;1;0;1;1;0;0;1027;76;1310-100
6852;TP;TP1250+LH1074;LIS;FCO;FRA;590;580;305;1111111;A321neo|A320neo;179;1;0;0;0;0;0;206;60;175-100
6853;TP;TP207+TP1206;SFO;CDG;LIS;1190;1095;285;1111111;A321LR|A321LR;539;1;0;1;0;0;0;622;56;670-140
6854;OS;OS1050+LX620;VIE;MIA;ZRH;605;875;120;1111111;Embraer 195|Boeing 777-300ER;555;1;0;1;0;0;0;570;74;90-665
6855;AF;AF1175+AF1104;TUN;OPO;CDG;535;445;165;1111111;A321|A321;184;1;0;1;0;1;0;272;73;150-130
6856;TK;TK1088+LX1432;IST;AMS;ZRH;600;415;150;1111111;A321neo|A320neo;198;1;0;1;1;0;0;168;68;180-85
6857;IB;IB1323+AT1239;ZRH;CMN;MAD;850;405;170;1111111;A320neo|Boeing 737 MAX 8;188;1;0;1;0;0;0;177;69;135-100
6858;TG;TG020+AZ1025;BKK;FCO;LHR;720;1035;120;1111111;A350-900|A320neo;622;1;0;1;0;0;0;644;84;780-135
6859;AF;AF1019+AF026;MRS;DXB;CDG;855;685;200;1111111;A318|Boeing 777-300ER;369;1;0;1;1;0;0;406;75;90-395
6860;AZ;AZ1047+AZ114;BER;HND;FCO;540;1100;135;1111111;A220-100|A330-900neo;634;1;0;1;0;1;0;639;78;120-845
6861;LH;LH1161+LH458;BER;YUL;MUC;595;750;155;1111111;A321|A340-600;449;1;0;1;0;0;0;506;68;70-525
6862;TK;TK025+TK1018;BKK;LYS;IST;110;1160;335;1111111;Boeing 787-9|Boeing 737 MAX 8;600;1;1;1;1;1;1;542;73;625-200
6863;BA;BA1413+BA034;NCE;SIN;LHR;1145;980;90;1111111;A320neo|Boeing 787-9;676;1;0;1;1;1;0;681;67;115-775
6864;AA;AA037+AA1042;FCO;CUN;JFK;740;940;135;1111111;Boeing 777-200ER|Boeing 737-800;600;1;0;1;1;0;1;714;73;580-225
6865;AF;AF035+AF1022;BKK;MRS;CDG;750;930;75;1111111;Boeing 787-9|A320;634;1;0;1;1;1;0;581;72;770-85
6866;UA;UA1409+UA020;LAX;MUC;SFO;855;1005;220;1111111;Boeing 737 MAX 9|Boeing 787-10;603;1;0;1;1;1;1;561;75;80-705
6867;AF;AF071+AF1110;FDF;FCO;CDG;1220;780;155;1111111;A350-900|A321;530;1;0;1;1;0;0;485;79;515-110
6868;BA;BA1455+BA014;MUC;JNB;LHR;520;1040;235;1111111;A320neo|A350-1000;589;1;0;1;0;0;0;575;68;110-695
6869;SQ;SQ017+SQ1006;CDG;BKK;SIN;1255;990;85;1111111;A350-900|Boeing 737 MAX 8;691;1;1;1;1;1;1;705;79;765-140
6870;LH;LH1064+TP204;FRA;MIA;LIS;600;850;85;1111111;A320neo|A330-900neo;557;1;0;1;1;1;0;491;57;195-570
6871;KE;KE1201+KE050;BKK;LAX;ICN;575;1085;90;1111111;Boeing 737-900|Boeing 787-9;767;1;1;1;1;0;0;819;87;290-705
6872;TK;TK046+UA1414;IST;LAX;SFO;845;1090;160;1111111;A330-300|A320;690;1;0;1;0;0;1;754;72;855-75
6873;LH;LH447+LH1188;HND;MXP;MUC;605;995;50;1111111;A350-900|A320neo;620;1;0;1;0;1;0;543;72;880-65
6874;BA;BA029+BA1484;BKK;LIS;LHR;85;1085;145;1111111;A380-800|A319;644;1;0;1;0;0;0;841;67;780-160
6875;BA;BA1497+BA030;FCO;BKK;LHR;700;1340;500;1111111;A319|Boeing 777-300ER;606;1;0;1;1;0;0;767;70;150-690
6876;KL;KL1217+KE019;LYS;ICN;AMS;595;1265;435;1111111;Boeing 737-800|Boeing 787-9;606;1;0;1;1;0;0;540;74;95-735
6877;AA;AA028+IB1330;JFK;BRU;MAD;1120;705;145;1111111;Boeing 777-300ER|A320neo;439;1;0;1;1;1;0;485;70;430-130
6878;KE;KE027+KE1202;FCO;BKK;ICN;1145;1180;95;1111111;A330-300|A321neo;555;1;1;1;0;0;0;829;84;765-320
6879;LH;LH1065+LH420;LIS;HND;FRA;585;1310;330;1111111;A320neo|A340-600;699;1;0;1;0;0;0;826;64;175-805
6880;SK;SK207+SK1230;SFO;BER;CPH;1165;820;95;0010101;A350-900|A320neo;634;1;0;1;1;1;0;512;72;665-60
6881;BA;BA1427+BA054;TLS;YUL;LHR;590;850;300;1111111;A320neo|Boeing 787-9;415;1;0;1;1;1;0;359;66;100-450
6882;KL;KL1289+KL1308;OPO;ZRH;AMS;830;305;70;1111111;Embraer 195-E2|Boeing 737-900;164;1;0;0;0;1;0;168;77;155-80
6883;TK;TK1088+LX1402;IST;CDG;ZRH;600;405;150;1111111;A321neo|A320neo;192;1;0;1;1;0;0;157;75;180-75
6884;AA;AA066+BA1530;LAX;VIE;LHR;1095;1100;325;1111111;Boeing 777-200ER|A321neo;670;1;0;1;0;1;0;762;74;655-120
6885;BA;BA1539+BA1416;DUB;LYS;LHR;505;410;255;1111111;A320neo|A319;149;1;0;0;1;0;0;114;67;65-90
6886;EK;EK093+EK122;BKK;GRU;DXB;1235;1855;485;1111111;Boeing 777-300ER|A350-900;1090;1;1;1;1;1;1;986;74;410-960
6887;LX;LX1475+LX1418;VIE;TLS;ZRH;580;315;130;1011111;A320neo|A321neo;170;1;0;1;0;1;0;110;70;90-95
6888;LH;LH431+LX1439;MEX;ZRH;FRA;1190;920;160;1111111;A340-600|A220-300;588;1;0;1;0;1;0;738;64;705-55
6889;LH;LH1077+LH402;MXP;JFK;FRA;590;750;150;1111111;Embraer 190|A340-600;421;1;0;1;0;0;0;512;61;70-530
6890;AF;AF071+AF1136;FDF;VIE;CDG;1220;895;275;1111111;A350-900|A321;530;1;0;1;0;1;0;479;77;515-105
6891;AF;AF1119+AF012;MXP;JFK;CDG;860;665;80;1111111;A318|Boeing 777-300ER;414;1;0;1;1;1;0;439;72;85-500
6892;LX;LX1411+LX1498;LYS;CAI;ZRH;565;470;195;1111111;A220-300|A220-300;276;1;0;1;0;1;0;212;66;55-220
6893;KL;KL1289+KL1248;OPO;LHR;AMS;830;385;165;1111111;Embraer 195-E2|Boeing 737-800;170;1;0;0;0;0;0;144;79;155-65
6894;LH;LH407+LH1076;JNB;MXP;FRA;1300;860;110;1100100;A340-600|Embraer 190;530;1;0;1;0;0;0;699;63;680-70
6895;AZ;AZ1037+SQ031;FRA;SIN;FCO;850;1005;150;1111111;A320neo|Boeing 787-10;678;1;0;1;1;1;0;629;84;100-755
6896;AF;AF1103+AF1112;OPO;FCO;CDG;565;470;240;1111111;A320|A318;191;1;0;1;1;0;0;233;75;120-110
6897;LH;LH1225+LH1216;CAI;PRG;MUC;815;340;55;1111111;Embraer 190|A320neo;249;1;0;0;1;0;0;232;68;235-50
6898;BA;BA053+BA014;YUL;JNB;LHR;1095;1545;455;1111111;A350-1000|A350-1000;786;1;1;1;1;1;0;780;68;395-695
6899;EI;EI1453+EI1436;LIS;MUC;DUB;815;355;65;1111111;A320neo|A320neo;182;1;0;0;0;0;0;227;69;160-130
6900;LH;LH1221+LH1150;IST;LHR;MUC;595;470;195;1111111;A319|A321;228;1;0;0;1;0;0;218;72;165-110
6901;TK;TK033+TK1038;ICN;LHR;IST;630;1200;185;1111111;A330-300|A320neo;519;1;1;1;0;1;1;682;73;770-245
6902;AA;AA1027+JL027;MIA;HND;JFK;810;1380;345;1111111;A321|A350-1000;779;1;0;1;1;1;1;734;78;170-865
6903;OS;OS1068+TK032;VIE;ICN;IST;600;1120;325;1111111;A321|A330-300;533;1;0;1;1;0;0;638;75;120-675
6904;AF;AF1131+AF1106;GVA;OPO;CDG;865;430;235;1111111;A321|A318;144;1;0;1;1;0;0;164;73;65-130
6905;KL;KL509+KL1234;ICN;NTE;AMS;595;1040;130;1111111;Boeing 777-300ER|Boeing 737-900;626;1;0;1;0;1;0;629;75;810-100
6906;AZ;AZ1093+AZ106;VIE;LAX;FCO;615;1045;115;1111111;A220-100|A350-900;639;1;0;1;0;1;0;623;76;100-830
6907;SQ;SQ1003+SQ048;BKK;JFK;SIN;485;1600;295;1111111;Boeing 737 MAX 8|A350-900;979;1;1;1;1;0;1;957;84;140-1165
6908;AA;AA045+AA1012;DUB;LAX;JFK;835;960;165;1111111;Boeing 777-300ER|Boeing 777-200ER;540;1;0;1;1;0;1;697;69;445-350
6909;BA;BA173+QF029;LHR;SYD;JFK;760;2160;430;1111111;Boeing 787-9|A380-800;923;1;1;1;1;0;0;1499;66;480-1250
6910;LH;LH1171+LH438;BCN;DXB;MUC;505;760;300;1111111;Embraer 190|A350-900;416;1;0;1;0;0;0;359;64;110-350
6911;LX;LX625+LX1446;SFO;BER;ZRH;1175;840;55;1111111;A330-300|A321neo;696;1;0;1;0;0;0;664;67;700-85
6912;KL;KL1225+KL516;TLS;LAX;AMS;595;950;110;1111111;Boeing 737-800|A330-300;590;1;0;1;1;0;0;682;73;105-735
6913;CX;CX045+CX042;JNB;SFO;HKG;920;2095;485;0010001;Boeing 777-300ER|A350-900;1078;1;1;1;1;1;0;1301;80;800-810
6914;LX;LX1433+LX608;AMS;BKK;ZRH;795;995;260;1111111;A320neo|A330-300;689;1;0;1;0;1;0;639;74;80-655
6915;MS;MS1446+TK1086;CAI;MXP;IST;535;655;345;1111111;A220-300|Boeing 737 MAX 8;202;1;1;1;0;0;0;219;68;130-180
6916;AA;AA018+BA1448;JFK;FRA;LHR;1205;710;210;1111111;Boeing 787-9|A319;454;1;0;1;1;1;0;368;66;420-80
6917;AF;AF1050+KL520;CDG;YUL;AMS;480;810;275;1111111;A220-300|Boeing 777-300ER;416;1;0;1;1;1;0;391;73;60-475
6918;CX;CX1004+BA029;HKG;LHR;BKK;1080;1285;335;1111111;A321neo|A380-800;704;1;1;1;1;1;0;829;67;170-780
6919;BA;BA1527+BA115;VIE;JFK;LHR;520;705;85;1111111;A319|A350-1000;465;1;0;1;0;0;0;430;69;140-480
6920;LX;LX623+LX1446;LAX;BER;ZRH;1155;860;65;1111111;A340-300|A321neo;653;1;0;1;0;1;0;767;70;710-85
6921;LH;LH1221+LH1176;IST;LIS;MUC;595;560;190;1111111;A319|A319;301;1;0;0;1;0;0;283;66;165-205
6922;QR;QR075+QR078;JNB;SIN;DOH;1155;1195;225;1101010;Boeing 777-300ER|Boeing 777-300ER;620;1;1;1;1;1;1;809;89;490-480
6923;LX;LX601+LX1414;JNB;MRS;ZRH;1305;860;125;1101111;A340-300|A320neo;638;1;0;1;0;1;0;673;75;660-75
6924;AF;AF1051+AF018;AMS;JNB;CDG;485;1020;285;1111111;A220-300|A330-200;589;1;0;1;1;1;0;601;77;65-670
6925;AA;AA052+BA014;MIA;JNB;LHR;1220;1420;195;1111111;Boeing 777-300ER|A350-1000;744;1;1;1;1;1;1;958;71;530-695
6926;AZ;AZ1037+TP1273;FRA;LIS;FCO;850;395;105;1111111;A320neo|A321neo;181;1;0;0;1;1;0;204;63;100-190
6927;LH;LH413+LH1098;BKK;CPH;FRA;605;885;65;1111111;A340-600|A319;596;1;0;1;0;0;0;741;66;735-85
6928;EK;EK027+EK100;LHR;ICN;DXB;675;1475;565;1111111;A380-800|A380-800;579;1;1;1;1;1;1;914;79;410-500
6929;BA;BA041+BA1406;HND;CDG;LHR;710;1050;105;1111111;Boeing 787-9|A320neo;551;1;0;1;1;1;0;553;67;890-55
6930;KL;KL1331+KL1234;ATH;NTE;AMS;590;625;310;1111111;Boeing 737-800|Boeing 737-900;224;1;0;0;0;0;0;248;72;215-100
6931;TP;TP1303+TP1308;ALG;ABJ;LIS;585;620;190;1111111;A320neo|A320neo;325;1;0;0;1;1;0;346;59;125-305
6932;TK;TK019+TK1124;JNB;ALG;IST;1335;1100;280;1111111;A330-300|Boeing 737 MAX 8;490;1;1;1;0;1;1;639;73;590-230
6933;AI;AI026+OS1032;DEL;BER;VIE;650;760;215;0111011;Boeing 777-300ER|Embraer 195;409;1;0;1;1;1;0;413;65;470-75
6934;AZ;AZ1061+AZ112;BCN;EZE;FCO;495;1220;255;1011111;A321|A330-900neo;697;1;0;1;0;0;0;694;74;90-875
6935;LX;LX1487+LX1496;PRG;CMN;ZRH;580;445;155;1111111;A220-300|A320neo;270;1;0;1;0;1;0;182;67;80-210
6936;DL;DL054+SK1262;JFK;PMI;CPH;1170;910;250;1111111;A330-900neo|A320neo;498;1;0;1;1;1;0;468;70;470-190
6937;DL;DL028+KE019;JFK;ICN;AMS;1270;1670;495;1111111;Boeing 767-400ER|Boeing 787-9;704;1;1;1;1;0;0;904;77;440-735
6938;TP;TP1259+TP1298;MAD;RAK;LIS;520;465;295;1111111;A321neo|A320neo;140;1;0;0;1;1;0;110;64;80-90
6939;EK;EK063+EK096;MXP;DPS;DXB;915;1385;450;1111111;Boeing 777-300ER|A350-900;769;1;1;1;1;1;1;715;74;360-575
6940;AA;AA068+AT1221;LAX;CMN;LHR;1295;950;90;1111111;Boeing 777-300ER|Boeing 737-800;648;1;1;1;0;0;0;737;67;655-205
6941;NH;NH036+UA1420;HND;CUN;SFO;1110;1020;115;1111111;Boeing 777-300ER|Boeing 787-10;762;1;0;1;1;1;1;799;72;610-295
6942;IB;IB1327+CX023;GVA;HKG;MAD;625;1350;445;1111111;A320neo|Boeing 777-300ER;649;1;0;1;1;1;0;768;78;115-790
6943;AZ;AZ1049+AZ116;BER;HND;FCO;850;1285;320;1111111;A320neo|A350-900;597;1;0;1;0;1;0;639;83;120-845
6944;DL;DL1425+DL078;YUL;GRU;JFK;455;1025;355;1111111;A321neo|A350-900;598;1;0;1;1;1;1;464;85;75-595
6945;LX;LX1451+LX1446;MAD;BER;ZRH;795;320;115;1111111;A220-300|A321neo;207;1;0;1;0;0;0;159;70;120-85
6946;EI;EI607+EI1424;SFO;LGW;DUB;1170;925;245;1101111;A330-300|A321neo;532;1;0;1;0;1;0;573;69;610-70
6947;LH;LH419+LH1102;ICN;DUB;FRA;625;1025;95;1111111;A340-600|A320neo;617;1;0;1;1;1;0;730;62;810-120
6948;DL;DL1424+AF059;JFK;CDG;YUL;470;1025;535;1111111;A321neo|A330-200;432;1;0;1;1;0;1;404;77;75-415
6949;AZ;AZ1125+AZ1064;CAI;BCN;FCO;615;510;195;1111111;A220-100|A320neo;261;1;0;0;1;0;0;216;76;215-100
6950;SQ;SQ018+LH1029;SIN;FRA;LHR;45;1095;135;1111111;Boeing 777-300ER|Embraer 190;743;1;0;1;1;1;0;773;63;880-80
6951;BA;BA017+BA1508;DXB;ZRH;LHR;190;655;95;1111111;A350-1000|A321neo;390;1;0;1;1;1;0;366;77;465-95
6952;BA;BA027+BA1530;DEL;VIE;LHR;620;945;265;1111111;Boeing 777-300ER|A321neo;423;1;0;1;0;0;0;545;65;560-120
6953;EK;EK091+EK108;BKK;JFK;DXB;135;1405;110;1111111;A380-800|A350-900;960;1;1;1;1;1;1;967;76;410-885
6954;SN;SN1243+SN502;FCO;ABJ;BRU;575;615;70;0110110;A320|A330-300;378;1;0;1;0;0;0;451;64;125-420
6955;QR;QR093+QR078;MIA;SIN;DOH;1320;2050;675;1111111;Boeing 787-9|Boeing 777-300ER;1086;1;1;1;1;1;1;1077;80;895-480
6956;OS;OS405+LH1205;HND;MUC;VIE;605;995;65;1111111;Boeing 787-9|A321;568;1;0;1;0;0;0;535;72;865-65
6957;AF;AF1159+AF1172;ATH;RAK;CDG;625;735;315;1111111;A220-300|A220-300;236;1;0;1;1;1;0;285;76;210-210
6958;LH;LH1109+LH420;ATH;HND;FRA;825;1190;200;1111111;Embraer 190|A340-600;623;1;0;1;1;0;0;845;64;185-805
6959;BA;BA1401+BA036;CDG;HKG;LHR;475;1445;660;1111111;A320neo|A350-1000;628;1;0;1;1;1;0;555;76;60-725
6960;UA;UA017+UA032;LHR;SYD;SFO;800;1975;325;0101010;Boeing 767-300ER|Boeing 787-10;1040;1;1;1;1;1;1;1297;72;710-940
6961;KL;KL1233+KL504;NTE;DEL;AMS;590;1035;475;1111111;Embraer 195-E2|A330-300;464;1;0;1;0;0;0;475;73;90-470
6962;AF;AF069+AF030;PTP;DEL;CDG;1205;1615;620;1111111;A350-900|Boeing 777-300ER;764;1;1;1;1;1;0;796;80;510-485
6963;AM;AM014+AF1120;MEX;MXP;CDG;1230;1015;260;1111111;Boeing 787-8|A220-300;643;1;0;1;1;1;0;552;75;680-75
6964;AZ;AZ1034+LH434;FCO;GRU;FRA;550;1035;155;1010101;A220-100|A350-900;617;1;0;1;0;1;0;615;63;105-775
6965;TG;TG025+TG1212;MUC;DPS;BKK;1165;1225;345;1111111;Boeing 787-9|A320neo;670;1;1;1;0;1;0;679;81;635-245
6966;LH;LH1004+NH017;FRA;HND;CDG;830;1305;395;1111111;A320neo|Boeing 787-9;623;1;0;1;1;1;0;568;66;70-840
6967;SQ;SQ024+LH1056;SIN;MAD;FRA;580;1115;130;1111111;A380-800|A320neo;781;1;0;1;0;0;0;888;71;835-150
6968;AF;AF025+AF1176;DXB;TUN;CDG;260;905;320;1111111;A330-200|A318;369;1;0;1;0;0;0;489;78;445-140
6969;LX;LX1491+LX608;ATH;BKK;ZRH;800;1050;225;1111111;A321neo|A330-300;621;1;0;1;0;0;0;699;72;170-655
6970;LH;LH1221+LH1178;IST;OPO;MUC;595;530;180;1111111;A319|A320neo;280;1;0;0;1;0;0;244;72;165-185
6971;AT;AT509+AT1274;YUL;CAI;CMN;1185;1030;320;1111111;Boeing 787-9|Boeing 737-800;501;1;1;1;0;1;0;605;63;425-285
6972;SN;SN1212+AZ1021;BRU;FCO;LHR;475;465;265;1111111;A320|A321;142;1;0;0;0;0;0;179;74;65-135
6973;UA;UA1407+UA022;LAX;ZRH;SFO;760;1090;310;1001001;A320|Boeing 777-300ER;602;1;0;1;1;0;1;664;74;80-700
6974;LH;LH443+LH1168;BKK;MAD;MUC;595;1050;175;1111111;A340-600|A319;613;1;0;1;1;0;0;807;65;720-155
6975;AF;AF1155+AF1150;PRG;DUB;CDG;865;390;185;1111111;A318|A220-300;162;1;0;1;1;1;0;151;78;100-105
6976;LX;LX1425+LX1490;LHR;ATH;ZRH;490;400;150;1111111;A320neo|A321neo;235;1;0;1;0;1;0;176;65;95-155
6977;QR;QR024+BA1408;DOH;NCE;LHR;160;655;105;1111111;Boeing 777-300ER|A321neo;443;1;0;1;1;0;0;428;69;445-105
6978;UA;UA018+LH1086;SFO;GVA;FRA;1160;865;110;1111111;Boeing 777-300ER|A321;621;1;0;1;0;0;0;641;62;685-70
6979;AF;AF009+AF1170;JFK;RAK;CDG;1125;800;150;1111111;A350-900|A318;411;1;0;1;1;0;0;489;72;440-210
6980;AA;AA018+BA016;JFK;DXB;LHR;1205;970;140;1111111;Boeing 787-9|A350-1000;709;1;1;1;0;1;1;603;67;420-410
6981;AZ;AZ1047+AZ1062;BER;BCN;FCO;540;300;80;1111111;A220-100|A220-100;169;1;0;0;0;0;0;170;78;120-100
6982;IB;IB1289+AT1237;PMI;CMN;MAD;625;315;135;1111111;A321neo|Boeing 737-800;147;1;0;1;0;1;0;133;71;80-100
6983;TP;TP1241+TP202;LHR;JFK;LIS;610;790;165;1111111;A321LR|A321LR;388;1;0;1;0;1;0;400;65;160-465
6984;LH;LH1034+TG021;FRA;BKK;LHR;1060;985;205;1111111;A319|A350-900;562;1;0;1;1;1;0;588;69;90-690
6985;KE;KE032+KL1317;ICN;AMS;VIE;605;1025;125;1001001;A330-300|Boeing 737-800;516;1;0;1;0;0;0;632;73;790-110
6986;AF;AF075+AF1120;EZE;MXP;CDG;1205;1220;305;0110101;A330-200|A220-300;667;1;0;1;1;1;0;772;79;840-75
6987;AZ;AZ1099+AZ104;ATH;MIA;FCO;525;1075;255;1111111;A321|A350-900;622;1;0;1;0;0;0;563;86;120-700
6988;LH;LH453+LH1142;MIA;MRS;MUC;1195;1040;345;0010101;Boeing 747-8|Embraer 190;504;1;0;1;0;1;0;676;73;595-100
6989;LH;LH447+LH1168;HND;MAD;MUC;605;1160;125;1111111;A350-900|A319;675;1;0;1;0;0;0;661;65;880-155
6990;UA;UA016+TG021;SFO;BKK;LHR;1150;1795;460;1111111;Boeing 767-300ER|A350-900;787;1;1;1;1;1;0;1167;76;645-690
6991;AZ;AZ1104+TK022;FCO;DEL;IST;495;900;420;1111111;A321|Boeing 777-300ER;457;1;0;1;1;0;0;434;75;130-350
6992;SN;SN505+SN1242;JFK;FCO;BRU;1155;605;45;1111111;A330-300|A320;448;1;0;1;1;0;0;500;72;445-115
6993;LH;LH1223+LH446;IST;HND;MUC;1060;1025;55;1111111;Embraer 190|A350-900;592;1;0;1;0;0;0;635;63;165-805
6994;KL;KL1217+SK1219;LYS;CPH;AMS;595;500;325;1111111;Boeing 737-800|A320neo;142;1;0;0;1;0;0;127;72;95-80
6995;TK;TK031+AZ1111;HKG;FCO;IST;615;1010;175;1111111;A330-300|A321;557;1;0;1;1;0;0;658;73;690-145
6996;UA;UA020+LH1208;SFO;CPH;MUC;1155;890;95;1111111;Boeing 787-10|A319;612;1;0;1;1;0;0;596;75;705-90
6997;QF;QF017+QF026;SIN;SFO;SYD;915;2045;660;0101011;A330-300|A380-800;757;1;1;1;1;1;0;1302;70;490-895
6998;KL;KL1245+KL1254;LHR;FRA;AMS;950;170;50;1111111;Embraer 195-E2|Boeing 737-800;111;1;0;0;1;0;0;68;73;60-60
6999;LX;LX1467+LX612;FCO;HKG;ZRH;820;1015;230;1111111;A321neo|A340-300;688;1;0;1;0;1;0;752;66;90-695
7000;UA;UA016+LH1153;SFO;MUC;LHR;1150;1045;305;1111111;Boeing 767-300ER|A319;618;1;0;1;1;0;0;738;74;645-95
7001;LH;LH1220+TK022;MUC;DEL;IST;605;790;295;1111111;A319|Boeing 777-300ER;420;1;0;1;1;0;0;421;63;145-350
7002;AF;AF1071+AF1038;MUC;NTE;CDG;865;275;115;1111111;A318|A320;148;1;0;1;1;0;0;105;74;95-65
7003;NH;NH029+NH1202;IST;HKG;HND;1305;1125;95;1111111;Boeing 787-9|Boeing 737-800;634;1;1;1;1;0;1;721;80;765-265
7004;AH;AH1029+AH1032;FRA;MAD;ALG;855;330;70;1111111;Boeing 737-800|Boeing 737-800;154;1;1;1;0;0;0;196;62;160-100
7005;AF;AF1051+AF1176;AMS;TUN;CDG;485;500;295;1111111;A220-300|A318;198;1;0;1;0;0;0;182;78;65-140
7006;IB;IB1250+BA1443;MAD;LHR;AMS;735;375;170;1111111;A321XLR|A321neo;151;1;0;0;0;1;0;154;69;140-65
7007;AF;AF1050+KL524;CDG;CUN;AMS;480;1040;280;1111111;A220-300|A330-300;528;1;0;1;0;1;0;572;69;60-700
7008;AA;AA1021+AA1006;MIA;LAX;JFK;450;690;170;1111111;Boeing 737-800|Boeing 777-200ER;353;1;0;0;1;0;1;506;77;170-350
7009;AA;AA028+IB1232;JFK;BOD;MAD;1120;645;140;1111111;Boeing 777-300ER|A321neo;466;1;0;1;1;0;0;420;70;430-75
7010;AC;AC018+NH015;YUL;HND;CDG;1330;1385;130;1111111;A330-300|Boeing 777-300ER;637;1;1;1;1;1;1;990;67;415-840
7011;AF;AF1025+AF1052;TLS;AMS;CDG;500;250;110;1111111;A220-300|A320;129;1;0;1;1;0;0;91;78;80-60
7012;LH;LH401+LH1044;JFK;MUC;FRA;1040;685;165;1111111;Boeing 747-8|Embraer 190;435;1;0;1;1;1;0;493;61;465-55
7013;AZ;AZ1015+AZ112;MRS;EZE;FCO;615;1100;150;1011111;A220-100|A330-900neo;714;1;0;1;0;0;0;660;74;75-875
7014;SN;SN1271+TG031;RAK;BKK;BRU;780;1050;165;1111111;A320|Boeing 777-300ER;697;1;0;1;0;0;0;792;74;215-670
7015;LH;LH1065+LH1098;LIS;CPH;FRA;585;485;225;1111111;A320neo|A319;217;1;0;0;0;0;0;194;69;175-85
7016;IB;IB1352+AT1274;MAD;CAI;CMN;535;600;215;1111111;A321XLR|Boeing 737-800;315;1;0;1;0;1;0;368;68;100-285
7017;OS;OS1029+OS400;MUC;MLE;VIE;1050;640;50;1001001;A320|Boeing 787-9;540;1;0;1;0;0;0;432;72;55-535
7018;BA;BA1485+BA1546;LIS;PRG;LHR;585;355;95;1111111;A319|A320neo;211;1;0;0;0;0;0;213;74;155-105
7019;EK;EK033+EK098;LHR;HKG;DXB;1120;970;120;1111111;A380-800|A350-900;666;1;1;1;1;1;1;734;77;410-440
7020;LH;LH1044+LH440;FRA;DEL;MUC;590;1010;515;0110110;Embraer 190|Boeing 747-8;426;1;0;1;1;1;0;471;61;55-440
7021;AF;AF1105+KE015;OPO;ICN;CDG;845;1005;120;1111111;A321|A330-300;623;1;0;1;0;0;0;703;76;120-765
7022;SQ;SQ040+TK1012;SIN;ORY;IST;580;1015;100;1111111;Boeing 787-10|A321neo;680;1;1;1;0;0;1;623;79;690-225
7023;AZ;AZ1022+TG021;FCO;BKK;LHR;975;1070;230;1111111;A220-100|A350-900;587;1;0;1;0;1;0;644;76;150-690
7024;SN;SN1227+SN502;BER;ABJ;BRU;565;625;115;0110110;A319|A330-300;415;1;0;1;0;0;0;398;67;90-420
7025;IB;IB519+IB1270;EZE;BER;MAD;1190;1240;305;1101111;A330-300|A321neo;700;1;0;1;0;1;0;780;81;765-170
7026;SQ;SQ026+LH452;SIN;MIA;MUC;145;1785;285;0101010;A380-800|Boeing 747-8;1012;1;1;1;1;1;0;1353;69;820-680
7027;LH;LH1225+LH1174;CAI;BCN;MUC;815;500;145;1111111;Embraer 190|A321;232;1;0;0;0;0;0;319;66;235-120
7028;LH;LH417+LH1016;HKG;LYS;FRA;625;920;65;1111111;A340-600|A321;651;1;0;1;1;0;0;739;69;775-80
7029;BA;BA1441+BA034;AMS;SIN;LHR;900;1225;385;1111111;A320neo|Boeing 787-9;618;1;0;1;1;1;0;625;67;65-775
7030;EI;EI1427+EI602;AMS;MIA;DUB;580;880;205;1111111;A321neo|A321XLR;502;1;0;1;0;0;0;428;72;100-575
7031;AF;AF011+AF1026;JFK;TLS;CDG;1220;700;175;1111111;Boeing 787-9|A320;431;1;0;1;1;0;0;379;77;440-85
7032;EI;EI1453+EI1432;LIS;FRA;DUB;815;350;85;1111111;A320neo|A320neo;195;1;0;0;0;1;0;202;69;160-105
7033;KL;KL523+KL1260;MEX;MUC;AMS;1170;1050;285;1111111;Boeing 777-300ER|Boeing 737-900;585;1;0;1;1;1;0;665;73;680-85
7034;AT;AT1281+AT1260;RAK;BRU;CMN;625;420;175;1111111;Boeing 737 MAX 8|Boeing 737-800;199;1;1;1;0;0;0;191;60;45-200
7035;QR;QR054+IB1323;DOH;MAD;ZRH;425;680;155;1001001;A350-1000|A320neo;472;1;0;1;1;0;0;350;82;390-135
7036;EK;EK099+EK120;HKG;MEX;DXB;1110;2215;570;1111111;A350-900|A380-800;1014;1;1;1;1;1;1;1394;75;510-1135
7037;AA;AA018+BA1484;JFK;LIS;LHR;1205;685;105;1111111;Boeing 787-9|A319;406;1;0;1;0;0;0;428;68;420-160
7038;LH;LH411+SN1221;DEL;BRU;FRA;620;745;170;1111111;Boeing 747-8|A320;460;1;0;1;0;0;0;488;70;515-60
7039;IB;IB1249+IB510;AMS;SFO;MAD;500;1115;200;1111111;A321neo|A330-200;553;1;0;1;1;0;0;729;80;150-765
7040;LH;LH1121+LH416;ALG;HKG;FRA;825;1010;170;1111111;A320neo|A340-600;613;1;0;1;0;1;0;788;69;150-690
7041;AC;AC052+SN1262;YUL;PRG;BRU;1220;745;240;1011111;Boeing 787-9|A319;431;1;0;1;0;0;0;373;65;420-85
7042;QR;QR075+QR050;JNB;LIS;DOH;1155;1150;165;1101010;Boeing 777-300ER|A350-1000;621;1;1;1;1;0;1;723;89;490-495
7043;AF;AF1163+AF070;IST;FDF;CDG;620;940;135;1111111;A320|A350-900;608;1;0;1;1;0;0;552;77;220-585
7044;TP;TP207+TP1304;SFO;ALG;LIS;1190;930;150;1111111;A321LR|A321neo;645;1;0;1;0;1;0;591;56;670-110
7045;TU;TU1269+TU1242;CAI;BCN;TUN;825;385;70;1111111;A319|A320neo;216;1;1;1;0;0;0;240;49;215-100
7046;KL;KL509+KL1308;ICN;ZRH;AMS;595;1080;190;1111111;Boeing 777-300ER|Boeing 737-900;543;1;0;1;0;1;0;616;75;810-80
7047;AC;AC048+LX1466;YUL;FCO;ZRH;1210;760;225;1111111;A330-300|A321neo;443;1;0;1;1;1;0;448;67;450-85
7048;BA;BA019+BA1490;DXB;OPO;LHR;405;805;205;1111111;Boeing 787-9|A321neo;418;1;0;1;0;1;0;409;72;465-135
7049;BA;BA1469+BA026;MAD;DEL;LHR;630;1065;445;1111111;A319|Boeing 777-300ER;525;1;0;1;1;0;0;562;71;125-495
7050;DL;DL069+DL1422;JNB;MIA;JFK;110;1535;355;1111111;Boeing 767-400ER|A321neo;840;1;0;1;1;1;1;1077;83;1005-175
7051;OS;OS1061+OS400;DUB;MLE;VIE;840;790;100;1001001;Embraer 195|Boeing 787-9;550;1;0;1;0;0;0;533;81;155-535
7052;QR;QR046+IB1238;DOH;NTE;MAD;415;860;305;1111111;Boeing 777-300ER|A321XLR;461;1;0;1;1;0;0;410;80;460-95
7053;IB;IB501+AT1237;DOH;CMN;MAD;430;630;70;1111111;A330-200|Boeing 737-800;413;1;1;1;0;1;0;433;71;460-100
7054;AF;AF1105+AF1178;OPO;TUN;CDG;845;390;130;1111111;A321|A220-300;192;1;0;1;0;0;0;248;76;120-140
7055;AF;AF1017+AF068;MRS;PTP;CDG;670;745;75;1111111;A321|A350-900;473;1;0;1;1;0;0;435;72;90-580
7056;TP;TP1260+MS1421;LIS;CAI;MAD;830;440;110;1111111;A321LR|Boeing 737-800;342;1;0;1;1;0;0;311;66;70-260
7057;KL;KL1206+AF1184;AMS;ALG;CDG;990;325;125;1111111;Boeing 737-800|A320;189;1;0;1;1;0;0;177;72;65-135
7058;KL;KL523+KL1234;MEX;NTE;AMS;1170;1005;225;1111111;Boeing 777-300ER|Boeing 737-900;549;1;0;1;1;1;0;672;73;680-100
7059;EI;EI601+EI1458;JFK;MXP;DUB;1170;705;185;1111111;A321XLR|A321neo;445;1;0;1;0;1;0;395;74;390-130
7060;CX;CX1003+CX038;BKK;JFK;HKG;630;1430;285;1111111;A321neo|A350-900;932;1;1;1;1;0;0;822;76;165-980
7061;BA;BA1449+BA1432;FRA;BOD;LHR;720;500;315;1111111;A319|A320neo;132;1;0;0;0;0;0;127;67;90-95
7062;BA;BA1559+BA1568;CMN;CAI;LHR;585;790;320;1111111;A321neo|A319;329;1;0;0;1;0;0;423;77;195-275
7063;LH;LH1015+LH1108;LYS;ATH;FRA;590;405;160;1111111;A320neo|Embraer 190;194;1;0;0;0;0;0;191;61;75-170
7064;AF;AF1015+AF048;MRS;MIA;CDG;480;890;175;1111111;A320|Boeing 777-300ER;554;1;0;1;0;1;0;544;83;90-625
7065;TP;TP1247+TP1306;AMS;DSS;LIS;595;525;90;1111111;A321neo|A320neo;326;1;0;0;1;0;0;312;59;190-245
7066;KL;KL644+KL1220;JFK;MRS;AMS;1180;605;60;1111111;A330-300|Boeing 737-900;471;1;0;1;1;0;0;479;75;440-105
7067;QR;QR028+BA1516;DOH;GVA;LHR;365;720;185;1111111;A350-1000|A321neo;414;1;0;1;1;1;0;349;68;445-90
7068;AF;AF063+AF016;YUL;ABJ;CDG;1335;995;175;1111111;A350-900|Boeing 777-300ER;539;1;1;1;1;1;1;620;78;415-405
7069;EK;EK1011+EK106;CAI;SYD;DXB;1040;1640;530;1111111;Boeing 777-300ER|A380-800;892;1;1;1;1;0;1;1093;75;210-900
7070;KL;KL529+KL1324;EZE;DUB;AMS;1175;1180;215;1011101;Boeing 787-10|Embraer 195-E2;709;1;0;1;0;0;0;689;80;865-100
7071;EK;EK073+EK100;CPH;ICN;DXB;915;1295;425;1111111;A380-800|A380-800;620;1;1;1;1;1;1;863;80;370-500
7072;AC;AC1215+TK049;FDF;IST;YUL;855;960;85;1111111;A321|A330-300;574;1;0;1;1;0;1;791;72;305-570
7073;NH;NH026+TK1018;HND;LYS;IST;125;1265;205;1111111;Boeing 777-300ER|Boeing 737 MAX 8;690;1;1;1;1;1;1;714;74;860-200
7074;AT;AT505+AT1222;JFK;LGW;CMN;1195;925;300;1111111;Boeing 787-8|Boeing 737 MAX 8;407;1;1;1;0;0;0;455;63;430-195
7075;LH;LH1171+NH025;BCN;HND;MUC;505;1455;540;1111111;Embraer 190|Boeing 787-9;646;1;0;1;0;0;0;620;64;110-805
7076;AC;AC1211+AC038;CUN;MAD;YUL;840;780;120;1111111;A321|A330-300;495;1;0;1;1;0;1;598;64;245-415
7077;SK;SK1200+AF1018;CPH;MRS;CDG;505;420;220;1111111;A320neo|A318;159;1;0;1;1;0;0;150;74;115-85
7078;SN;SN501+SN1200;DSS;NCE;BRU;1290;740;295;0111111;A330-300|A320;330;1;0;1;0;1;0;374;71;355-90
7079;QF;QF020+CX022;SYD;MAD;HKG;915;2165;690;1111101;A330-300|Boeing 777-300ER;922;1;1;1;1;0;0;1164;77;590-885
7080;IB;IB1233+IB506;BOD;MIA;MAD;625;825;140;1111111;A321neo|A330-200;533;1;0;1;0;1;0;507;82;80-605
7081;LH;LH1019+SN1221;MRS;BRU;FRA;600;495;340;1111111;A320neo|A320;124;1;0;0;1;0;0;96;69;95-60
7082;AI;AI1401+UA035;DXB;SFO;DEL;645;1290;175;1111110;A320neo|Boeing 787-10;784;1;1;1;1;0;0;823;67;190-925
7083;LH;LH1033+LH416;LHR;HKG;FRA;910;865;95;1111111;A321|A340-600;634;1;0;1;0;0;0;750;69;80-690
7084;SQ;SQ018+AZ1021;SIN;FCO;LHR;45;1315;300;1111111;Boeing 777-300ER|A321;767;1;0;1;1;0;0;852;81;880-135
7085;AF;AF1155+AF1046;PRG;LHR;CDG;865;240;80;1111111;A318|A321;143;1;0;1;1;0;0;120;71;100-60
7086;AT;AT1218+BA024;CMN;MLE;LHR;625;1190;375;1111111;Boeing 737 MAX 8|A380-800;549;1;1;1;0;0;0;779;60;195-620
7087;SK;SK1200+AF032;CPH;BKK;CDG;505;980;185;1111111;A320neo|A350-900;571;1;0;1;1;1;0;600;80;115-680
7088;BA;BA029+BA1558;BKK;CMN;LHR;85;1145;160;1111111;A380-800|A321neo;684;1;0;1;1;1;0;857;67;780-205
7089;AT;AT507+AT1204;MIA;ORY;CMN;1185;910;220;0101010;Boeing 787-8|Boeing 737 MAX 8;457;1;1;1;0;1;0;506;60;510-180
7090;IB;IB503+IB1228;JFK;TLS;MAD;1110;665;160;1111111;A350-900|A321neo;413;1;0;1;0;1;0;360;79;430-75
7091;TK;TK035+TK054;HND;GRU;IST;120;1920;225;1111111;A330-300|Boeing 787-9;1033;1;1;1;0;1;1;1159;71;860-835
7092;LH;LH1101+LH1078;DUB;MXP;FRA;585;475;300;1111111;Embraer 190|A320neo;164;1;0;0;0;0;0;150;72;105-70
7093;LX;LX607+LX1438;DEL;FRA;ZRH;585;780;205;1100100;A330-300|A220-300;511;1;0;1;0;1;0;424;77;520-55
7094;QR;QR045+QR084;BER;ICN;DOH;920;1415;555;0101010;Boeing 787-9|Boeing 777-300ER;606;1;1;1;1;1;1;698;88;340-520
7095;TK;TK028+SQ1010;IST;HKG;SIN;1165;990;115;1111111;A330-300|Boeing 737 MAX 8;546;1;1;1;1;1;1;736;77;655-220
7096;AF;AF1153+AF040;PRG;HKG;CDG;550;1350;530;1111111;A321|A330-200;567;1;0;1;1;0;0;709;80;100-720
7097;BA;BA027+IB1245;DEL;MAD;LHR;620;805;115;1111111;Boeing 777-300ER|A320neo;465;1;0;1;1;0;0;542;65;560-130
7098;EK;EK101+EK064;ICN;ZRH;DXB;1085;1470;485;1111111;A380-800|Boeing 777-300ER;598;1;1;1;1;1;1;813;83;575-410
7099;AZ;AZ1043+AZ1102;MUC;ATH;FCO;835;410;210;1111111;A320neo|A320neo;166;1;0;0;1;1;0;152;85;95-105
7100;KL;KL527+KL1280;GRU;BCN;AMS;1160;1090;215;1111111;A330-300|Embraer 195-E2;549;1;0;1;1;1;0;740;74;745-130
7101;DL;DL041+DL1422;LIS;MIA;JFK;700;825;185;1111111;Boeing 767-400ER|A321neo;468;1;0;1;1;1;1;522;87;465-175
7102;KL;KL644+KL1306;JFK;ZRH;AMS;1180;800;280;1111111;A330-300|Embraer 195-E2;411;1;0;1;1;0;0;431;75;440-80
7103;IB;IB1349+IB512;IST;MEX;MAD;620;1105;95;1111111;A320neo|A350-900;681;1;0;1;0;0;0;677;78;250-760
7104;BA;BA055+BA032;YUL;SIN;LHR;1275;1415;245;1111111;Boeing 787-9|A350-1000;843;1;1;1;1;1;0;879;70;395-775
7105;AF;AF029+AF1114;MLE;FCO;CDG;655;900;110;1111111;A350-900|A220-300;548;1;0;1;1;0;0;544;74;680-110
7106;LH;LH443+LH1138;BKK;LYS;MUC;595;895;90;1111111;A340-600|Embraer 190;589;1;0;1;1;0;0;716;65;720-85
7107;AZ;AZ113+MS1429;EZE;CAI;FCO;1210;1250;220;1101111;A330-900neo|Boeing 737-800;716;1;1;1;0;0;0;781;67;840-190
7108;AC;AC1201+OS409;MIA;VIE;YUL;840;835;140;0111011;A220-300|Boeing 787-9;576;1;0;1;0;0;0;505;70;210-485
7109;AZ;AZ101+LX1467;JFK;ZRH;FCO;1115;875;275;1111111;A350-900|A321neo;459;1;0;1;0;1;0;433;66;510-90
7110;AF;AF1080+DL033;CDG;JFK;MAD;515;680;70;1111111;A318|A350-900;386;1;0;1;1;0;0;421;72;115-495
7111;UA;UA033+AZ109;SYD;FCO;SFO;715;2300;660;0010101;Boeing 787-10|A330-900neo;985;1;1;1;0;1;1;1202;75;895-745
7112;TK;TK1041+SQ041;LGW;SIN;IST;610;975;110;1111111;A320neo|Boeing 787-10;686;1;1;1;0;0;1;639;70;210-655
7113;DL;DL021+DL1412;NCE;LAX;JFK;810;1015;120;1111111;Boeing 767-400ER|Boeing 767-400ER;669;1;0;1;0;0;1;845;85;545-350
7114;EK;EK101+EK122;ICN;GRU;DXB;1085;2125;590;1111111;A380-800|A350-900;1050;1;1;1;1;1;1;1170;74;575-960
7115;TK;TK1109+TK048;ATH;YUL;IST;520;895;180;1111111;Boeing 737 MAX 8|A330-300;478;1;1;1;1;1;1;546;80;75-640
7116;TG;TG024+LH1212;BKK;DUB;MUC;625;945;80;1111111;Boeing 787-9|A320neo;634;1;0;1;1;1;0;596;65;720-145
7117;TG;TG018+UA017;BKK;SFO;LHR;115;1815;325;1111111;Boeing 787-9|Boeing 767-300ER;750;1;1;1;1;1;0;1167;81;780-710
7118;AZ;AZ1113+AZ118;CMN;DEL;FCO;620;995;375;1111111;A320neo|A350-900;505;1;0;1;0;0;0;457;81;180-440
7119;AF;AF055+AF034;LAX;BKK;CDG;1325;1570;215;1111111;A350-900|Boeing 787-9;758;1;1;1;1;1;0;1013;77;675-680
7120;LH;LH1077+LH424;MXP;LAX;FRA;590;980;150;1111111;Embraer 190|Boeing 747-8;621;1;0;1;0;0;0;746;61;70-760
7121;AZ;AZ1107+AZ1118;IST;TUN;FCO;745;530;305;1111111;A220-100|A321;172;1;0;0;0;0;0;173;74;145-80
7122;BA;BA045+BA1546;MIA;PRG;LHR;1180;900;265;1111111;Boeing 787-9|A320neo;559;1;0;1;1;0;0;476;65;530-105
7123;SQ;SQ040+TK1086;SIN;MXP;IST;580;970;100;1111111;Boeing 787-10|Boeing 737 MAX 8;759;1;1;1;1;0;1;587;79;690-180
7124;AF;AF1129+AF064;GVA;MEX;CDG;535;1090;255;1111111;A320|A330-200;585;1;0;1;1;0;0;639;77;65-770
7125;BA;BA1535+IB1245;CPH;MAD;LHR;820;335;95;1111111;A320neo|A320neo;178;1;0;0;1;0;0;187;79;110-130
7126;TK;TK1137+OS1071;DOH;VIE;IST;600;605;225;1111111;A320neo|A320;309;1;0;1;0;1;0;308;76;250-130
7127;AF;AF1033+DL017;BOD;JFK;CDG;630;665;90;1111111;A321|A330-900neo;452;1;0;1;1;0;0;371;75;75-500
7128;SN;SN1207+TG031;MRS;BKK;BRU;810;1020;255;1111111;A320|Boeing 777-300ER;571;1;0;1;0;0;0;685;76;95-670
7129;LX;LX601+LX1474;JNB;VIE;ZRH;1305;845;110;1101111;A340-300|A320neo;629;1;0;1;0;1;0;680;75;660-75
7130;IB;IB1355+IB1290;CMN;PMI;MAD;850;290;125;1111111;A320neo|A321XLR;159;1;0;0;1;1;0;119;78;95-70
7131;AZ;AZ1063+AZ118;BCN;DEL;FCO;730;885;355;1111111;A220-100|A350-900;505;1;0;1;0;1;0;395;77;90-440
7132;QR;QR040+BA1451;DOH;LHR;FRA;430;720;235;1111111;A380-800|A320neo;462;1;0;1;0;1;0;398;69;395-90
7133;IB;IB501+IB1216;DOH;NCE;MAD;430;640;80;1111111;A330-200|A321neo;402;1;0;1;0;1;0;427;83;460-100
7134;BA;BA1447+BA044;FRA;MIA;LHR;480;990;295;1111111;A321neo|Boeing 787-9;522;1;0;1;0;0;0;443;70;90-605
7135;TK;TK035+TK1018;HND;LYS;IST;120;1270;210;1111111;A330-300|Boeing 737 MAX 8;610;1;1;1;0;1;1;714;71;860-200
7136;AC;AC1213+AC040;PTP;BCN;YUL;840;860;130;1111111;A321|Boeing 777-300ER;495;1;0;1;1;0;1;659;75;290-440
7137;QR;QR1219+QR1202;DEL;FCO;DOH;845;735;145;1111111;A320|Boeing 787-9;494;1;1;1;0;0;1;475;80;235-355
7138;AF;AF1177+AF1078;TUN;BER;CDG;845;410;170;1111111;A318|A220-300;188;1;0;1;1;0;0;221;77;150-90
7139;AA;AA020+BA1516;JFK;GVA;LHR;1275;770;260;1111111;Boeing 777-200ER|A321neo;487;1;0;1;1;1;0;477;68;420-90
7140;BA;BA1521+BA1558;BRU;CMN;LHR;515;355;85;1111111;A319|A321neo;210;1;0;0;1;1;0;176;67;65-205
7141;IB;IB515+IB1210;CUN;ORY;MAD;1200;825;135;1111111;A330-300|A321XLR;534;1;0;1;0;1;0;604;83;585-105
7142;KL;KL1200+AF020;AMS;RUN;CDG;460;1095;320;1111111;Boeing 737-800|Boeing 777-300ER;626;1;0;1;0;1;0;649;75;65-710
7143;QR;QR049+QR086;BCN;HND;DOH;935;1460;485;1111111;A380-800|Boeing 777-300ER;709;1;1;1;1;0;1;900;82;370-605
7144;TP;TP1279+TP204;GVA;MIA;LIS;605;845;120;1111111;A321neo|A330-900neo;498;1;0;1;1;1;0;490;56;155-570
7145;KL;KL1202+AF1124;AMS;ZRH;CDG;620;300;170;1111111;Embraer 195-E2|A321;107;1;0;1;0;0;0;81;73;65-65
7146;IB;IB1338+QR063;MAD;DOH;DUB;610;810;240;1111111;A321neo|A380-800;405;1;0;1;1;1;0;546;88;145-425
7147;KL;KL511+KL1220;HND;MRS;AMS;75;1110;135;1111111;Boeing 787-10|Boeing 737-900;624;1;0;1;1;0;0;607;72;870-105
7148;UA;UA1409+AZ109;LAX;FCO;SFO;855;1080;255;1111111;Boeing 737 MAX 9|A330-900neo;628;1;0;1;0;1;1;595;75;80-745
7149;LH;LH1225+NH025;CAI;HND;MUC;815;1205;165;1111111;Embraer 190|Boeing 787-9;603;1;0;1;1;0;0;721;68;235-805
7150;AF;AF1050+KL641;CDG;JFK;AMS;480;685;120;1111111;A220-300|Boeing 777-300ER;387;1;0;1;0;1;0;414;73;60-505
7151;SQ;SQ029+SQ1006;BCN;BKK;SIN;1105;1140;185;1111111;A380-800|Boeing 737 MAX 8;755;1;1;1;1;1;1;934;79;815-140
7152;KL;KL1305+KL524;ZRH;CUN;AMS;520;1000;215;1111111;Boeing 737-800|A330-300;577;1;0;1;0;0;0;599;69;85-700
7153;LX;LX1475+LX1402;VIE;CDG;ZRH;580;305;140;1111111;A320neo|A320neo;148;1;0;1;1;1;0;91;70;90-75
7154;LA;LA1401+LA024;EZE;BCN;GRU;825;1025;195;1101010;A321|Boeing 787-9;657;1;1;1;1;0;0;616;84;160-670
7155;LH;LH445+LH1134;SIN;NCE;MUC;615;950;40;1111111;A340-600|Embraer 190;615;1;0;1;1;0;0;815;71;820-90
7156;AI;AI020+LH1024;DEL;TLS;FRA;650;765;145;1111111;Boeing 777-300ER|A319;468;1;0;1;0;1;0;488;70;515-105
7157;IB;IB1221+IB508;LYS;LAX;MAD;610;1005;125;1111111;A321neo|A330-200;600;1;0;1;0;1;0;687;86;105-775
7158;AF;AF049+AF1026;MIA;TLS;CDG;1105;815;180;1111111;Boeing 777-300ER|A320;495;1;0;1;1;0;0;540;78;550-85
7159;LH;LH1183+LH442;FCO;BKK;MUC;825;965;235;1111111;Embraer 190|A340-600;574;1;0;1;0;0;0;731;67;95-635
7160;BA;BA1563+BA040;RAK;HND;LHR;600;1560;520;1111111;A319|Boeing 787-9;652;1;0;1;0;0;0;707;76;210-830
7161;UA;UA027+UA1420;ICN;CUN;SFO;1085;1045;85;0111111;Boeing 787-10|Boeing 787-10;808;1;0;1;1;1;1;756;72;665-295
7162;OS;OS405+OS1038;HND;BCN;VIE;605;1075;65;1111111;Boeing 787-9|A321;659;1;0;1;0;0;0;636;76;865-145
7163;DL;DL016+AF1004;JFK;NCE;CDG;1170;730;205;1111111;A330-900neo|A320;462;1;0;1;0;0;0;388;82;440-85
7164;AF;AF032+KE1201;CDG;ICN;BKK;805;1140;170;1111111;A350-900|Boeing 737-900;603;1;1;1;1;0;0;809;80;680-290
7165;TG;TG1204+SQ048;BKK;JFK;SIN;545;1540;235;1111111;A320neo|A350-900;917;1;1;1;0;1;0;957;75;140-1165
7166;AZ;AZ105+LX1467;MIA;ZRH;FCO;1205;785;80;1111111;A350-900|A321neo;509;1;0;1;0;1;0;513;66;615-90
7167;BA;BA055+BA1562;YUL;RAK;LHR;1275;690;75;1111111;Boeing 787-9|A319;407;1;0;1;0;0;0;468;70;395-220
7168;OS;OS1065+OS400;ATH;MLE;VIE;600;1150;480;1001001;Embraer 195|Boeing 787-9;448;1;0;1;0;0;0;524;81;135-535
7169;KL;KL1217+KL643;LYS;JFK;AMS;595;725;125;1111111;Boeing 737-800|A330-300;432;1;0;1;1;0;0;453;71;95-505
7170;AF;AF017+AF058;ABJ;YUL;CDG;1345;1215;345;1111111;Boeing 777-300ER|A330-200;522;1;1;1;1;1;1;678;77;395-475
7171;UA;UA1407+UA018;LAX;FRA;SFO;760;1085;320;1111111;A320|Boeing 777-300ER;671;1;0;1;1;0;1;649;74;80-685
7172;EI;EI603+EI1474;MIA;PRG;DUB;1175;920;280;1111111;A321XLR|A321neo;527;1;0;1;0;0;0;488;72;505-135
7173;LH;LH1207+LH1144;CPH;TLS;MUC;595;325;125;1011111;A321|A321;159;1;0;0;1;1;0;177;62;90-110
7174;AF;AF1141+AF020;CPH;RUN;CDG;540;1015;190;1111111;A220-300|Boeing 777-300ER;615;1;0;1;0;1;0;693;75;115-710
7175;BA;BA015+BA052;JNB;YUL;LHR;1300;1410;250;1111111;A350-1000|A350-1000;785;1;1;1;1;1;0;780;65;710-450
7176;BA;BA1461+BA018;BER;DXB;LHR;505;880;360;1111111;A320neo|Boeing 787-9;360;1;0;1;1;1;0;381;70;110-410
7177;QR;QR1217+QR024+BA113;MLE;JFK;DOH-LHR;840;2395;600-590;1111111;Boeing 787-8|Boeing 777-300ER|Boeing 787-9;775;1;1;1;1;0;0;866;70;280-445-480
7178;SN;SN1269+LH1091;CMN;FRA;BRU;785;315;60;1111111;A320|A320neo;203;1;0;0;0;0;0;200;66;200-55
7179;LH;LH437+LH1016;EZE;LYS;FRA;1190;1135;185;1111111;A350-900|A321;718;1;0;1;1;0;0;682;69;870-80
7180;TK;TK1077+TK022;FCO;DEL;IST;500;895;415;1111111;A320neo|Boeing 777-300ER;444;1;1;1;0;0;1;412;71;130-350
7181;LH;LH1204+OS404;MUC;HND;VIE;1050;905;65;1111111;A321|Boeing 787-9;591;1;0;1;0;0;0;535;68;55-785
7182;AZ;AZ111+AZ1118;GRU;TUN;FCO;1200;1155;355;1111111;A330-900neo|A321;550;1;0;1;0;0;0;573;85;720-80
7183;DL;DL1403+DL048;LAX;MXP;JFK;540;920;135;1111111;A350-900|Boeing 767-400ER;617;1;0;1;1;1;1;746;79;305-480
7184;TK;TK025+TK048;BKK;YUL;IST;110;1605;340;1111111;Boeing 787-9|A330-300;753;1;1;1;1;1;1;910;73;625-640
7185;LH;LH1015+LH436;LYS;EZE;FRA;590;1130;155;1111111;A320neo|A350-900;714;1;0;1;0;0;0;674;61;75-900
7186;TK;TK1080+AZ1016;IST;MRS;FCO;945;330;100;1111111;Boeing 737 MAX 8|A320neo;178;1;0;1;0;1;0;166;74;145-85
7187;AF;AF051+AF1092;MIA;BCN;CDG;1320;825;180;1111111;A350-900|A321;497;1;0;1;0;0;0;488;84;550-95
7188;LH;LH413+LH1062;BKK;BCN;FRA;605;1005;150;1111111;A340-600|A321;659;1;0;1;0;0;0;782;65;735-120
7189;LH;LH1199+LH1178;BRU;OPO;MUC;600;405;145;1111111;Embraer 190|A320neo;184;1;0;0;1;0;0;180;64;75-185
7190;UA;UA1404+TK045;SFO;IST;LAX;650;1375;480;1111111;Boeing 737 MAX 9|A350-900;736;1;0;1;1;1;1;646;71;75-820
7191;AF;AF1017+AF1164;MRS;IST;CDG;670;605;320;1111111;A321|A321;183;1;0;1;1;0;0;242;72;90-195
7192;AF;AF1171+AF040;RAK;HKG;CDG;625;1275;360;1111111;A318|A330-200;664;1;0;1;1;1;0;794;74;195-720
7193;AF;AF045+AF018;HND;JNB;CDG;145;1840;265;1111111;A330-200|A330-200;794;1;1;1;1;1;0;1199;74;905-670
7194;AF;AF1075+AF048;BER;MIA;CDG;555;815;90;1111111;A321|Boeing 777-300ER;564;1;0;1;0;0;0;565;83;100-625
7195;LX;LX617+LX1472;ICN;MXP;ZRH;585;965;90;1101010;A330-300|A220-300;647;1;0;1;0;0;0;585;69;830-45
7196;IB;IB519+IB500;EZE;DOH;MAD;1190;1340;175;1101111;A330-300|A330-200;717;1;1;1;0;1;0;1002;90;765-400
7197;KL;KL509+KL1222;ICN;MRS;AMS;595;1050;135;1111111;Boeing 777-300ER|Boeing 737-800;615;1;0;1;0;0;0;655;75;810-105
7198;AZ;AZ1092+OS1002;FCO;CDG;VIE;620;330;115;1111111;A220-100|A321;137;1;0;0;0;0;0;169;77;95-120
7199;AZ;AZ1078+LX1462;FCO;OPO;ZRH;535;425;170;1111111;A320neo|A321neo;195;1;0;1;0;0;0;161;76;90-165
7200;IB;IB1275+IB508;BCN;LAX;MAD;550;1065;215;1111111;A321XLR|A330-200;655;1;0;1;1;1;0;651;88;75-775
7201;EK;EK075+EK090;DUB;BKK;DXB;915;945;115;1111111;Boeing 777-300ER|A380-800;664;1;1;1;1;1;1;751;80;440-390
7202;AT;AT509+AT1276;YUL;DSS;CMN;1185;965;320;1111111;Boeing 787-9|Boeing 737 MAX 8;404;1;1;1;0;1;0;464;63;425-220
7203;IB;IB1355+IB1304;CMN;OPO;MAD;850;295;130;1111111;A320neo|A321neo;128;1;0;0;1;0;0;110;78;95-70
7204;MS;MS1443+MS614;ATH;JFK;CAI;595;975;120;1111111;A320neo|Boeing 787-9;462;1;1;1;0;1;0;585;64;110-745
7205;BA;BA1497+BA040;FCO;HND;LHR;700;1460;480;1111111;A319|Boeing 787-9;604;1;0;1;1;0;0;668;70;150-830
7206;BA;BA045+BA1422;MIA;MRS;LHR;1180;880;245;1111111;Boeing 787-9|A320neo;498;1;0;1;1;0;0;471;65;530-105
7207;LH;LH425+LH1118;LAX;TUN;FRA;1185;900;60;1111111;Boeing 747-8|A320neo;631;1;0;1;1;1;0;820;65;695-145
7208;AT;AT511+AT1222;GRU;LGW;CMN;1210;1030;255;1111111;Boeing 787-9|Boeing 737 MAX 8;517;1;1;1;0;0;0;551;63;580-195
7209;AA;AA066+BA1564;LAX;RAK;LHR;1095;1140;265;1111111;Boeing 777-200ER|A320neo;601;1;0;1;1;0;0;809;70;655-220
7210;KL;KL643+DL1412;AMS;LAX;JFK;815;1010;155;1111111;A330-300|Boeing 767-400ER;569;1;0;1;1;0;1;746;71;505-350
7211;LH;LH1019+LH1098;MRS;CPH;FRA;600;530;350;1111111;A320neo|A319;170;1;0;0;0;0;0;133;69;95-85
7212;IB;IB1229+IB1376;TLS;DSS;MAD;605;510;155;1111111;A321neo|A321neo;340;1;0;0;0;1;0;257;82;80-275
7213;TK;TK1137+LX1495;DOH;ZRH;IST;600;630;200;1111111;A320neo|A320neo;363;1;0;1;1;1;0;302;77;250-180
7214;MS;MS1459+MS1424;DXB;BCN;CAI;615;825;325;1111111;Boeing 737-800|A320neo;313;1;1;1;0;0;0;388;63;240-260
7215;LH;LH411+LH1062;DEL;BCN;FRA;620;900;265;1111111;Boeing 747-8|A321;442;1;0;1;0;0;0;567;65;515-120
7216;SN;SN501+SN1242;DSS;FCO;BRU;1290;770;300;0111111;A330-300|A320;378;1;0;1;0;0;0;408;71;355-115
7217;AZ;AZ107+AZ1012;LAX;NCE;FCO;1205;935;105;1111111;A350-900|A321;609;1;0;1;0;0;0;603;77;755-75
7218;LH;LH1199+LH1218;BRU;ATH;MUC;600;365;145;1111111;Embraer 190|Embraer 190;188;1;0;0;0;0;0;181;64;75-145
7219;AF;AF025+AF1036;DXB;NTE;CDG;260;600;90;1111111;A330-200|A220-300;408;1;0;1;1;0;0;372;75;445-65
7220;AZ;AZ1127+AZ116;CAI;HND;FCO;1060;1135;75;1111111;A320neo|A350-900;659;1;0;1;0;1;0;685;77;215-845
7221;QR;QR085+QR048;ICN;BCN;DOH;1120;1530;510;1111111;Boeing 777-300ER|A380-800;691;1;1;1;1;1;1;822;88;600-420
7222;EK;EK093+EK054;BKK;LIS;DXB;1235;1295;360;1111111;Boeing 777-300ER|A380-800;674;1;1;1;1;0;1;778;78;410-525
7223;TG;TG026+LX1468;BKK;FCO;ZRH;630;925;100;1111111;Boeing 777-300ER|A220-300;560;1;0;1;0;0;0;647;65;740-85
7224;LH;LH413+LH1106;BKK;PRG;FRA;605;860;65;1111111;A340-600|A320neo;591;1;0;1;1;1;0;707;65;735-60
7225;IB;IB503+IB1288;JFK;PMI;MAD;1110;655;155;1111111;A350-900|A321neo;434;1;0;1;1;1;0;360;79;430-70
7226;AF;AF067+AF1130;CUN;GVA;CDG;1215;785;115;1111111;A330-200|A321;548;1;0;1;1;0;0;575;75;610-60
7227;TP;TP205+SN1239;MIA;BRU;LIS;1190;915;260;1111111;A330-900neo|A320;543;1;0;1;0;1;0;502;61;495-160
7228;AF;AF1089+AF052;BCN;LAX;CDG;520;965;120;1111111;A220-300|Boeing 777-300ER;576;1;0;1;1;1;0;664;82;95-750
7229;QR;QR026+BA050;DOH;SFO;LHR;270;1445;290;1111111;A380-800|A350-1000;877;1;1;1;1;1;1;862;68;445-710
7230;LH;LH1011+LH1106;NCE;PRG;FRA;605;500;350;1111111;A319|A320neo;140;1;0;0;0;0;0;106;64;90-60
7231;QR;QR024+BA052;DOH;YUL;LHR;160;1170;275;1111111;Boeing 777-300ER|A350-1000;729;1;1;1;1;1;0;625;69;445-450
7232;AC;AC1215+AC028;FDF;BOD;YUL;855;830;110;1010101;A321|Boeing 787-9;493;1;0;1;0;0;1;592;72;305-415
7233;AF;AF057+AF1188;SFO;CAI;CDG;1220;1020;95;1111111;A330-200|A320;681;1;0;1;1;0;0;839;80;670-255
7234;BA;BA1415+JL019;LYS;HND;LHR;510;1150;220;1111111;A321neo|A350-1000;595;1;0;1;1;1;0;587;75;100-830
7235;LH;LH1001+LH1096;CDG;CPH;FRA;450;245;95;1111111;A319|A321;136;1;0;0;0;0;0;113;64;65-85
7236;BA;BA1439+AA053;AMS;MIA;LHR;750;770;100;1111111;A319|Boeing 777-300ER;533;1;0;1;1;1;0;499;69;65-605
7237;AC;AC034+LH418;YUL;ICN;FRA;1200;1780;605;1111111;Boeing 787-9|A340-600;673;1;1;1;0;1;0;958;64;440-735
7238;SK;SK1200+AF066;CPH;CUN;CDG;505;1045;235;1111111;A320neo|A330-200;577;1;0;1;1;1;0;618;74;115-695
7239;TK;TK1077+TK042;FCO;MIA;IST;500;1015;90;1111111;A320neo|A350-900;521;1;1;1;0;0;1;639;71;130-795
7240;LH;LH1187+LH442;MXP;BKK;MUC;590;1200;505;1111111;Embraer 190|A340-600;554;1;0;1;1;0;0;696;67;60-635
7241;AZ;AZ1021+AZ118;LHR;DEL;FCO;745;810;235;1111111;A321|A350-900;480;1;0;1;0;0;0;468;81;135-440
7242;TK;TK025+TK1122;BKK;TUN;IST;110;1130;330;1111111;Boeing 787-9|A321neo;554;1;1;1;0;1;1;522;73;625-175
7243;OS;OS1029+AI027;MUC;DEL;VIE;1050;560;90;1011101;A320|Boeing 777-300ER;413;1;0;1;1;0;0;396;72;55-415
7244;QR;QR024+BA1558;DOH;CMN;LHR;160;830;180;1111111;Boeing 777-300ER|A321neo;459;1;0;1;1;1;0;481;67;445-205
7245;AF;AF045+AF016;HND;ABJ;CDG;145;1585;275;1111111;A330-200|Boeing 777-300ER;792;1;1;1;1;1;0;950;74;905-405
7246;LX;LX619+SQ035;JFK;SIN;ZRH;1160;1755;545;1111111;Boeing 777-300ER|Boeing 787-10;924;1;1;1;1;1;1;973;67;475-735
7247;DL;DL015+DL1434;CDG;MEX;JFK;645;1055;260;1111111;A350-900|Boeing 757-200;552;1;0;1;1;1;1;628;79;500-295
7248;DL;DL1403+DL030;LAX;BER;JFK;540;940;155;1111111;A350-900|A350-900;606;1;0;1;1;1;1;616;78;305-480
7249;AF;AF023+AF1136;JFK;VIE;CDG;1290;765;220;1111111;A330-200|A321;460;1;0;1;0;1;0;483;76;440-105
7250;AZ;AZ1078+LX614;FCO;HND;ZRH;535;1415;500;1111111;A320neo|A330-300;682;1;0;1;0;1;0;681;69;90-825
7251;LX;LX1421+LX608;BOD;BKK;ZRH;800;990;245;0111011;A321neo|A330-300;667;1;0;1;0;0;0;653;69;90-655
7252;LH;LH1077+LH412;MXP;BKK;FRA;590;1215;495;1111111;Embraer 190|A340-600;571;1;0;1;0;0;0;722;61;70-650
7253;OS;OS1027+OS1034;MUC;MAD;VIE;605;405;160;1111111;A321|Embraer 195;163;1;0;0;0;1;0;180;72;55-190
7254;EK;EK1011+EK096;CAI;DPS;DXB;1040;1320;535;1111111;Boeing 777-300ER|A350-900;730;1;1;1;1;0;1;602;76;210-575
7255;LX;LX615+LX1458;HND;BCN;ZRH;590;1115;115;1111111;A330-300|A220-300;762;1;0;1;1;1;0;695;69;900-100
7256;UA;UA033+UA1404;SYD;LAX;SFO;715;1090;120;0010101;Boeing 787-10|Boeing 737 MAX 9;711;1;0;1;1;1;1;698;71;895-75
7257;TK;TK1034+TP1329;IST;OPO;LHR;900;550;170;1111111;A321neo|A321LR;297;1;0;1;0;1;0;276;60;245-135
7258;AF;AF1105+AF034;OPO;BKK;CDG;845;1090;290;1111111;A321|Boeing 787-9;641;1;0;1;0;0;0;639;76;120-680
7259;AA;AA1006+QF025;JFK;SYD;LAX;790;1705;410;1111111;Boeing 777-200ER|A330-300;919;1;0;1;1;1;1;1150;79;350-945
7260;NH;NH040+TG1212;HND;DPS;BKK;705;725;75;1111111;Boeing 777-300ER|A320neo;486;1;1;1;1;1;0;497;85;405-245
7261;LX;LX1464+AZ114;ZRH;HND;FCO;505;1135;205;1111111;A320neo|A330-900neo;641;1;0;1;0;1;0;598;68;85-845
7262;DL;DL034+AF1083;JFK;CDG;MAD;1265;660;120;1111111;A330-900neo|A220-300;438;1;0;1;1;1;0;404;79;430-110
7263;AF;AF033+AF066;BKK;CUN;CDG;115;1795;330;1111111;A350-900|A330-200;930;1;1;1;1;1;0;1050;74;770-695
7264;LH;LH1082+TG027;FRA;BKK;ZRH;1065;765;55;1111111;A321|Boeing 777-300ER;580;1;0;1;1;0;0;617;66;55-655
7265;AM;AM1000+DL050;MEX;ZRH;JFK;645;935;190;1111111;Boeing 737 MAX 8|A350-900;594;1;1;1;0;1;0;571;82;270-475
7266;AF;AF025+AF1076;DXB;BER;CDG;260;860;325;1111111;A330-200|A318;383;1;0;1;1;0;0;426;75;445-90
7267;AI;AI020+LX1439;DEL;ZRH;FRA;650;710;140;1111111;Boeing 777-300ER|A220-300;461;1;0;1;0;1;0;422;67;515-55
7268;AZ;AZ105+SN1245;MIA;BRU;FCO;1205;1015;275;1111111;A350-900|A319;496;1;0;1;0;0;0;572;72;615-125
7269;BA;BA174+BA1468;JFK;MAD;LHR;1190;715;165;1111111;A380-800|A319;390;1;0;1;1;0;0;539;72;420-130
7270;EK;EK101+EK080;ICN;TUN;DXB;1085;1445;480;1111111;A380-800|A380-800;651;1;1;1;1;1;1;835;76;575-390
7271;KL;KL527+KL1286;GRU;LIS;AMS;1160;1280;345;1111111;A330-300|Boeing 737-900;523;1;0;1;1;0;0;783;79;745-190
7272;AF;AF035+AF1012;BKK;NCE;CDG;750;930;75;1111111;Boeing 787-9|A320;582;1;0;1;1;0;0;585;84;770-85
7273;LH;LH437+LH1078;EZE;MXP;FRA;1190;1130;190;1111111;A350-900|A320neo;750;1;0;1;0;0;0;669;74;870-70
7274;AF;AF1105+AF1150;OPO;DUB;CDG;845;350;125;1111111;A321|A220-300;150;1;0;1;0;0;0;189;76;120-105
7275;AZ;AZ111+AZ1094;GRU;VIE;FCO;1200;1160;345;1111111;A330-900neo|A320neo;605;1;0;1;0;1;0;580;73;720-95
7276;KL;KL1311+KL510;GVA;HND;AMS;580;990;95;1111111;Embraer 195-E2|Boeing 787-10;614;1;0;1;1;0;0;566;78;90-805
7277;AF;AF1153+AF072;PRG;GRU;CDG;550;1035;190;1111111;A321|A350-900;614;1;0;1;1;0;0;599;76;100-745
7278;AZ;AZ119+AZ1102;DEL;ATH;FCO;620;895;285;1111111;A350-900|A320neo;404;1;0;1;1;1;0;415;80;505-105
7279;QR;QR077+QR068;BKK;RAK;DOH;1135;1455;520;1111111;Boeing 777-300ER|Boeing 777-300ER;744;1;1;1;1;1;1;720;83;435-500
7280;IB;IB1240+BA1546;MAD;PRG;LHR;500;500;270;1111111;A321neo|A320neo;175;1;0;0;0;0;0;192;74;125-105
7281;AC;AC042+LX1461;YUL;ZRH;LIS;1210;885;330;1111111;Boeing 777-300ER|A320neo;392;1;0;1;1;1;0;456;71;395-160
7282;IB;IB1315+IB506;MXP;MIA;MAD;550;900;170;1111111;A321XLR|A330-200;556;1;0;1;0;1;0;559;90;125-605
7283;TK;TK1105+TK1112;PRG;ATH;IST;605;495;275;1111111;Boeing 737 MAX 8|A321neo;169;1;1;1;0;1;1;172;73;140-80
7284;TG;TG1200+AI032;BKK;JFK;DEL;615;1535;350;1111111;A320neo|Boeing 787-8;756;1;1;1;0;1;0;840;76;255-930
7285;EK;EK083+EK096;ALG;DPS;DXB;905;1395;440;1111111;A380-800|A350-900;844;1;1;1;1;1;1;788;83;380-575
7286;AT;AT1200+QR017;CMN;DOH;CDG;600;715;160;1111111;Boeing 737 MAX 8|A380-800;365;1;1;1;0;1;0;501;69;180-375
7287;TP;TP1251+TP210;FRA;GRU;LIS;615;900;75;1011101;A321neo|A321LR;588;1;0;1;0;0;0;559;56;195-630
7288;AF;AF017+KL1201;ABJ;AMS;CDG;1345;540;85;1111111;Boeing 777-300ER|Boeing 737-800;433;1;0;1;0;0;0;359;78;395-60
7289;AZ;AZ1125+AZ1096;CAI;CPH;FCO;615;450;80;1111111;A220-100|A320neo;276;1;0;0;0;1;0;248;76;215-155
7290;KE;KE014+AF1048;ICN;LHR;CDG;610;1155;250;1111111;A330-300|A318;531;1;0;1;1;0;0;615;79;845-60
7291;AF;AF075+AF1028;EZE;TLS;CDG;1205;1055;130;0110101;A330-200|A321;651;1;0;1;1;0;0;782;75;840-85
7292;TG;TG018+LH1151;BKK;MUC;LHR;115;1225;350;1111111;Boeing 787-9|A321;570;1;0;1;1;1;0;617;65;780-95
7293;BA;BA1481+BA024;BCN;MLE;LHR;940;875;135;1111111;A320neo|A380-800;576;1;0;1;0;0;0;735;66;120-620
7294;NH;NH020+TK1039;HND;IST;LHR;730;1240;135;1111111;Boeing 787-9|A320neo;626;1;1;1;1;1;1;691;75;890-215
7295;AA;AA1037+AA040;MEX;MXP;JFK;620;1020;270;1111111;A321|Boeing 777-200ER;605;1;0;1;1;1;1;749;68;270-480
7296;LX;LX625+LX1476;SFO;VIE;ZRH;1175;855;80;1111111;A330-300|A321neo;724;1;0;1;0;0;0;660;67;700-75
7297;TP;TP1258+LH1167;LIS;MUC;MAD;510;380;170;1111111;A321neo|A321;181;1;0;0;1;0;0;193;62;70-140
7298;AF;AF1015+AF018;MRS;JNB;CDG;480;1025;265;1111111;A320|A330-200;531;1;0;1;1;1;0;633;77;90-670
7299;BA;BA112+BA1426;JFK;TLS;LHR;1000;835;320;1111111;Boeing 777-300ER|A320neo;435;1;0;1;1;1;0;434;71;420-95
7300;TP;TP1311+TP214;ORY;GRU;OPO;595;935;155;1010100;A320neo|A321LR;572;1;0;1;1;0;0;547;59;130-650
7301;LH;LH1109+LH1066;ATH;LIS;FRA;825;485;105;1111111;Embraer 190|A321;230;1;0;0;0;0;0;295;64;185-195
7302;AA;AA022+BA028;JFK;BKK;LHR;1375;1225;115;1111111;Boeing 777-300ER|A380-800;787;1;1;1;0;1;0;1076;65;420-690
7303;EK;EK071+EK100;VIE;ICN;DXB;910;1300;475;1111111;A350-900|A380-800;622;1;1;1;1;1;1;734;73;325-500
7304;KE;KE022+KL1275;ICN;AMS;MAD;600;1185;105;1111111;A380-800|Embraer 195-E2;546;1;0;1;0;0;0;868;76;940-140
7305;IB;IB1359+AA029;RAK;JFK;MAD;550;670;65;1111111;A320neo|Boeing 777-300ER;419;1;0;1;1;1;0;464;81;110-495
7306;AZ;AZ101+AZ1096;JFK;CPH;FCO;1115;970;305;1111111;A350-900|A320neo;436;1;0;1;0;1;0;478;83;510-155
7307;DL;DL1405+DL042;LAX;LIS;JFK;630;865;155;1111111;A330-900neo|A350-900;571;1;0;1;1;1;1;562;84;305-405
7308;IB;IB1327+IB508;GVA;LAX;MAD;625;990;100;1111111;A320neo|A330-200;657;1;0;1;1;1;0;695;88;115-775
7309;SN;SN1247+SN502;MXP;ABJ;BRU;550;640;130;0110110;A319|A330-300;371;1;0;1;0;0;0;400;67;90-420
7310;LH;LH1225+LH1204;CAI;VIE;MUC;815;350;60;1111111;Embraer 190|A321;219;1;0;0;0;0;0;245;68;235-55
7311;IB;IB1303+IB510;OPO;SFO;MAD;610;945;115;1111111;A320neo|A330-200;568;1;0;1;0;1;0;643;80;65-765
7312;KL;KL523+KL1286;MEX;LIS;AMS;1170;1090;220;1111111;Boeing 777-300ER|Boeing 737-900;566;1;0;1;1;0;0;746;73;680-190
7313;LX;LX1497+LX608;CMN;BKK;ZRH;805;985;140;1111111;A320neo|A330-300;742;1;0;1;0;1;0;728;67;190-655
7314;AA;AA056+IB1360;MIA;RAK;MAD;1195;855;215;1111111;Boeing 787-9|A321neo;514;1;0;1;1;0;0;477;77;525-115
7315;BA;BA043+BA1464;ICN;BER;LHR;600;1175;240;1111111;A350-1000|A319;527;1;0;1;0;0;0;580;79;835-100
7316;LX;LX1400+TP1203;ZRH;LIS;CDG;505;360;135;1111111;A220-300|A320neo;188;1;0;1;0;0;0;164;60;75-150
7317;BA;BA1499+BA024;FCO;MLE;LHR;930;885;115;1111111;A320neo|A380-800;512;1;0;1;0;0;0;760;66;150-620
7318;BA;BA1557+QF015;IST;SYD;LHR;1040;1690;190;1111111;A321neo|Boeing 787-9;943;1;0;1;1;1;0;1096;68;245-1255
7319;LH;LH1049+LH434;BER;GRU;FRA;605;980;135;1010101;A321|A350-900;598;1;0;1;1;0;0;578;63;70-775
7320;QR;QR045+QR078;BER;SIN;DOH;920;1370;550;0101010;Boeing 787-9|Boeing 777-300ER;651;1;1;1;1;1;1;643;90;340-480
7321;SN;SN1223+SN504;MUC;JFK;BRU;580;700;110;1111111;A319|A330-300;482;1;0;1;0;0;0;442;68;85-505
7322;BA;BA1405+BA1542;CDG;DUB;LHR;935;315;185;1111111;A319|A319;119;1;0;0;1;0;0;80;68;60-70
7323;LX;LX627+LX1436;YUL;FRA;ZRH;1165;545;40;1111111;A340-300|A321neo;502;1;0;1;0;0;0;472;76;450-55
7324;AF;AF041+AF1048;HKG;LHR;CDG;655;1050;180;1111111;A330-200|A318;569;1;0;1;1;0;0;658;76;810-60
7325;AA;AA1057+QR095;SFO;DOH;LAX;1095;1215;135;1111111;Boeing 737-800|Boeing 787-9;898;1;0;1;0;0;1;783;71;75-1005
7326;MS;MS1426+AC047;CAI;YUL;FCO;600;870;100;1111111;A220-300|Boeing 777-300ER;467;1;1;1;0;1;0;573;70;215-555
7327;TK;TK1034+TP1243;IST;LIS;LHR;900;495;90;1111111;A321neo|A320neo;290;1;0;1;0;1;0;272;61;245-160
7328;QR;QR077+QR098;BKK;YUL;DOH;1135;1920;645;1111111;Boeing 777-300ER|Boeing 777-300ER;852;1;1;1;1;1;1;1020;87;435-840
7329;NH;NH1205+AC069;ICN;YUL;HND;525;1375;480;1111111;Boeing 737-800|Boeing 777-300ER;755;1;1;1;1;0;1;797;69;115-780
7330;AF;AF051+AF1064;MIA;FRA;CDG;1320;805;190;1111111;A350-900|A220-300;523;1;0;1;0;1;0;440;84;550-65
7331;EI;EI1417+EI1456;LHR;FCO;DUB;510;465;225;1111111;A320neo|A320neo;177;1;0;0;0;1;0;165;75;70-170
7332;LH;LH1093+LH1098;VIE;CPH;FRA;610;520;345;1111111;A320neo|A319;130;1;0;0;0;0;0;120;68;90-85
7333;TK;TK1137+LH1113;DOH;FRA;IST;600;645;205;1111111;A320neo|A321;335;1;0;1;1;0;0;332;64;250-190
7334;JL;JL018+BA1488;HND;OPO;LHR;90;1115;90;1111111;A350-1000|A320neo;781;1;0;1;1;0;0;633;66;890-135
7335;TK;TK1025+TK036;BOD;HND;IST;840;1090;115;1110110;A320neo|A350-900;632;1;1;1;0;1;1;651;76;210-765
7336;AZ;AZ1015+AZ108;MRS;SFO;FCO;615;1030;145;1111111;A220-100|A330-900neo;603;1;0;1;0;0;0;600;79;75-810
7337;SK;SK203+SK1234;MIA;BCN;CPH;1145;905;140;0111111;A330-300|A321LR;555;1;0;1;1;1;0;629;78;585-180
7338;AZ;AZ1036+LH1106;FCO;PRG;FRA;850;255;90;1111111;A320neo|A320neo;131;1;0;0;0;0;0;115;65;105-60
7339;AF;AF1007+AF028;NCE;MLE;CDG;840;955;260;1111111;A321|A350-900;520;1;0;1;0;0;0;521;73;95-600
7340;AF;AF019+AF1154;JNB;PRG;CDG;1355;1085;310;1111111;A330-200|A318;577;1;0;1;1;0;0;653;72;685-90
7341;KL;KL505+KL1214;DEL;NCE;AMS;595;910;270;1111111;A330-300|Boeing 737-900;427;1;0;1;0;0;0;512;71;535-105
7342;QR;QR077+QR090;BKK;JFK;DOH;1135;1960;655;1111111;Boeing 777-300ER|Boeing 787-9;913;1;1;1;1;1;1;931;89;435-870
7343;TG;TG035+SQ1005;IST;SIN;BKK;1295;820;130;1111111;A350-900|Boeing 737 MAX 8;554;1;1;1;0;0;0;529;81;550-140
7344;BA;BA174+BA1426;JFK;TLS;LHR;1190;645;130;1111111;A380-800|A320neo;437;1;0;1;1;1;0;488;76;420-95
7345;KL;KL1281+KL504;BCN;DEL;AMS;945;680;85;1111111;Embraer 195-E2|A330-300;450;1;0;1;1;0;0;518;74;125-470
7346;AF;AF1029+AF1048;TLS;LHR;CDG;980;305;165;1111111;A321|A318;129;1;0;1;1;0;0;95;79;80-60
7347;AA;AA018+BA042;JFK;ICN;LHR;1205;1845;660;1111111;Boeing 787-9|A350-1000;719;1;1;1;1;0;0;786;66;420-765
7348;SK;SK201+SK1238;JFK;FCO;CPH;1150;885;260;1111111;A330-300|A320neo;456;1;0;1;1;1;0;506;72;470-155
7349;KL;KL531+KL1240;JNB;LHR;AMS;1320;920;150;1111111;Boeing 777-300ER|Boeing 737-900;630;1;0;1;1;0;0;623;72;705-65
7350;TK;TK1076+AZ106;IST;LAX;FCO;495;1285;310;1111111;A320neo|A350-900;652;1;1;1;1;0;0;672;76;145-830
7351;AF;AF1003+AF074;NCE;EZE;CDG;585;1150;185;1101010;A220-300|A330-200;706;1;0;1;0;0;0;780;74;95-870
7352;AZ;AZ1011+AZ1122;NCE;ALG;FCO;840;340;165;1111111;A320neo|A321;125;1;0;0;0;0;0;135;79;65-110
7353;BA;BA1515+BA028;GVA;BKK;LHR;505;1015;225;1111111;A320neo|A380-800;587;1;0;1;1;0;0;779;65;100-690
7354;AT;AT505+AT1204;JFK;ORY;CMN;1195;900;290;1111111;Boeing 787-8|Boeing 737 MAX 8;385;1;1;1;1;1;0;444;60;430-180
7355;BA;BA1433+BA040;BOD;HND;LHR;1045;1115;190;1111111;A320neo|Boeing 787-9;596;1;0;1;1;0;0;586;68;95-830
7356;LH;LH1069+LH416;OPO;HKG;FRA;830;945;100;1111111;A320neo|A340-600;662;1;0;1;0;0;0;795;64;155-690
7357;MS;MS1446+TK024;CAI;BKK;IST;535;765;85;1111111;A220-300|Boeing 787-9;441;1;1;1;0;1;0;516;68;130-550
7358;LH;LH447+LH1184;HND;FCO;MUC;605;1090;115;1111111;A350-900|A320neo;614;1;0;1;0;0;0;572;63;880-95
7359;TG;TG019+NH041;LHR;HND;BKK;805;1265;220;1111111;Boeing 787-9|Boeing 777-300ER;591;1;1;1;1;1;1;821;83;690-355
7360;AI;AI037+AI1402;YUL;DXB;DEL;845;1275;220;1111111;Boeing 787-8|A321neo;718;1;1;1;0;1;0;762;63;835-220
7361;IB;IB501+IB1252;DOH;AMS;MAD;430;785;185;1111111;A330-200|A320neo;416;1;0;1;1;0;0;469;83;460-140
7362;AZ;AZ119+AZ1050;DEL;BER;FCO;620;910;285;1111111;A350-900|A321;415;1;0;1;0;0;0;442;80;505-120
7363;AF;AF1041+AF070;LHR;FDF;CDG;490;890;250;1111111;A318|A350-900;466;1;0;1;1;0;0;410;75;55-585
7364;LH;LH1001+LH432;CDG;CUN;FRA;450;1095;305;1111111;A319|A350-900;581;1;0;1;0;1;0;515;63;65-725
7365;QR;QR016+AA055;DOH;MIA;CDG;425;1165;115;1111111;A380-800|Boeing 777-200ER;774;1;1;1;1;1;1;923;74;425-625
7366;KL;KL1243+KL1332;LHR;ATH;AMS;805;385;130;1111111;Boeing 737-800|Embraer 195-E2;232;1;0;0;1;0;0;184;72;60-195
7367;AF;AF043+AF1168;ICN;CMN;CDG;640;1130;95;1111111;A330-200|A220-300;700;1;0;1;0;1;0;710;77;845-190
7368;LX;LX1440+LH1146;ZRH;BOD;MUC;570;375;210;1010101;A220-300|A321;142;1;0;1;0;0;0;125;72;50-115
7369;LH;LH409+LH432;DXB;CUN;FRA;385;1340;200;1111111;A350-900|A350-900;715;1;1;1;0;1;0;734;63;415-725
7370;EK;EK031+EK088;LHR;JNB;DXB;985;1070;145;1111111;A350-900|A380-800;640;1;1;1;1;1;1;779;77;410-515
7371;TK;TK1133+TK1120;DXB;RAK;IST;610;835;260;1111111;A321neo|A320neo;426;1;1;1;0;1;1;434;71;270-305
7372;TK;TK025+TK1104;BKK;PRG;IST;110;900;120;1111111;Boeing 787-9|Boeing 737 MAX 8;529;1;1;1;1;1;1;535;72;625-155
7373;MS;MS615+MS606;JFK;DEL;CAI;1175;1335;345;1010100;Boeing 787-9|Boeing 777-300ER;627;1;1;1;0;0;0;778;71;655-335
7374;LH;LH1121+LH1102;ALG;DUB;FRA;825;345;75;1111111;A320neo|A320neo;211;1;0;0;0;1;0;195;70;150-120
7375;AT;AT505+AT1258;JFK;GVA;CMN;1195;885;285;1111111;Boeing 787-8|Boeing 737 MAX 8;418;1;1;1;0;1;0;440;68;430-170
7376;AA;AA1049+QR093;CUN;DOH;MIA;1095;1120;135;1111111;Boeing 737-800|Boeing 787-9;797;1;0;1;1;0;1;759;71;90-895
7377;BA;BA059+BA1534;GRU;CPH;LHR;1170;1000;175;1111111;A380-800|A320neo;609;1;0;1;1;1;0;789;72;725-100
7378;QR;QR024+BA1544;DOH;PRG;LHR;160;640;90;1111111;Boeing 777-300ER|A319;427;1;0;1;1;1;0;445;75;445-105
7379;LH;LH1039+LH432;AMS;CUN;FRA;525;1020;235;1111111;Embraer 190|A350-900;579;1;0;1;1;0;0;506;63;60-725
7380;AC;AC030+LX1501;YUL;GVA;LHR;1120;625;140;1111111;Boeing 787-9|A220-300;438;1;0;1;0;1;0;348;69;395-90
7381;BA;BA1477+BA042;BCN;ICN;LHR;485;1485;600;1111111;A321neo|A350-1000;606;1;0;1;1;0;0;580;66;120-765
7382;TK;TK039+OS1071;JFK;VIE;IST;1105;1060;340;1111111;A350-900|A320;500;1;0;1;0;1;0;561;76;590-130
7383;AI;AI018+AZ1033;DEL;FCO;AMS;660;910;250;1111111;A350-900|A220-100;413;1;0;1;0;1;0;456;68;535-125
7384;AZ;AZ1069+MS1429;LIS;CAI;FCO;610;590;235;1111111;A220-100|Boeing 737-800;310;1;0;1;0;0;0;296;67;165-190
7385;LX;LX1487+SQ035;PRG;SIN;ZRH;580;1255;440;1111111;A220-300|Boeing 787-10;691;1;0;1;0;1;0;606;67;80-735
7386;AA;AA041+AA1012;MXP;LAX;JFK;855;1000;105;1111111;Boeing 777-200ER|Boeing 777-200ER;648;1;0;1;1;0;1;845;72;545-350
7387;IB;IB1355+IB1218;CMN;NCE;MAD;850;385;190;1111111;A320neo|A321XLR;164;1;0;0;1;0;0;153;84;95-100
7388;QF;QF024+AA1060;SYD;CUN;LAX;745;1450;285;1111111;A330-300|A321;810;1;0;1;1;0;0;1056;71;900-265
7389;IB;IB1221+IB504;LYS;JFK;MAD;610;830;230;1111111;A321neo|A330-200;440;1;0;1;0;1;0;451;86;105-495
7390;IB;IB1229+IB506;TLS;MIA;MAD;605;845;160;1111111;A321neo|A330-200;474;1;0;1;0;1;0;507;84;80-605
7391;QF;QF020+CX028;SYD;MXP;HKG;915;2090;705;1101101;A330-300|A350-900;842;1;1;1;1;0;0;992;81;590-795
7392;LH;LH1180+AZ1010;MUC;NCE;FCO;510;405;235;1111111;A319|A320neo;109;1;0;0;1;1;0;112;72;95-75
7393;TP;TP205+TP1288;MIA;DUB;LIS;1190;950;295;1111111;A330-900neo|A320neo;464;1;0;1;0;1;0;475;59;495-160
7394;IB;IB1339+IB1354;DUB;CMN;MAD;600;290;50;1111111;A321neo|A320neo;202;1;0;0;1;1;0;195;78;140-100
7395;LH;LH419+LH1062;ICN;BCN;FRA;625;1105;175;1111111;A340-600|A321;586;1;0;1;0;0;0;748;62;810-120
7396;LX;LX1483+LX614;DUB;HND;ZRH;580;1310;365;1111111;A321neo|A330-300;742;1;0;1;0;1;0;727;65;120-825
7397;AF;AF1001+AF024;NCE;DXB;CDG;460;650;160;1111111;A318|A330-200;366;1;0;1;1;0;0;410;72;95-395
7398;LH;LH1181+LH450;FCO;JFK;MUC;520;840;195;1111111;A319|Boeing 747-8;443;1;0;1;0;1;0;557;61;95-550
7399;AA;AA050+JL034;JFK;BKK;HND;1355;1760;490;1111111;Boeing 777-300ER|Boeing 787-9;829;1;1;1;1;0;1;957;75;865-405
7400;QF;QF034+BA029;SYD;LHR;BKK;900;1585;200;1111111;Boeing 787-9|A380-800;880;1;1;1;1;1;0;1126;67;605-780
7401;SN;SN1243+SN1260;FCO;DUB;BRU;575;310;80;1111111;A320|A319;188;1;0;0;0;0;0;196;63;125-105
7402;AZ;AZ1117+AC047;TUN;YUL;FCO;625;785;150;1111111;A320neo|Boeing 777-300ER;501;1;0;1;1;1;0;477;76;80-555
7403;AF;AF1017+AF1070;MRS;MUC;CDG;670;285;110;1111111;A321|A318;124;1;0;1;1;0;0;133;72;90-85
7404;AT;AT1235+AT1276;MAD;DSS;CMN;545;525;205;1111111;Boeing 737 MAX 8|Boeing 737 MAX 8;267;1;1;1;0;0;0;227;63;100-220
7405;AI;AI014+LX1405;DEL;ZRH;CDG;640;810;195;1111111;Boeing 777-300ER|A321neo;429;1;0;1;0;1;0;467;70;550-65
7406;UA;UA018+LH1012;SFO;NCE;FRA;1160;895;115;1111111;Boeing 777-300ER|Embraer 190;689;1;0;1;1;0;0;666;67;685-95
7407;AZ;AZ1080+LX612;FCO;HKG;ZRH;835;1000;215;1111111;A321|A340-300;583;1;0;1;1;0;0;763;71;90-695
7408;DL;DL054+SK1238;JFK;FCO;CPH;1170;865;240;1111111;A330-900neo|A320neo;491;1;0;1;1;1;0;441;74;470-155
7409;AZ;AZ1042+LH448;FCO;ICN;MUC;850;1035;210;0101010;A320neo|A350-900;555;1;0;1;0;1;0;525;72;95-730
7410;EK;EK031+EK102;LHR;HND;DXB;985;1065;75;1111111;A350-900|A380-800;656;1;1;1;1;1;1;893;77;410-580
7411;AF;AF1037+AF1118;NTE;MXP;CDG;625;300;165;1111111;A220-300|A318;123;1;0;1;0;1;0;91;72;60-75
7412;AF;AF1141+AF068;CPH;PTP;CDG;540;875;180;1111111;A220-300|A350-900;513;1;0;1;1;0;0;454;77;115-580
7413;AH;AH103+AH1032;DOH;MAD;ALG;430;875;360;1100100;A330-900neo|Boeing 737-800;336;1;1;1;0;0;0;331;55;415-100
7414;AT;AT1234+IB1258;CMN;FRA;MAD;520;450;220;1111111;Boeing 737 MAX 8|A320neo;198;1;0;1;0;0;0;192;59;95-135
7415;LH;LH419+LH1046;ICN;MUC;FRA;625;965;100;1111111;A340-600|A320neo;528;1;0;1;0;1;0;664;62;810-55
7416;LH;LH1191+LH1218;ZRH;ATH;MUC;585;380;185;1111111;A320neo|Embraer 190;185;1;0;0;0;0;0;143;73;50-145
7417;LX;LX1407+LX1420;NCE;BOD;ZRH;590;330;160;0111011;A220-300|A321neo;124;1;0;1;1;0;0;101;76;65-105
7418;AC;AC1201+TK049;MIA;IST;YUL;840;915;135;1111111;A220-300|A330-300;632;1;0;1;1;0;1;652;70;210-570
7419;AC;AC1213+AC032;PTP;LHR;YUL;840;920;235;1111111;A321|Boeing 777-300ER;429;1;0;1;1;0;1;614;70;290-395
7420;LH;LH1097+LH1020;CPH;MRS;FRA;610;545;355;1111111;A321|A321;161;1;0;0;0;1;0;145;74;90-100
7421;SQ;SQ1002+TG028;SIN;CPH;BKK;475;925;80;1111111;Boeing 737 MAX 8|Boeing 787-9;655;1;1;1;0;1;1;591;86;140-705
7422;EK;EK097+EK062;DPS;MXP;DXB;1100;1375;370;1111111;A350-900|Boeing 777-300ER;817;1;1;1;1;1;1;715;74;600-405
7423;AA;AA030+IB1336;JFK;CPH;MAD;1300;810;190;1111111;Boeing 787-9|A320neo;435;1;0;1;1;1;0;453;72;430-190
7424;KL;KL1213+KL1324;NCE;DUB;AMS;815;340;135;1111111;Embraer 195-E2|Embraer 195-E2;160;1;0;0;0;0;0;145;72;105-100
7425;AF;AF009+AF1062;JFK;FRA;CDG;1125;765;260;1111111;A350-900|A318;417;1;0;1;1;0;0;363;71;440-65
7426;AC;AC1215+AC050;FDF;GVA;YUL;855;865;115;1010101;A321|Boeing 787-9;517;1;0;1;1;0;1;613;72;305-445
7427;DL;DL1433+DL020;MEX;NCE;JFK;590;995;245;1111111;A321neo|Boeing 767-400ER;617;1;0;1;1;0;1;705;90;270-480
7428;LH;LH441+LX1443;DEL;ZRH;MUC;610;740;185;0011011;Boeing 747-8|A320neo;422;1;0;1;1;1;0;463;65;500-55
7429;LH;LH1053+LH408;MAD;DXB;FRA;530;760;255;1111111;A319|A350-900;439;1;0;1;0;0;0;407;64;135-370
7430;TP;TP1202+AI015;LIS;DEL;CDG;720;885;260;1111111;A320neo|Boeing 777-300ER;486;1;0;1;0;1;0;550;65;140-485
7431;IB;IB1321+IB514;ZRH;CUN;MAD;540;960;150;1111111;A321XLR|A330-300;539;1;0;1;1;0;0;622;85;135-675
7432;NH;NH025+NH1202;MUC;HKG;HND;1155;1155;85;1111111;Boeing 787-9|Boeing 737-800;632;1;1;1;1;0;1;743;83;805-265
7433;KL;KL646+KL1288;JFK;OPO;AMS;1315;740;135;1111111;Boeing 787-10|Embraer 195-E2;433;1;0;1;1;1;0;426;71;440-165
7434;TP;TP1324+TG019;OPO;BKK;LHR;525;970;155;1111111;A320neo|Boeing 787-9;619;1;0;1;1;1;0;632;66;125-690
7435;TU;TU1211+TU1272;NCE;ABJ;TUN;595;530;120;1111111;A320neo|A319;332;1;1;1;0;0;0;371;58;95-315
7436;BA;BA1584+IB1301;LGW;MAD;LIS;825;455;225;1111111;A321neo|A321XLR;170;1;0;0;0;0;0;147;75;160-70
7437;QR;QR087+QR020;HND;NCE;DOH;1140;1465;380;1111101;Boeing 777-300ER|Boeing 777-300ER;661;1;1;1;1;1;1;828;90;695-390
7438;BA;BA047+BA1464;LAX;BER;LHR;1090;1105;350;1111111;Boeing 777-300ER|A319;586;1;0;1;0;0;0;665;71;655-100
7439;SN;SN1243+SN1240;FCO;OPO;BRU;575;375;95;1111111;A320|A320;176;1;0;0;0;0;0;265;64;125-155
7440;LH;LH1117+LH426;TUN;SFO;FRA;610;950;60;1111111;Embraer 190|A340-600;681;1;0;1;1;0;0;831;65;145-745
7441;JL;JL019+JL1002;LHR;HKG;HND;770;1445;350;1111111;A350-1000|Boeing 737-800;676;1;1;1;1;0;1;756;82;830-265
7442;AA;AA049+AT505;HND;CMN;JFK;1070;1395;155;1111111;Boeing 777-200ER|Boeing 787-8;779;1;1;1;1;1;0;1129;69;810-430
7443;LH;LH435+LH1102;GRU;DUB;FRA;1180;1190;325;1101010;A350-900|A320neo;601;1;0;1;1;1;0;626;62;745-120
7444;AA;AA022+BA018;JFK;DXB;LHR;1375;1090;260;1111111;Boeing 777-300ER|Boeing 787-9;639;1;1;1;0;1;0;660;70;420-410
7445;TP;TP201+TP1264;JFK;BCN;LIS;1095;655;150;1111111;A330-900neo|A321LR;447;1;0;1;0;1;0;379;64;405-100
7446;AZ;AZ109+AZ1032;SFO;AMS;FCO;1190;1030;150;1111111;A330-900neo|A220-100;610;1;0;1;0;1;0;658;78;745-135
7447;MS;MS611+MS1450;ICN;IST;CAI;610;1070;120;0010101;Boeing 787-9|A320neo;449;1;1;1;0;0;0;566;67;820-130
7448;AF;AF1085+KL1209;MAD;AMS;CDG;960;300;130;1111111;A320|Embraer 195-E2;167;1;0;1;0;0;0;140;69;110-60
7449;LA;LA035+LA026;JNB;JFK;GRU;100;1695;460;1111110;Boeing 777-300ER|Boeing 787-9;699;1;1;1;1;1;1;902;80;630-605
7450;BA;BA049+BA1512;LAX;ZRH;LHR;1290;905;155;1111111;A350-1000|A320neo;581;1;0;1;1;0;0;544;76;655-95
7451;TP;TP1254+LH448;LIS;ICN;MUC;825;1000;90;0101010;A321neo|A350-900;645;1;0;1;0;0;0;597;68;180-730
7452;LH;LH1033+LH1056;LHR;MAD;FRA;910;305;75;1111111;A321|A320neo;152;1;0;0;1;0;0;185;71;80-150
7453;TK;TK029+MS1451;SIN;CAI;IST;640;925;110;1111111;A330-300|A320neo;518;1;1;1;0;1;0;670;70;690-125
7454;AF;AF059+AF1116;YUL;MXP;CDG;1080;610;120;1111111;A330-200|A321;468;1;0;1;0;0;0;419;77;415-75
7455;BA;BA1469+BA042;MAD;ICN;LHR;630;1340;450;1111111;A319|A350-1000;583;1;0;1;1;0;0;608;66;125-765
7456;LH;LH1181+SQ027;FCO;SIN;MUC;520;1300;485;1111111;A319|A380-800;701;1;0;1;0;1;0;825;61;95-720
7457;UA;UA1401+UA034;LAX;DEL;SFO;405;1350;300;1111101;Boeing 737 MAX 9|Boeing 787-10;794;1;0;1;0;0;1;722;79;80-970
7458;IB;IB1317+IB1362;MXP;RAK;MAD;840;420;180;1111111;A320neo|A321XLR;207;1;0;0;1;0;0;186;84;125-115
7459;KL;KL519+KL1226;SFO;TLS;AMS;1175;885;115;1111111;Boeing 777-300ER|Embraer 195-E2;626;1;0;1;1;1;0;655;73;660-110
7460;KL;KL1319+KL1340;CPH;CAI;AMS;600;700;350;1111111;Embraer 195-E2|Boeing 737-900;293;1;0;0;1;0;0;316;78;90-260
7461;LX;LX1431+LX626;AMS;YUL;ZRH;510;810;220;1111111;A220-300|A340-300;454;1;0;1;1;1;0;499;68;80-510
7462;AZ;AZ1104+TK1134;FCO;DXB;IST;495;700;330;1111111;A321|Boeing 737 MAX 8;367;1;0;1;1;0;0;341;77;130-240
7463;DL;DL014+AF1134;JFK;VIE;CDG;1040;695;150;1111111;A350-900|A320;467;1;0;1;1;0;0;422;76;440-105
7464;NH;NH016+TK1009;HND;IST;CDG;710;1185;85;1111111;Boeing 787-9|A320neo;648;1;1;1;0;0;1;679;76;905-195
7465;AA;AA1035+JL025;MIA;HND;JFK;1260;1750;715;1111111;A321|Boeing 777-300ER;721;1;0;1;1;0;1;847;73;170-865
7466;BA;BA033+BA1426;SIN;TLS;LHR;85;1090;115;1111111;A350-1000|A320neo;673;1;0;1;1;1;0;668;75;880-95
7467;BA;BA031+BA1412;BKK;NCE;LHR;690;975;90;1111111;Boeing 777-300ER|A320neo;600;1;0;1;0;0;0;710;67;780-105
7468;AF;AF1097+AF020;LIS;RUN;CDG;540;955;105;1111111;A320|Boeing 777-300ER;579;1;0;1;0;0;0;756;75;140-710
7469;AM;AM024+KL1297;MEX;AMS;FCO;1230;1095;210;1111111;Boeing 787-8|Boeing 737-800;616;1;0;1;0;0;0;688;70;750-135
7470;NH;NH1209+TK035;ICN;IST;HND;1130;1290;315;1111111;Boeing 737-800|A330-300;581;1;1;1;0;0;1;703;71;115-860
7471;MS;MS1426+AZ108;CAI;SFO;FCO;600;1105;80;1111111;A220-300|A330-900neo;642;1;1;1;0;1;0;694;70;215-810
7472;BA;BA1479+BA018;BCN;DXB;LHR;715;670;140;1111111;A319|Boeing 787-9;430;1;0;1;1;0;0;415;70;120-410
7473;MS;MS1401+MS610;CDG;ICN;CAI;610;1205;230;0101010;A220-300|Boeing 787-9;513;1;1;1;1;1;0;676;63;255-720
7474;AA;AA052+BA028;MIA;BKK;LHR;1220;1380;160;1111111;Boeing 777-300ER|A380-800;821;1;1;1;1;1;0;1178;65;530-690
7475;TK;TK027+TK1082;BKK;FCO;IST;715;855;85;1111111;Boeing 777-300ER|A320neo;594;1;1;1;1;1;1;604;74;625-145
7476;LH;LH1081+LH430;ZRH;MEX;FRA;595;1030;180;1111111;A320neo|A340-600;666;1;0;1;0;1;0;738;65;55-795
7477;LH;LH457+LX1443;SFO;ZRH;MUC;1165;815;55;1101110;A340-600|A320neo;573;1;0;1;1;1;0;727;72;705-55
7478;KL;KL1233+KL1306;NTE;ZRH;AMS;590;310;140;1111111;Embraer 195-E2|Embraer 195-E2;131;1;0;0;0;0;0;112;73;90-80
7479;QR;QR046+IB1216;DOH;NCE;MAD;415;655;95;1111111;Boeing 777-300ER|A321neo;431;1;0;1;0;1;0;427;80;460-100
7480;LH;LH423+LH1122;MIA;CAI;FRA;1185;960;145;1111111;Boeing 747-8|Embraer 190;603;1;0;1;1;0;0;814;63;580-235
7481;SQ;SQ014+LH1003;SIN;FRA;CDG;70;1065;130;1111111;Boeing 787-10|Embraer 190;678;1;0;1;1;0;0;630;69;870-65
7482;QR;QR063+QR078;DUB;SIN;DOH;935;1295;390;1111111;A380-800|Boeing 777-300ER;742;1;1;1;1;1;1;827;91;425-480
7483;IB;IB1275+IB510;BCN;SFO;MAD;550;1065;225;1111111;A321XLR|A330-200;622;1;0;1;1;1;0;647;80;75-765
7484;BA;BA1547+BA024;PRG;MLE;LHR;810;1005;265;1111111;A320neo|A380-800;557;1;0;1;0;0;0;726;66;120-620
7485;KL;KL1289+KE019;OPO;ICN;AMS;830;970;80;1111111;Embraer 195-E2|Boeing 787-9;635;1;0;1;0;0;0;574;82;155-735
7486;BA;BA051+BA1442;SFO;AMS;LHR;1165;900;195;1111111;A350-1000|A321neo;547;1;0;1;0;1;0;502;72;645-60
7487;AZ;AZ101+AZ1028;JFK;AMS;FCO;1115;820;175;1111111;A350-900|A320neo;447;1;0;1;0;1;0;484;78;510-135
7488;AI;AI037+AI1408;YUL;BKK;DEL;845;1290;210;1111111;Boeing 787-8|A321neo;768;1;1;1;0;1;0;814;68;835-245
7489;AZ;AZ1097+AZ1058;CPH;MAD;FCO;830;505;205;1111111;A320neo|A320neo;180;1;0;0;0;0;0;215;75;155-145
7490;TK;TK024+SQ1003;IST;SIN;BKK;810;1015;325;1111111;Boeing 787-9|Boeing 737 MAX 8;573;1;1;1;0;0;1;529;75;550-140
7491;AC;AC1203+AC046;LAX;FCO;YUL;625;905;110;1111111;Boeing 787-9|Boeing 777-300ER;604;1;0;1;1;0;1;695;65;305-490
7492;AF;AF1019+AF1188;MRS;CAI;CDG;855;485;140;1111111;A318|A320;270;1;0;1;1;0;0;322;80;90-255
7493;AZ;AZ1107+AZ1048;IST;BER;FCO;745;335;70;1111111;A220-100|A320neo;171;1;0;0;0;0;0;214;74;145-120
7494;DL;DL026+KL1326;JFK;PRG;AMS;1055;700;175;1111111;A330-900neo|Boeing 737-800;463;1;0;1;1;0;0;390;80;440-85
7495;IB;IB501+IB1210;DOH;ORY;MAD;430;635;70;1111111;A330-200|A321XLR;391;1;0;1;1;1;0;433;83;460-105
7496;LH;LH1195+NH025;GVA;HND;MUC;585;1375;500;1111111;A319|Boeing 787-9;660;1;0;1;1;0;0;560;61;70-805
7497;LX;LX629+LX1484;GRU;DUB;ZRH;1170;1200;335;0011011;A330-300|A220-300;689;1;0;1;0;1;0;728;66;730-135
7498;AF;AF1175+AF056;TUN;SFO;CDG;535;1050;165;1111111;A321|A330-200;687;1;0;1;1;1;0;731;73;150-735
7499;TU;TU1245+TU1270;FCO;DSS;TUN;595;545;145;1111111;A320neo|A320neo;308;1;1;1;0;1;0;294;56;80-320
7500;EK;EK095+EK082;SIN;ALG;DXB;1100;1420;500;1111111;A350-900|A380-800;751;1;1;1;1;1;1;698;75;480-440
7501;LX;LX613+SN1255;HKG;BRU;ZRH;590;915;55;1111111;A340-300|A319;663;1;0;1;1;0;0;742;74;785-75
7502;IB;IB1307+IB516;FCO;GRU;MAD;505;995;185;1111111;A321neo|A330-300;598;1;0;1;0;0;0;656;79;145-665
7503;AF;AF037+AF1016;SIN;MRS;CDG;125;1065;110;1111111;A330-200|A321;664;1;0;1;1;0;0;762;74;870-85
7504;LH;LH1064+TP1308;FRA;ABJ;LIS;600;605;105;1111111;A320neo|A320neo;364;1;0;0;1;1;0;379;60;195-305
7505;BA;BA1567+BA040;CAI;HND;LHR;600;1620;485;1111111;A321neo|Boeing 787-9;601;1;0;1;1;0;0;761;66;305-830
7506;KL;KL642+KL1216;JFK;LYS;AMS;1050;705;170;1111111;Boeing 777-300ER|Boeing 737-800;475;1;0;1;0;0;0;453;69;440-95
7507;AA;AA029+AA1010;MAD;LAX;JFK;725;1005;160;1111111;Boeing 777-300ER|Boeing 787-9;565;1;0;1;1;1;1;642;74;495-350
7508;QR;QR089+QR050;SYD;LIS;DOH;1220;1565;95;1111111;A350-1000|A350-1000;1130;1;1;1;1;0;1;993;82;975-495
7509;AA;AA052+QR027;MIA;DOH;LHR;1220;1020;95;1111111;Boeing 777-300ER|A380-800;683;1;1;1;1;1;1;854;76;530-395
7510;KL;KL1202+AF032;AMS;BKK;CDG;620;865;120;1111111;Embraer 195-E2|A350-900;576;1;0;1;0;1;0;549;76;65-680
7511;KL;KL511+KL520;HND;YUL;AMS;75;1695;350;1111111;Boeing 787-10|Boeing 777-300ER;666;1;1;1;1;0;0;866;72;870-475
7512;IB;IB519+IB1234;EZE;BOD;MAD;1190;1155;315;1101111;A330-300|A321XLR;641;1;0;1;1;0;0;701;84;765-75
7513;BA;BA033+BA056;SIN;MEX;LHR;85;1950;325;1111111;A350-1000|A350-1000;875;1;1;1;1;1;0;1080;75;880-745
7514;AA;AA014+BA1562;JFK;RAK;LHR;1060;905;265;1111111;Boeing 777-200ER|A319;466;1;0;1;0;0;0;598;70;420-220
7515;LH;LH1070+AZ1054;FRA;MAD;FCO;530;350;105;1111111;A319|A321;154;1;0;0;1;0;0;229;61;100-145
7516;AF;AF053+AF1008;LAX;NCE;CDG;1110;855;95;1111111;Boeing 777-300ER|A318;614;1;0;1;1;0;0;661;77;675-85
7517;AF;AF1033+AF020;BOD;RUN;CDG;630;925;140;1111111;A321|Boeing 777-300ER;577;1;0;1;0;0;0;662;75;75-710
7518;TK;TK1126+MS602;IST;ABJ;CAI;530;720;210;1111101;A321neo|Boeing 777-300ER;377;1;1;1;1;1;1;406;63;125-385
7519;QR;QR1205+QR086;VIE;HND;DOH;835;1560;650;1111111;A350-1000|Boeing 777-300ER;684;1;1;1;0;0;1;803;83;305-605
7520;SN;SN1219+SN1258;FRA;CPH;BRU;555;320;170;1111111;A319|A319;112;1;0;0;0;0;0;106;69;60-90
7521;SN;SN1201+SN1260;NCE;DUB;BRU;555;330;130;1111111;A320|A319;162;1;0;0;0;0;0;161;63;95-105
7522;LH;LH1182+MS1429;MUC;CAI;FCO;810;450;165;1111111;Embraer 190|Boeing 737-800;234;1;0;1;1;0;0;245;67;95-190
7523;LX;LX1525+LX1522;FCO;OPO;GVA;590;365;130;1111111;A321neo|A220-300;210;1;0;1;1;1;0;168;69;95-140
7524;KL;KL1327+KL518;PRG;SFO;AMS;575;960;145;1111111;Boeing 737-800|Boeing 777-300ER;616;1;0;1;0;0;0;642;72;95-720
7525;IB;IB1269+IB506;BER;MIA;MAD;600;850;55;1111111;A320neo|A330-200;532;1;0;1;0;1;0;586;90;190-605
7526;LX;LX1407+LX600;NCE;JNB;ZRH;590;860;145;1011111;A220-300|A340-300;608;1;0;1;0;0;0;666;78;65-650
7527;EK;EK019+EK098;CDG;HKG;DXB;1200;950;115;1111111;Boeing 777-300ER|A350-900;612;1;1;1;1;1;1;664;77;395-440
7528;BA;BA033+BA1436;SIN;AMS;LHR;85;1045;105;1111111;A350-1000|A321neo;622;1;0;1;1;1;0;625;68;880-60
7529;AF;AF1171+AF038;RAK;SIN;CDG;625;1445;485;1111111;A318|Boeing 777-300ER;716;1;0;1;0;1;0;867;74;195-765
7530;TK;TK047+TK026;SFO;BKK;IST;1200;1435;80;1111111;A330-300|Boeing 777-300ER;701;1;1;1;1;1;1;1188;70;805-550
7531;KE;KE014+AF1114;ICN;FCO;CDG;610;1185;230;1111111;A330-300|A220-300;596;1;0;1;1;1;0;673;78;845-110
7532;IB;IB1225+IB504;MRS;JFK;MAD;630;810;210;1111111;A321neo|A330-200;451;1;0;1;1;1;0;442;82;105-495
7533;AF;AF023+AF1026;JFK;TLS;CDG;1290;630;105;1111111;A330-200|A320;452;1;0;1;1;0;0;440;76;440-85
7534;LX;LX1407+LX1498;NCE;CAI;ZRH;590;445;160;1111111;A220-300|A220-300;267;1;0;1;0;0;0;221;78;65-220
7535;TK;TK015+TK1136;DSS;DOH;IST;1335;760;135;1111111;A330-300|A320neo;450;1;1;1;1;0;1;529;77;405-220
7536;IB;IB1289+IB1360;PMI;RAK;MAD;625;345;150;1111111;A321neo|A321neo;156;1;0;0;1;0;0;135;83;80-115
7537;KL;KL1265+KL1340;BER;CAI;AMS;835;465;120;1111111;Boeing 737-800|Boeing 737-900;279;1;0;0;1;0;0;322;75;85-260
7538;SN;SN1231+SN1260;MAD;DUB;BRU;560;325;90;1111111;A320|A319;165;1;0;0;0;0;0;210;63;130-105
7539;EK;EK101+EK054;ICN;LIS;DXB;1085;1565;465;1111111;A380-800|A380-800;682;1;1;1;1;0;1;962;78;575-525
7540;SQ;SQ026+LH1218;SIN;ATH;MUC;145;1240;275;1111111;A380-800|Embraer 190;628;1;0;1;0;0;0;873;73;820-145
7541;AM;AM018+KL1222;MEX;MRS;AMS;1205;980;195;1111111;Boeing 787-9|Boeing 737-800;607;1;0;1;1;0;0;601;80;680-105
7542;MS;MS1419+MS612;MAD;HND;CAI;600;1320;250;1111111;A220-300|Boeing 787-9;583;1;1;1;0;0;0;747;64;260-810
7543;AZ;AZ1005+AZ1102;CDG;ATH;FCO;950;295;80;1111111;A320neo|A320neo;190;1;0;0;1;1;0;184;75;110-105
7544;TG;TG014+LX1403;BKK;ZRH;CDG;100;1135;300;1111111;Boeing 787-9|A320neo;616;1;0;1;0;1;0;556;74;770-65
7545;LH;LH437+LH1020;EZE;MRS;FRA;1190;1165;195;1111111;A350-900|A321;729;1;0;1;1;0;0;706;74;870-100
7546;AF;AF017+AF1040;ABJ;LHR;CDG;1345;580;125;1111111;Boeing 777-300ER|A318;374;1;0;1;1;0;0;353;73;395-60
7547;KL;KL1293+KL502;FCO;DXB;AMS;705;815;290;1111111;Embraer 195-E2|Boeing 777-300ER;351;1;0;1;0;1;0;445;69;135-390
7548;BA;BA112+BA1554;JFK;IST;LHR;1000;935;300;1111111;Boeing 777-300ER|A320neo;518;1;0;1;1;0;0;527;71;420-215
7549;LH;LH1203+LH450;VIE;JFK;MUC;600;760;145;1111111;A320neo|Boeing 747-8;462;1;0;1;1;1;0;514;69;65-550
7550;AZ;AZ1018+AC031;FCO;YUL;LHR;510;730;130;1111111;A320neo|Boeing 787-9;451;1;0;1;1;1;0;406;68;150-450
7551;BA;BA029+BA1562;BKK;RAK;LHR;85;1160;160;1111111;A380-800|A319;685;1;0;1;0;0;0;899;67;780-220
7552;IB;IB1273+IB508;BCN;LAX;MAD;430;1185;335;1111111;A321neo|A330-200;620;1;0;1;0;1;0;651;88;75-775
7553;JL;JL024+AA1042;HND;CUN;JFK;1015;1145;110;1111111;Boeing 777-300ER|Boeing 737-800;824;1;0;1;1;0;1;907;81;810-225
7554;UA;UA022+LX604;SFO;MLE;ZRH;1150;1440;170;1001001;Boeing 777-300ER|Boeing 777-300ER;896;1;1;1;1;1;0;1117;67;700-570
7555;AT;AT511+AT1272;GRU;TUN;CMN;1210;980;245;1111111;Boeing 787-9|Boeing 737-800;521;1;1;1;0;0;0;545;70;580-155
7556;LH;LH1173+LH442;BCN;BKK;MUC;830;960;215;1111111;A320neo|A340-600;578;1;0;1;0;1;0;750;64;110-635
7557;LX;LX627+LX1486;YUL;PRG;ZRH;1165;565;45;1111111;A340-300|A220-300;476;1;0;1;0;0;0;491;72;450-70
7558;AF;AF1181+AF1070;ALG;MUC;CDG;550;405;185;1111111;A318|A318;169;1;0;1;1;0;0;205;75;135-85
7559;BA;BA1477+BA016;BCN;DXB;LHR;485;610;80;1111111;A321neo|A350-1000;410;1;0;1;0;1;0;397;67;120-410
7560;LH;LH421+LH1042;HND;AMS;FRA;610;1050;105;1111111;A340-600|A321;614;1;0;1;0;0;0;736;66;880-65
7561;QR;QR075+QR016;JNB;CDG;DOH;1155;1075;160;1101010;Boeing 777-300ER|A380-800;647;1;1;1;1;1;1;777;89;490-425
7562;AF;AF1147+AF014;DUB;DSS;CDG;565;565;110;1111111;A321|A330-200;351;1;0;1;1;0;0;353;73;95-360
7563;BA;BA1533+BA058;CPH;GRU;LHR;520;1105;250;1111111;A319|A380-800;687;1;0;1;1;1;0;805;73;110-745
7564;AM;AM018+KL1324;MEX;DUB;AMS;1205;970;190;1111111;Boeing 787-9|Embraer 195-E2;577;1;0;1;0;0;0;566;80;680-100
7565;BA;BA045+BA014;MIA;JNB;LHR;1180;1460;235;1111111;Boeing 787-9|A350-1000;777;1;1;1;1;1;0;884;65;530-695
7566;AF;AF063+AF018;YUL;JNB;CDG;1335;1250;165;1111111;A350-900|A330-200;762;1;1;1;1;1;0;870;77;415-670
7567;LX;LX622+UA1415;ZRH;SFO;LAX;790;1055;195;1111111;A340-300|A320;666;1;0;1;0;0;1;767;70;780-80
7568;EK;EK1021+EK1010;DOH;CAI;DXB;815;415;115;1111111;Boeing 777-300ER|Boeing 777-300ER;218;1;1;1;1;0;1;231;75;60-240
7569;MS;MS1419+MS610;MAD;ICN;CAI;600;1215;235;0101010;A220-300|Boeing 787-9;588;1;1;1;0;0;0;685;63;260-720
7570;BA;BA015+BA1540;JNB;DUB;LHR;1300;1140;360;1111111;A350-1000|A321neo;650;1;0;1;0;1;0;533;65;710-70
7571;DL;DL1433+SK201;MEX;CPH;JFK;590;970;230;1111111;A321neo|A330-300;627;1;0;1;1;0;1;628;72;270-470
7572;TK;TK1073+NH027;LIS;HND;IST;1080;1735;720;1111111;A321neo|Boeing 777-300ER;732;1;1;1;1;0;1;798;77;250-765
7573;AT;AT1281+AT1274;RAK;CAI;CMN;625;510;180;1111111;Boeing 737 MAX 8|Boeing 737-800;310;1;1;1;0;1;0;312;60;45-285
7574;AZ;AZ1040+LH442;FCO;BKK;MUC;535;1255;525;1111111;A220-100|A340-600;589;1;0;1;0;1;0;719;67;95-635
7575;KL;KL1201+KL528;CDG;EZE;AMS;445;1275;315;0111011;Boeing 737-800|Boeing 787-10;706;1;0;1;0;0;0;666;75;60-900
7576;EK;EK021+EK098;NCE;HKG;DXB;895;1255;450;1111111;Boeing 777-300ER|A350-900;611;1;1;1;1;1;1;634;77;365-440
7577;QF;QF022+EK103;SYD;DXB;HND;900;1410;125;1111111;A330-300|A380-800;669;1;1;1;1;1;1;1101;72;615-670
7578;TK;TK1109+NH027;ATH;HND;IST;520;975;135;1111111;Boeing 737 MAX 8|Boeing 777-300ER;621;1;1;1;1;1;1;629;82;75-765
7579;AF;AF1119+AF1188;MXP;CAI;CDG;860;480;140;1111111;A318|A320;264;1;0;1;1;0;0;317;80;85-255
7580;LH;LH1045+LH434;MUC;GRU;FRA;580;1005;175;1010101;Embraer 190|A350-900;624;1;0;1;0;0;0;565;63;55-775
7581;AF;AF1175+AF036;TUN;SIN;CDG;535;1045;130;1111111;A321|A330-200;648;1;0;1;0;1;0;846;73;150-765
7582;AF;AF1147+AF036;DUB;SIN;CDG;565;955;95;1111111;A321|A330-200;712;1;0;1;0;0;0;776;73;95-765
7583;TP;TP206+UA032;LIS;SYD;SFO;820;1955;265;0101010;A321LR|Boeing 787-10;943;1;1;1;1;1;1;1150;59;750-940
7584;QR;QR046+IB504;DOH;JFK;MAD;415;1145;190;1111111;Boeing 777-300ER|A330-200;681;1;1;1;1;1;0;721;80;460-495
7585;KL;KL509+KL1266;ICN;BER;AMS;595;1100;215;1111111;Boeing 777-300ER|Embraer 195-E2;546;1;0;1;0;1;0;606;71;810-75
7586;LX;LX1463+LX1404;OPO;CDG;ZRH;800;325;105;1111111;A321neo|A321neo;190;1;0;1;0;1;0;143;73;145-75
7587;AF;AF1183+AF1048;ALG;LHR;CDG;860;425;230;1111111;A220-300|A318;190;1;0;1;0;0;0;150;75;135-60
7588;LX;LX609+LX1446;BKK;BER;ZRH;605;870;45;1111111;A330-300|A321neo;634;1;0;1;0;1;0;643;70;740-85
7589;BA;BA1489+BA1510;OPO;ZRH;LHR;510;405;185;1111111;A320neo|A319;170;1;0;0;1;1;0;188;66;125-95
7590;AF;AF043+AF1010;ICN;NCE;CDG;640;1035;105;1111111;A330-200|A220-300;630;1;0;1;0;1;0;639;77;845-85
7591;TP;TP1285+TP1300;VIE;RAK;LIS;820;465;145;1111111;A321LR|A321neo;246;1;0;0;1;1;0;222;61;230-90
7592;AF;AF053+AF1160;LAX;ATH;CDG;1110;1065;205;1111111;Boeing 777-300ER|A320;634;1;0;1;1;1;0;760;79;675-185
7593;TP;TP1271+TP204;FCO;MIA;LIS;610;840;80;1111111;A320neo|A330-900neo;513;1;0;1;0;1;0;488;57;190-570
7594;BA;BA1403+BA058;CDG;GRU;LHR;715;910;105;1111111;A321neo|A380-800;642;1;0;1;1;0;0;736;77;60-745
7595;AA;AA068+BA020;LAX;DXB;LHR;1295;1285;220;1111111;Boeing 777-300ER|A380-800;757;1;1;1;1;0;0;980;72;655-410
7596;BA;BA1466+IB510;LHR;SFO;MAD;465;1090;195;1111111;A321neo|A330-200;551;1;0;1;1;0;0;711;75;130-765
7597;IB;IB519+BA1471;EZE;LHR;MAD;1190;970;80;1101111;A330-300|A320neo;688;1;0;1;1;1;0;760;73;765-125
7598;LH;LH1211+NH025;DUB;HND;MUC;580;1320;385;1111111;Embraer 190|Boeing 787-9;595;1;0;1;1;1;0;649;70;130-805
7599;EK;EK067+EK094;GVA;SIN;DXB;910;1255;430;1111111;Boeing 777-300ER|A350-900;684;1;1;1;1;1;1;639;74;370-455
7600;BA;BA017+BA117;DXB;JFK;LHR;190;1150;205;1111111;A350-1000|Boeing 777-300ER;665;1;1;1;0;1;0;660;72;465-480
7601;AZ;AZ1097+AZ1066;CPH;BCN;FCO;830;460;205;1111111;A320neo|A321;163;1;0;0;0;0;0;188;83;155-100
7602;QR;QR043+QR076;MUC;BKK;DOH;945;1270;525;0111011;A380-800|Boeing 777-300ER;610;1;1;1;1;1;1;665;86;330-415
7603;KE;KE045+KE024;DPS;BCN;ICN;895;2005;670;1111111;Boeing 777-300ER|Boeing 787-9;739;1;1;1;0;1;1;866;78;425-910
7604;LX;LX1439+LX608;FRA;BKK;ZRH;1035;755;45;1111111;A220-300|A330-300;639;1;0;1;0;1;0;612;67;55-655
7605;MS;MS603+MS1408;ABJ;AMS;CAI;1320;890;235;1111110;Boeing 777-300ER|Boeing 737-800;350;1;1;1;0;0;0;563;64;370-285
7606;OS;OS1055+AI027;GVA;DEL;VIE;830;780;275;1011101;A321|Boeing 777-300ER;472;1;0;1;0;0;0;442;75;90-415
7607;UA;UA1409+UA016;LAX;LHR;SFO;855;940;215;1111111;Boeing 737 MAX 9|Boeing 767-300ER;621;1;0;1;1;1;1;690;75;80-645
7608;AF;AF031+AF1106;DEL;OPO;CDG;635;930;250;1111111;Boeing 777-300ER|A318;542;1;0;1;1;0;0;550;73;550-130
7609;SK;SK205+SK1246;LAX;ZRH;CPH;1165;875;90;0111111;A330-300|A321LR;598;1;0;1;1;0;0;667;77;680-105
7610;EK;EK1011+EK122;CAI;GRU;DXB;1040;1750;580;1111111;Boeing 777-300ER|A350-900;804;1;1;1;1;0;1;860;74;210-960
7611;AA;AA016+BA024;JFK;MLE;LHR;1140;1755;715;1111111;Boeing 777-300ER|A380-800;830;1;1;1;0;0;1;998;66;420-620
7612;AF;AF015+KL1201+KL1216;DSS;LYS;CDG-AMS;1330;725;155-75;1111111;A330-200|Boeing 737-800|Boeing 737-800;332;1;0;1;0;0;0;387;76;340-60-95
7613;LH;LH1089+LH434;BRU;GRU;FRA;595;990;160;1010101;Embraer 190|A350-900;613;1;0;1;1;1;0;565;63;55-775
7614;UA;UA020+LH1158;SFO;AMS;MUC;1155;955;160;1111111;Boeing 787-10|A321;589;1;0;1;0;0;0;582;70;705-90
7615;TK;TK1109+TK018;ATH;JNB;IST;520;845;180;1111111;Boeing 737 MAX 8|A330-300;479;1;1;1;1;0;1;534;73;75-590
7616;IB;IB1215+IB500;NCE;DOH;MAD;550;780;270;1111111;A320neo|A330-200;370;1;0;1;0;0;0;427;89;110-400
7617;AF;AF041+AF1132;HKG;GVA;CDG;655;980;110;1111111;A330-200|A318;621;1;0;1;1;0;0;664;75;810-60
7618;LX;LX1461+LX604;LIS;MLE;ZRH;795;835;105;1110110;A320neo|Boeing 777-300ER;685;1;0;1;1;1;0;623;67;160-570
7619;KL;KL1200+AF064;AMS;MEX;CDG;460;1165;330;1111111;Boeing 737-800|A330-200;575;1;0;1;1;0;0;638;79;65-770
7620;BA;BA1471+QR031;MAD;DOH;LHR;835;615;95;1111111;A320neo|Boeing 787-9;398;1;0;1;1;0;0;391;73;125-395
7621;IB;IB1349+IB1290;IST;PMI;MAD;620;640;320;1111111;A320neo|A321XLR;227;1;0;0;1;1;0;227;78;250-70
7622;AF;AF013+AF1160;JFK;ATH;CDG;1375;980;355;1111111;Boeing 777-300ER|A320;505;1;0;1;0;1;0;548;75;440-185
7623;LH;LH1053+LH420;MAD;HND;FRA;530;1425;485;1111111;A319|A340-600;657;1;0;1;1;0;0;842;64;135-805
7624;DL;DL1427+DL056;YUL;DUB;JFK;700;850;385;1111111;Boeing 757-200|A350-900;380;1;0;1;1;0;1;340;77;75-390
7625;DL;DL1427+KL642;YUL;AMS;JFK;700;790;275;1111111;Boeing 757-200|Boeing 777-300ER;432;1;0;1;1;0;1;442;69;75-440
7626;EK;EK073+EK106;CPH;SYD;DXB;915;1705;435;1111111;A380-800|A380-800;969;1;1;1;1;1;1;1261;75;370-900
7627;LH;LH1064+TP1298;FRA;RAK;LIS;600;385;100;1111111;A320neo|A320neo;207;1;0;0;1;1;0;193;64;195-90
7628;TK;TK021+MS1451;MLE;CAI;IST;640;745;110;1111111;Boeing 787-9|A320neo;393;1;1;1;1;1;0;437;70;510-125
7629;AF;AF1097+AF1160;LIS;ATH;CDG;540;675;350;1111111;A320|A320;256;1;0;1;1;0;0;316;79;140-185
7630;KL;KL525+KL1234;CUN;NTE;AMS;1160;1075;360;1111111;A330-300|Boeing 737-900;554;1;0;1;1;1;0;612;68;615-100
7631;BA;BA1559+BA1404;CMN;CDG;LHR;585;460;210;1111111;A321neo|A319;190;1;0;0;0;0;0;175;71;195-55
7632;KL;KL1225+KL1340;TLS;CAI;AMS;595;705;340;1111111;Boeing 737-800|Boeing 737-900;291;1;0;0;1;0;0;363;79;105-260
7633;AF;AF011+AF1016;JFK;MRS;CDG;1220;630;105;1111111;Boeing 787-9|A321;452;1;0;1;1;0;0;384;77;440-85
7634;SN;SN1218+LH406;BRU;JNB;FRA;580;905;180;1001001;A319|A340-600;588;1;0;1;0;1;0;680;65;55-670
7635;KL;KL519+KL1254;SFO;FRA;AMS;1175;905;185;1111111;Boeing 777-300ER|Boeing 737-800;620;1;0;1;1;0;0;608;73;660-60
7636;KL;KL1255+KL512;FRA;HND;AMS;1140;925;55;1111111;Boeing 737-800|Boeing 777-300ER;618;1;0;1;0;0;0;642;72;65-805
7637;AF;AF1091+AF046;BCN;HND;CDG;730;1420;485;1111111;A320|Boeing 777-300ER;614;1;0;1;0;0;0;717;79;95-840
7638;DL;DL067+DL1436;DSS;CUN;JFK;115;980;235;1111111;A350-900|A321neo;506;1;0;1;1;0;1;505;81;520-225
7639;AF;AF1017+AF010;MRS;JFK;CDG;670;675;85;1111111;A321|Boeing 787-9;419;1;0;1;1;0;0;384;72;90-500
7640;BA;BA1535+BA1424;CPH;MRS;LHR;820;480;265;1111111;A320neo|A321neo;173;1;0;0;1;0;0;165;78;110-105
7641;BA;BA176+BA1550;JFK;ATH;LHR;1240;710;80;1111111;Boeing 777-300ER|A319;471;1;0;1;1;0;0;554;67;420-210
7642;AF;AF015+AF1036;DSS;NTE;CDG;1330;730;325;1111111;A330-200|A220-300;324;1;0;1;0;0;0;305;75;340-65
7643;TK;TK1127+TK1012;CAI;ORY;IST;530;705;350;1111111;A321neo|A321neo;299;1;1;1;0;0;1;255;71;130-225
7644;IB;IB519+IB1332;EZE;BRU;MAD;1190;1205;310;1101111;A330-300|A321neo;712;1;0;1;1;0;0;766;90;765-130
7645;TP;TP207+TP1224;SFO;LYS;LIS;1190;945;145;1111111;A321LR|A321neo;611;1;0;1;0;0;0;616;56;670-130
7646;EI;EI605+EI1448;LAX;BCN;DUB;1180;975;215;1111111;A321XLR|A320neo;613;1;0;1;1;0;0;579;78;620-140
7647;LH;LH1049+LH422;BER;MIA;FRA;605;870;145;1111111;A321|Boeing 747-8;546;1;0;1;1;0;0;623;62;70-655
7648;AZ;AZ111+MS1429;GRU;CAI;FCO;1200;1260;350;1111111;A330-900neo|Boeing 737-800;611;1;1;1;1;0;0;687;67;720-190
7649;QR;QR060+IB1337;DOH;MAD;CPH;435;740;145;0110110;Boeing 787-9|A320neo;464;1;0;1;0;0;0;390;86;390-205
7650;IB;IB1277+IB514;BCN;CUN;MAD;665;835;85;1111111;A320neo|A330-300;549;1;0;1;1;0;0;558;78;75-675
7651;AF;AF1075+AF1018;BER;MRS;CDG;555;370;185;1111111;A321|A318;143;1;0;1;1;0;0;151;74;100-85
7652;LH;LH409+LH436;DXB;EZE;FRA;385;1515;200;1111111;A350-900|A350-900;764;1;1;1;0;1;0;892;67;415-900
7653;BA;BA1551+BA050;ATH;SFO;LHR;580;1075;130;1111111;A319|A350-1000;616;1;0;1;1;0;0;665;68;235-710
7654;KL;KL1204+AF054;AMS;LAX;CDG;805;905;90;1111111;Boeing 737-900|A350-900;607;1;0;1;0;0;0;537;80;65-750
7655;AF;AF069+AF1176;PTP;TUN;CDG;1205;920;270;1111111;A350-900|A318;495;1;0;1;0;0;0;518;78;510-140
7656;SN;SN1207+SN1228;MRS;BER;BRU;810;300;125;1111111;A320|A320;142;1;0;0;0;0;0;147;69;95-80
7657;TP;TP1267+TP202;BCN;JFK;LIS;815;645;65;1111111;A320neo|A321LR;427;1;0;1;1;0;0;379;64;115-465
7658;BA;BA1497+BA024;FCO;MLE;LHR;700;1115;345;1111111;A319|A380-800;519;1;0;1;0;0;0;783;66;150-620
7659;KL;KL1237+KL504;LHR;DEL;AMS;420;1145;615;1111111;Boeing 737-800|A330-300;461;1;0;1;1;0;0;451;74;60-470
7660;LH;LH433+LH1024;CUN;TLS;FRA;1170;1055;315;1111111;A350-900|A319;538;1;0;1;0;1;0;559;65;635-105
7661;EK;EK107+EK1008;SYD;CAI;DXB;1195;1425;235;1111111;A380-800|Boeing 777-300ER;992;1;1;1;1;0;1;1093;77;950-240
7662;LH;LH423+SN1221;MIA;BRU;FRA;1185;990;350;1111111;Boeing 747-8|A320;534;1;0;1;1;0;0;611;72;580-60
7663;KL;KL1315+KL1226;VIE;TLS;AMS;600;560;340;1111111;Boeing 737-900|Embraer 195-E2;154;1;0;0;1;1;0;180;74;110-110
7664;EK;EK035+EK1012;LHR;MLE;DXB;1280;980;320;1111111;Boeing 777-300ER|Boeing 777-300ER;588;1;1;1;1;0;1;601;74;410-250
7665;AC;AC052+SN502;YUL;ABJ;BRU;1220;1050;210;1001100;Boeing 787-9|A330-300;520;1;1;1;0;1;0;637;67;420-420
7666;BA;BA1529+BA1560;VIE;CMN;LHR;835;485;140;1111111;A320neo|A319;226;1;0;0;1;0;0;275;68;140-205
7667;EK;EK105+EK082;HND;ALG;DXB;1250;1330;220;1111111;Boeing 777-300ER|A380-800;695;1;1;1;1;1;1;895;76;670-440
7668;LH;LH1032+TP1243;FRA;LIS;LHR;890;385;135;1111111;A321|A320neo;183;1;0;0;0;0;0;171;61;90-160
7669;KL;KL644+KL530;JFK;JNB;AMS;1180;1385;250;1111111;A330-300|Boeing 777-300ER;717;1;1;1;0;1;0;966;70;440-695
7670;KL;KL1269+KL1306;MAD;ZRH;AMS;485;415;195;1111111;Embraer 195-E2|Embraer 195-E2;148;1;0;0;0;0;0;173;73;140-80
7671;KL;KL1339+KL1260;CAI;MUC;AMS;595;665;295;1111111;Embraer 195-E2|Boeing 737-900;237;1;0;0;0;1;0;287;75;285-85
7672;EI;EI607+EI1460;SFO;MXP;DUB;1170;975;235;1101111;A330-300|A320neo;622;1;0;1;0;1;0;648;69;610-130
7673;LX;LX1500+NH019;GVA;HND;LHR;495;1195;265;1111111;A220-300|Boeing 777-300ER;715;1;0;1;1;1;0;687;72;100-830
7674;AC;AC1203+AC062;LAX;ALG;YUL;625;880;110;0111011;Boeing 787-9|A330-300;602;1;0;1;1;1;1;675;65;305-465
7675;QR;QR053+QR076;MXP;BKK;DOH;945;1270;515;0110101;A380-800|Boeing 777-300ER;611;1;1;1;1;1;1;674;83;340-415
7676;IB;IB1295+IB1226;LIS;MRS;MAD;670;435;270;1111111;A321XLR|A321XLR;158;1;0;0;1;1;0;110;86;70-95
7677;AI;AI020+LH1118;DEL;TUN;FRA;650;805;145;1111111;Boeing 777-300ER|A320neo;460;1;0;1;0;1;0;522;65;515-145
7678;QR;QR053+QR078;MXP;SIN;DOH;945;1345;525;0110101;A380-800|Boeing 777-300ER;714;1;1;1;1;1;1;734;83;340-480
7679;SQ;SQ1009+SQ026+LH1144;DPS;TLS;SIN-MUC;775;2005;640-265;0111111;Boeing 737 MAX 8|A380-800|A321;737;1;0;1;1;0;0;960;72;170-820-110
7680;LH;LH449+LH1196;ICN;GVA;MUC;615;985;100;0010101;A350-900|Embraer 190;573;1;0;1;0;1;0;513;65;810-75
7681;DL;DL016+AF1036;JFK;NTE;CDG;1170;590;85;1111111;A330-900neo|A220-300;430;1;0;1;0;0;0;350;75;440-65
7682;BA;BA039+BA1532;HND;CPH;LHR;100;1070;80;1111111;A350-1000|A319;548;1;0;1;0;0;0;622;69;890-100
7683;AF;AF1103+AF1160;OPO;ATH;CDG;565;650;345;1111111;A320|A320;236;1;0;1;1;1;0;292;75;120-185
7684;SK;SK1253+SK208;VIE;HND;CPH;795;1070;220;1111111;A320neo|A350-900;617;1;0;1;1;1;0;549;74;100-750
7685;AT;AT511+AT1230;GRU;MUC;CMN;1210;1050;265;1111111;Boeing 787-9|Boeing 737-800;517;1;1;1;0;0;0;597;59;580-205
7686;OS;OS1071+AI027;IST;DEL;VIE;1075;655;110;1011101;A320|Boeing 777-300ER;365;1;0;1;0;1;0;483;75;130-415
7687;BA;BA1529+BA034;VIE;SIN;LHR;835;1290;375;1111111;A320neo|Boeing 787-9;661;1;0;1;1;0;0;701;67;140-775
7688;BA;BA116+BA1528;JFK;VIE;LHR;1330;745;205;1111111;Boeing 787-9|A320neo;475;1;0;1;1;1;0;410;72;420-120
7689;AA;AA052+BA032;MIA;SIN;LHR;1220;1470;165;1111111;Boeing 777-300ER|A350-1000;955;1;1;1;1;1;0;1056;76;530-775
7690;LX;LX1475+UA023;VIE;SFO;ZRH;580;975;125;1100100;A320neo|Boeing 777-300ER;715;1;0;1;1;1;0;660;70;90-760
7691;UA;UA1411+UA018;LAX;FRA;SFO;970;875;110;1111111;A320|Boeing 777-300ER;644;1;0;1;1;0;1;649;77;80-685
7692;AA;AA1021+AA036;MIA;FCO;JFK;450;1185;505;1111111;Boeing 737-800|Boeing 777-200ER;578;1;0;1;1;0;1;654;74;170-510
7693;AF;AF069+AF024;PTP;DXB;CDG;1205;1045;140;1111111;A350-900|A330-200;653;1;1;1;1;1;0;710;80;510-395
7694;AF;AF1045+AF1184;LHR;ALG;CDG;845;410;220;1111111;A320|A320;179;1;0;1;1;0;0;172;72;55-135
7695;LH;LH433+SN1221;CUN;BRU;FRA;1170;1005;310;1111111;A350-900|A320;542;1;0;1;1;0;0;500;65;635-60
7696;TK;TK1080+AZ1076;IST;MXP;FCO;945;395;175;1111111;Boeing 737 MAX 8|A220-100;180;1;0;1;1;1;0;158;74;145-75
7697;DL;DL1427+DL030;YUL;BER;JFK;700;960;405;1111111;Boeing 757-200|A350-900;477;1;0;1;1;0;1;411;77;75-480
7698;AT;AT507+AT1212;MIA;TLS;CMN;1185;875;235;0101010;Boeing 787-8|Boeing 737-800;461;1;1;1;0;1;0;517;64;510-130
7699;AF;AF071+AF1026;FDF;TLS;CDG;1220;760;160;1111111;A350-900|A320;499;1;0;1;1;0;0;436;80;515-85
7700;MS;MS1447+MS1452;IST;CMN;CAI;535;675;225;1111111;A220-300|A220-300;261;1;1;1;0;1;0;354;64;125-325
7701;EK;EK097+EK038;DPS;AMS;DXB;1100;1245;205;1111111;A350-900|A380-800;773;1;1;1;1;1;1;795;74;600-440
7702;DL;DL1401+DL052;LAX;BRU;JFK;400;1040;290;1111111;Boeing 767-400ER|A330-900neo;588;1;0;1;1;0;1;687;84;305-445
7703;AF;AF1053+AF044;AMS;HND;CDG;665;985;80;1111111;A320|A330-200;592;1;0;1;1;0;0;671;79;65-840
7704;KL;KL525+KL1300;CUN;MXP;AMS;1160;845;135;1111111;A330-300|Embraer 195-E2;582;1;0;1;0;1;0;605;68;615-95
7705;BA;BA1453+BA030;FRA;BKK;LHR;1160;880;100;1111111;A321neo|Boeing 777-300ER;600;1;0;1;0;1;0;677;67;90-690
7706;AZ;AZ1113+AZ116;CMN;HND;FCO;620;1515;490;1111111;A320neo|A350-900;692;1;0;1;0;0;0;673;83;180-845
7707;KL;KL527+KL1300;GRU;MXP;AMS;1160;965;125;1111111;A330-300|Embraer 195-E2;600;1;0;1;0;1;0;702;77;745-95
7708;BA;BA1517+BA034;GVA;SIN;LHR;830;1295;420;1111111;A321neo|Boeing 787-9;668;1;0;1;1;1;0;657;66;100-775
7709;BA;BA1509+BA036;ZRH;HKG;LHR;520;1400;570;1111111;A321neo|A350-1000;570;1;0;1;1;1;0;592;67;105-725
7710;LH;LH1189+LH440;MXP;DEL;MUC;1050;550;50;0110110;A320neo|Boeing 747-8;430;1;0;1;1;1;0;473;72;60-440
7711;LH;LH1101+LH416;DUB;HKG;FRA;585;1190;395;1111111;Embraer 190|A340-600;585;1;0;1;0;0;0;793;69;105-690
7712;AA;AA1029+AT505;MIA;CMN;JFK;900;725;125;1111111;Boeing 737-800|Boeing 787-8;461;1;0;1;1;0;0;457;68;170-430
7713;BA;BA1571+BA060;NCE;CUN;LGW;595;970;185;1010100;A319|A350-1000;602;1;0;1;1;1;0;536;65;110-675
7714;LH;LH1003+LH1046;CDG;MUC;FRA;650;460;340;1111111;Embraer 190|A320neo;114;1;0;0;0;0;0;70;68;65-55
7715;BA;BA047+BA1450;LAX;FRA;LHR;1090;905;170;1111111;Boeing 777-300ER|A320neo;618;1;0;1;1;1;0;624;71;655-80
7716;TP;TP207+TP1300;SFO;RAK;LIS;1190;995;235;1111111;A321LR|A321neo;623;1;0;1;0;1;0;565;56;670-90
7717;SN;SN1247+TG031;MXP;BKK;BRU;550;1280;520;1111111;A319|Boeing 777-300ER;567;1;0;1;1;0;0;668;67;90-670
7718;SQ;SQ1005+SQ052;BKK;LAX;SIN;775;1290;100;1111111;Boeing 737 MAX 8|A350-900;934;1;1;1;1;0;1;889;81;140-1050
7719;IB;IB1281+CX023;BCN;HKG;MAD;900;1075;210;1111111;A321XLR|Boeing 777-300ER;631;1;0;1;1;1;0;724;78;75-790
7720;IB;IB1359+IB506;RAK;MIA;MAD;550;900;185;1111111;A320neo|A330-200;523;1;0;1;0;1;0;551;87;110-605
7721;KL;KL1263+KL530;BER;JNB;AMS;505;980;200;1111111;Boeing 737-900|Boeing 777-300ER;556;1;0;1;0;0;0;645;70;85-695
7722;LH;LH427+LH1046;SFO;MUC;FRA;1185;825;85;1111111;A340-600|A320neo;563;1;0;1;0;1;0;709;68;685-55
7723;EK;EK099+EK082;HKG;ALG;DXB;1110;1410;460;1111111;A350-900|A380-800;640;1;1;1;1;1;1;702;75;510-440
7724;LX;LX1407+SQ035;NCE;SIN;ZRH;590;1245;445;1111111;A220-300|Boeing 787-10;771;1;0;1;1;0;0;599;78;65-735
7725;TG;TG1206+SQ050;BKK;JFK;SIN;835;1420;115;1111111;A320neo|Boeing 777-300ER;887;1;1;1;0;0;0;1116;82;140-1165
7726;EK;EK093+EK038;BKK;AMS;DXB;1235;1050;200;1111111;Boeing 777-300ER|A380-800;664;1;1;1;1;1;1;705;78;410-440
7727;LH;LH449+LH1174;ICN;BCN;MUC;615;1120;190;0010101;A350-900|A321;573;1;0;1;0;0;0;574;65;810-120
7728;AA;AA022+BA1504;JFK;MXP;LHR;1375;695;180;1111111;Boeing 777-300ER|A319;489;1;0;1;0;0;0;454;79;420-95
7729;KL;KL1241+KL1230;LHR;BOD;AMS;680;415;250;1111111;Boeing 737-900|Boeing 737-900;132;1;0;0;1;0;0;129;70;60-105
7730;LH;LH1061+LH1042;BCN;AMS;FRA;835;345;170;1111111;A320neo|A321;154;1;0;0;0;0;0;128;71;110-65
7731;BA;BA1403+BA056;CDG;MEX;LHR;715;900;95;1111111;A321neo|A350-1000;607;1;0;1;1;0;0;515;75;60-745
7732;CX;CX016+BA1464;HKG;BER;LHR;635;1080;170;1111111;Boeing 777-300ER|A319;615;1;0;1;0;0;0;722;79;810-100
7733;TP;TP1239+TP202;NTE;JFK;LIS;815;645;60;1011111;A321LR|A321LR;395;1;0;1;1;1;0;389;57;120-465
7734;AZ;AZ1117+AZ110;TUN;GRU;FCO;625;965;140;1111111;A320neo|A330-900neo;617;1;0;1;0;1;0;564;73;80-745
7735;IB;IB1339+IB1280;DUB;BCN;MAD;600;310;105;1111111;A321neo|A321XLR;162;1;0;0;1;1;0;163;85;140-65
7736;AF;AF1167+AF1160;CMN;ATH;CDG;635;640;275;1111111;A318|A320;232;1;0;1;1;0;0;323;78;180-185
7737;KL;KL1335+KL506;IST;SIN;AMS;595;1410;440;1111111;Boeing 737-800|A330-300;596;1;0;1;0;1;0;858;69;220-750
7738;AF;AF1052+KL518;CDG;SFO;AMS;690;845;65;1111111;A320|Boeing 777-300ER;574;1;0;1;0;0;0;611;72;60-720
7739;AF;AF1187+AF1092;CAI;BCN;CDG;640;485;110;1111111;A220-300|A321;274;1;0;1;1;0;0;302;76;280-95
7740;AF;AF1065+AF1132;FRA;GVA;CDG;985;230;100;1111111;A220-300|A318;105;1;0;1;0;0;0;78;75;70-60
7741;EK;EK105+EK076;HND;PRG;DXB;1250;1280;225;1111111;Boeing 777-300ER|Boeing 777-300ER;635;1;1;1;1;1;1;806;78;670-385
7742;NH;NH1207+AZ115;ICN;FCO;HND;840;1660;610;1111111;Boeing 737-800|A330-900neo;650;1;1;1;0;0;0;661;87;115-935
7743;OS;OS1069+OS1058;IST;CPH;VIE;605;435;205;1111111;A321|A321;172;1;0;0;0;0;0;210;74;130-100
7744;AZ;AZ1000+TG015;FCO;BKK;CDG;495;995;195;1111111;A321|Boeing 787-9;595;1;0;1;1;0;0;626;83;120-680
7745;KL;KL1331+KL1252;ATH;FRA;AMS;590;335;60;1111111;Boeing 737-800|Boeing 737-900;202;1;0;0;0;0;0;211;71;215-60
7746;AF;AF1167+AF040;CMN;HKG;CDG;635;1265;365;1111111;A318|A330-200;726;1;0;1;1;0;0;778;78;180-720
7747;EK;EK099+EK020;HKG;NCE;DXB;1110;1375;450;1111111;A350-900|Boeing 777-300ER;639;1;1;1;1;1;1;634;75;510-415
7748;BA;BA055+BA1546;YUL;PRG;LHR;1275;805;305;1111111;Boeing 787-9|A320neo;434;1;0;1;1;0;0;372;70;395-105
7749;UA;UA020+LH1134;SFO;NCE;MUC;1155;890;95;1111111;Boeing 787-10|Embraer 190;663;1;0;1;1;0;0;578;75;705-90
7750;LH;LH1165+LH442;MAD;BKK;MUC;525;1265;490;1111111;A320neo|A340-600;615;1;0;1;1;1;0;784;63;140-635
7751;AZ;AZ1063+AZ1094;BCN;VIE;FCO;730;430;245;1111111;A220-100|A320neo;151;1;0;0;0;1;0;137;73;90-95
7752;EI;EI1417+EI602;LHR;MIA;DUB;510;890;245;1111111;A320neo|A321XLR;515;1;0;1;0;1;0;403;79;70-575
7753;IB;IB1241+IB510;LHR;SFO;MAD;485;1070;175;1111111;A321neo|A330-200;551;1;0;1;0;0;0;711;80;130-765
7754;KL;KL642+KL1284;JFK;LIS;AMS;1050;800;170;1111111;Boeing 777-300ER|Embraer 195-E2;392;1;0;1;1;1;0;504;69;440-190
7755;DL;DL014+AF020;JFK;RUN;CDG;1040;1595;445;1111111;A350-900|Boeing 777-300ER;847;1;1;1;0;1;0;928;75;440-710
7756;AF;AF1177+KL1209;TUN;AMS;CDG;845;415;205;1111111;A318|Embraer 195-E2;179;1;0;1;1;0;0;182;69;150-60
7757;AF;AF041+AF1144;HKG;CPH;CDG;655;1020;105;1111111;A330-200|A321;578;1;0;1;1;0;0;724;76;810-105
7758;LX;LX1493+LX1426;IST;LHR;ZRH;590;430;145;1111111;A220-300|A321neo;241;1;0;1;0;0;0;183;73;180-105
7759;SK;SK1235+SK208;BCN;HND;CPH;800;1065;145;1111111;A321LR|A350-900;618;1;0;1;1;1;0;594;74;170-750
7760;AZ;AZ1040+LH456;FCO;SFO;MUC;535;1040;180;1011101;A220-100|A340-600;620;1;0;1;0;0;0;767;65;95-765
7761;AA;AA1003+AT505;LAX;CMN;JFK;555;890;155;1111111;Boeing 777-300ER|Boeing 787-8;569;1;0;1;1;1;0;634;70;305-430
7762;MS;MS1455+MS612;TUN;HND;CAI;820;1100;105;1111111;A320neo|Boeing 787-9;560;1;1;1;0;1;0;663;64;185-810
7763;AA;AA066+BA1506;LAX;MXP;LHR;1095;1085;335;1111111;Boeing 777-200ER|A320neo;610;1;0;1;0;1;0;733;68;655-95
7764;BA;BA1565+QF015;RAK;SYD;LHR;1050;1560;95;1111111;A320neo|Boeing 787-9;969;1;0;1;0;1;0;1083;78;210-1255
7765;KL;KL644+KL1338;JFK;CAI;AMS;1180;760;60;1111111;A330-300|Embraer 195-E2;525;1;0;1;1;1;0;601;71;440-260
7766;DL;DL1421+DL040;MIA;LIS;JFK;590;880;305;1111111;Boeing 757-200|Boeing 767-400ER;474;1;0;1;1;1;1;566;78;170-405
7767;BA;BA029+BA1408;BKK;NCE;LHR;85;970;85;1111111;A380-800|A321neo;563;1;0;1;1;0;0;803;67;780-105
7768;NH;NH026+TK1024;HND;BOD;IST;125;1315;215;1110110;Boeing 777-300ER|A320neo;677;1;1;1;1;1;1;744;74;860-240
7769;KL;KL1289+KL1302;OPO;MXP;AMS;830;330;80;1111111;Embraer 195-E2|Boeing 737-900;164;1;0;0;0;1;0;187;74;155-95
7770;LH;LH1110+TK020;FRA;MLE;IST;580;925;305;1111111;A320neo|Boeing 787-9;533;1;0;1;0;1;0;455;68;165-455
7771;AC;AC030+SQ019;YUL;SIN;LHR;1120;1540;370;1111111;Boeing 787-9|Boeing 777-300ER;822;1;1;1;1;1;1;992;69;395-775
7772;AF;AF1137+AF1034;VIE;BOD;CDG;860;310;115;1111111;A321|A318;158;1;0;1;0;0;0;156;79;120-75
7773;AI;AI017+AI1414;LHR;MLE;DEL;1190;1005;275;1111111;Boeing 787-8|A320neo;568;1;1;1;1;1;0;551;67;495-235
7774;TP;TP1297+TP208;RAK;YUL;LIS;535;810;270;1111111;A321LR|A321LR;427;1;0;1;1;0;0;353;57;90-450
7775;TK;TK1061+TK022;MAD;DEL;IST;625;770;205;1111111;A321neo|Boeing 777-300ER;457;1;1;1;0;0;1;478;75;215-350
7776;EK;EK097+EK074;DPS;DUB;DXB;1100;1460;365;1111111;A350-900|Boeing 777-300ER;759;1;1;1;1;1;1;794;74;600-495
7777;AZ;AZ1041+AZ108;MUC;SFO;FCO;540;1105;200;1111111;A220-100|A330-900neo;626;1;0;1;0;1;0;610;75;95-810
7778;AT;AT1281+AT508;RAK;YUL;CMN;625;700;170;1111111;Boeing 737 MAX 8|Boeing 787-9;363;1;1;1;0;1;0;327;60;45-485
7779;OS;OS1023+MS1439;FRA;CAI;VIE;605;435;145;1111111;A320|A320neo;244;1;0;1;0;0;0;221;67;80-210
7780;AM;AM1000+DL042;MEX;LIS;JFK;645;970;295;1111111;Boeing 737 MAX 8|A350-900;514;1;1;1;0;1;0;521;82;270-405
7781;MS;MS1446+TK030;CAI;HKG;IST;535;1175;440;1111111;A220-300|A330-300;534;1;1;1;0;1;0;626;68;130-605
7782;EK;EK113+EK098;MIA;HKG;DXB;1290;1940;585;1111111;Boeing 777-300ER|A350-900;910;1;1;1;1;1;1;1143;77;915-440
7783;OS;OS1031+LX1477;BER;ZRH;VIE;595;520;355;1111111;A320|A321neo;112;1;0;1;1;0;0;103;68;75-90
7784;BA;BA057+QR029;MEX;DOH;LHR;1175;1155;100;1111111;A350-1000|A350-1000;811;1;1;1;1;1;1;772;66;660-395
7785;LH;LH463+LH1156;CUN;AMS;MUC;1170;835;90;0101010;A350-900|A320neo;601;1;0;1;1;1;0;541;62;655-90
7786;KL;KL646+KL510;JFK;HND;AMS;1315;1335;90;1111111;Boeing 787-10|Boeing 787-10;664;1;1;1;1;1;0;828;72;440-805
7787;SN;SN1205+TG031;LYS;BKK;BRU;800;1030;280;1111111;A320|Boeing 777-300ER;601;1;0;1;1;0;0;660;66;80-670
7788;BA;BA1401+BA1468;CDG;MAD;LHR;475;350;160;1111111;A320neo|A319;142;1;0;0;1;0;0;154;72;60-130
7789;AF;AF1153+AF014;PRG;DSS;CDG;550;640;180;1111111;A321|A330-200;406;1;0;1;1;0;0;359;78;100-360
7790;AA;AA031+AA1034;MAD;MIA;JFK;950;835;165;1111111;Boeing 787-9|A321;524;1;0;1;0;1;1;455;70;495-175
7791;JL;JL015+JL038;CDG;SYD;HND;795;1680;230;1111111;A350-1000|Boeing 777-300ER;1049;1;1;1;1;1;1;1038;87;840-610
7792;BA;BA055+BA1558;YUL;CMN;LHR;1275;675;75;1111111;Boeing 787-9|A321neo;411;1;0;1;1;1;0;425;67;395-205
7793;LX;LX1463+LX614;OPO;HND;ZRH;800;1090;120;1111111;A321neo|A330-300;728;1;0;1;0;1;0;726;69;145-825
7794;BA;BA1529+BA040;VIE;HND;LHR;835;1325;355;1111111;A320neo|Boeing 787-9;635;1;0;1;1;0;0;631;68;140-830
7795;SQ;SQ1003+SQ046;BKK;SYD;SIN;485;795;165;1111111;Boeing 737 MAX 8|Boeing 787-10;513;1;1;1;1;0;1;463;87;140-490
7796;LH;LH1059+LH434;BCN;GRU;FRA;510;1075;190;1010101;Embraer 190|A350-900;569;1;0;1;0;0;0;644;63;110-775
7797;BA;BA1463+BA026;BER;DEL;LHR;815;880;275;1111111;A321neo|Boeing 777-300ER;411;1;0;1;0;1;0;518;71;110-495
7798;AA;AA1003+IB505;LAX;MAD;JFK;555;995;260;1111111;Boeing 777-300ER|A330-200;597;1;0;1;0;1;0;692;81;305-430
7799;UA;UA025+UA1406;HND;LAX;SFO;1080;775;90;1111111;Boeing 777-300ER|A320;573;1;0;1;1;0;1;593;75;610-75
7800;BA;BA029+BA1478;BKK;BCN;LHR;85;1170;275;1111111;A380-800|A319;595;1;0;1;1;0;0;831;67;780-115
7801;AZ;AZ1093+AZ110;VIE;GRU;FCO;615;975;130;1111111;A220-100|A330-900neo;667;1;0;1;0;1;0;580;73;100-745
7802;QF;QF014+BA1460;SYD;BER;LHR;1095;1550;140;1111111;Boeing 787-9|A320neo;907;1;0;1;1;1;0;1010;72;1310-100
7803;NH;NH1205+SQ045;ICN;SIN;HND;525;760;210;1111111;Boeing 737-800|Boeing 777-300ER;418;1;1;1;0;0;1;465;84;115-435
7804;LH;LH1080+LX604;FRA;MLE;ZRH;595;1095;470;1110110;A320neo|Boeing 777-300ER;531;1;0;1;1;0;0;531;61;55-570
7805;AF;AF1041+AF018;LHR;JNB;CDG;490;955;230;1111111;A318|A330-200;614;1;0;1;1;0;0;603;75;55-670
7806;BA;BA1409+BA028;NCE;BKK;LHR;525;995;190;1111111;A321neo|A380-800;604;1;0;1;1;1;0;803;65;115-690
7807;BA;BA039+BA1414;HND;LYS;LHR;100;1055;75;1111111;A350-1000|A321neo;655;1;0;1;0;1;0;587;69;890-90
7808;KL;KL1277+KL524;BCN;CUN;AMS;480;1040;215;1111111;Boeing 737-900|A330-300;600;1;0;1;0;0;0;662;69;125-700
7809;IB;IB519+IB1210;EZE;ORY;MAD;1190;955;85;1101111;A330-300|A321XLR;664;1;0;1;1;1;0;742;88;765-105
7810;LH;LH1171+LH458;BCN;YUL;MUC;505;840;205;1111111;Embraer 190|A340-600;412;1;0;1;0;0;0;569;64;110-525
7811;JL;JL028+AA1051;HND;MIA;LAX;1105;1070;135;1111111;Boeing 787-9|Boeing 737-800;768;1;0;1;1;0;1;782;80;645-290
7812;BA;BA019+BA1522;DXB;BRU;LHR;405;715;195;1111111;Boeing 787-9|A320neo;392;1;0;1;0;1;0;329;72;465-55
7813;QR;QR021+QR086;NCE;HND;DOH;930;1465;515;0111111;Boeing 777-300ER|Boeing 777-300ER;706;1;1;1;1;0;1;828;81;345-605
7814;AF;AF1129+AF048;GVA;MIA;CDG;535;835;145;1111111;A320|Boeing 777-300ER;552;1;0;1;0;0;0;520;77;65-625
7815;KL;KL1201+KL1338;CDG;CAI;AMS;445;415;95;1111111;Boeing 737-800|Embraer 195-E2;282;1;0;0;0;0;0;261;71;60-260
7816;TK;TK043+TK020;MIA;MLE;IST;1190;1395;235;1111111;A350-900|Boeing 787-9;879;1;1;1;1;0;1;854;71;705-455
7817;EK;EK095+EK112;SIN;MIA;DXB;1100;2110;610;1111111;A350-900|Boeing 777-300ER;1126;1;1;1;1;1;1;1139;75;480-1020
7818;QR;QR083+QR064;HKG;PRG;DOH;1135;1410;505;0100000;Boeing 777-300ER|A380-800;654;1;1;1;1;1;1;724;83;540-365
7819;BA;BA1529+BA026;VIE;DEL;LHR;835;860;225;1111111;A320neo|Boeing 777-300ER;403;1;0;1;1;0;0;545;68;140-495
7820;AF;AF045+AF1176;HND;TUN;CDG;145;1320;275;1111111;A330-200|A318;655;1;0;1;0;0;0;780;74;905-140
7821;AT;AT507+AT1278;MIA;ABJ;CMN;1185;995;220;0101010;Boeing 787-8|Boeing 737-800;489;1;1;1;0;0;0;631;64;510-265
7822;LH;LH1059+LH410;BCN;DEL;FRA;510;1080;515;1111111;Embraer 190|Boeing 747-8;501;1;0;1;0;0;0;567;68;110-455
7823;AF;AF1033+AF054;BOD;LAX;CDG;630;1080;255;1111111;A321|A350-900;598;1;0;1;1;0;0;550;75;75-750
7824;AF;AF051+AF1020;MIA;MRS;CDG;1320;890;255;1111111;A350-900|A220-300;558;1;0;1;0;0;0;457;79;550-85
7825;IB;IB1240+BA056;MAD;MEX;LHR;500;1115;245;1111111;A321neo|A350-1000;550;1;0;1;0;0;0;591;75;125-745
7826;AM;AM018+KL506;MEX;SIN;AMS;1205;1700;270;1111111;Boeing 787-9|A330-300;934;1;1;1;1;1;0;1186;69;680-750
7827;BA;BA1491+BA1530;OPO;VIE;LHR;835;400;155;1111111;A321neo|A321neo;203;1;0;0;0;0;0;216;74;125-120
7828;BA;BA1439+BA1490;AMS;OPO;LHR;750;280;80;1111111;A319|A321neo;179;1;0;0;0;1;0;146;69;65-135
7829;TK;TK025+TK044;BKK;LAX;IST;110;1840;340;1111111;Boeing 787-9|A350-900;728;1;1;1;1;1;1;1011;73;625-875
7830;QR;QR089+QR044;SYD;BER;DOH;1220;1450;100;0101001;A350-1000|Boeing 787-9;1058;1;1;1;1;1;1;915;82;975-375
7831;NH;NH036+UA1416;HND;MIA;SFO;1110;1035;105;1111111;Boeing 777-300ER|Boeing 777-300ER;770;1;0;1;1;0;1;871;81;610-320
7832;AF;AF1093+AF030;BCN;DEL;CDG;975;705;125;1111111;A321|Boeing 777-300ER;483;1;0;1;1;0;0;513;79;95-485
7833;AT;AT509+AT1258;YUL;GVA;CMN;1185;895;300;1111111;Boeing 787-9|Boeing 737 MAX 8;383;1;1;1;0;1;0;434;63;425-170
7834;EK;EK105+EK062;HND;MXP;DXB;1250;1285;210;1111111;Boeing 777-300ER|Boeing 777-300ER;654;1;1;1;1;1;1;822;78;670-405
7835;BA;BA053+BA1502;YUL;MXP;LHR;1095;645;155;1111111;A350-1000|A321neo;429;1;0;1;1;0;0;363;66;395-95
7836;BA;BA019+BA1478;DXB;BCN;LHR;405;670;90;1111111;Boeing 787-9|A319;396;1;0;1;0;0;0;415;72;465-115
7837;OS;OS1065+OS1058;ATH;CPH;VIE;600;380;145;1111111;Embraer 195|A321;194;1;0;0;0;0;0;216;74;135-100
7838;LH;LH1125+LH454;CDG;LAX;MUC;480;1125;255;1111111;A319|Boeing 747-8;602;1;0;1;1;0;0;787;65;85-785
7839;EK;EK091+EK124;BKK;EZE;DXB;135;1635;155;1111111;A380-800|Boeing 777-300ER;1077;1;1;1;1;1;1;1255;78;410-1070
7840;TK;TK1077+TK018;FCO;JNB;IST;500;805;85;1111111;A320neo|A330-300;546;1;1;1;0;0;1;602;71;130-590
7841;LX;LX1455+UA023;BCN;SFO;ZRH;515;1040;190;1100100;A320neo|Boeing 777-300ER;712;1;0;1;1;1;0;681;65;90-760
7842;MS;MS607+MS1420;DEL;MAD;CAI;615;955;265;0010101;Boeing 777-300ER|Boeing 737-800;413;1;1;1;0;0;0;554;71;390-300
7843;KL;KL1315+KL643;VIE;JFK;AMS;600;720;105;1111111;Boeing 737-900|A330-300;469;1;0;1;1;1;0;476;71;110-505
7844;BA;BA1411+BA036;NCE;HKG;LHR;820;1100;260;1111111;A319|A350-1000;599;1;0;1;1;0;0;630;65;115-725
7845;UA;UA018+LH1020;SFO;MRS;FRA;1160;895;110;1111111;Boeing 777-300ER|A321;629;1;0;1;1;0;0;672;74;685-100
7846;QR;QR045+QR076;BER;BKK;DOH;920;1295;540;0101010;Boeing 787-9|Boeing 777-300ER;648;1;1;1;1;1;1;583;87;340-415
7847;QR;QR036+BA1588;DOH;OPO;LGW;425;935;355;1111111;Boeing 777-300ER|A319;453;1;0;1;1;0;0;467;68;445-135
7848;TK;TK1079+TK036;FCO;HND;IST;735;1195;300;1111111;A321neo|A350-900;648;1;1;1;0;1;1;604;81;130-765
7849;BA;BA1469+BA1534;MAD;CPH;LHR;630;340;115;1111111;A319|A320neo;175;1;0;0;1;0;0;207;72;125-100
7850;IB;IB502+AA1010;MAD;LAX;JFK;730;1000;155;1111111;A350-900|Boeing 787-9;535;1;0;1;1;1;0;582;74;495-350
7851;LX;LX1419+LX614;TLS;HND;ZRH;810;1140;230;1011111;A321neo|A330-300;676;1;0;1;0;0;0;682;69;85-825
7852;AF;AF059+SK1201;YUL;CPH;CDG;1080;605;85;1111111;A330-200|A320neo;431;1;0;1;1;1;0;443;70;415-105
7853;AZ;AZ1000+UA015;FCO;SFO;CDG;495;1040;185;1111111;A321|Boeing 777-300ER;600;1;0;1;1;0;0;693;78;120-735
7854;BA;BA1567+BA177;CAI;JFK;LHR;600;870;85;1111111;A321neo|Boeing 777-300ER;511;1;0;1;1;1;0;598;66;305-480
7855;SK;SK1202+AF030;CPH;DEL;CDG;790;890;290;1111111;A321LR|Boeing 777-300ER;466;1;0;1;1;1;0;511;80;115-485
7856;AF;AF1125+AF1172;ZRH;RAK;CDG;850;450;165;1111111;A321|A220-300;213;1;0;1;1;0;0;191;76;75-210
7857;EK;EK099+EK046;HKG;MAD;DXB;1110;1305;310;1111111;A350-900|A350-900;661;1;1;1;1;1;1;632;75;510-485
7858;KL;KL1281+KL502;BCN;DXB;AMS;945;575;60;1111111;Embraer 195-E2|Boeing 777-300ER;409;1;0;1;0;0;0;440;78;125-390
7859;TK;TK019+SN1267;JNB;BRU;IST;1335;1065;260;1111111;A330-300|A320;594;1;0;1;0;0;0;659;77;590-215
7860;AF;AF1003+AF044;NCE;HND;CDG;585;1065;130;1111111;A220-300|A330-200;669;1;0;1;1;1;0;689;79;95-840
7861;EK;EK095+EK120;SIN;MEX;DXB;1100;2225;610;1111111;A350-900|A380-800;1056;1;1;1;1;1;1;1390;75;480-1135
7862;AF;AF1141+AF1018;CPH;MRS;CDG;540;385;185;1111111;A220-300|A318;157;1;0;1;1;0;0;150;74;115-85
7863;AI;AI1407+AI032;BKK;JFK;DEL;645;1505;320;1111111;A320neo|Boeing 787-8;838;1;1;1;0;1;0;840;72;255-930
7864;SN;SN1224+LH448;BRU;ICN;MUC;1020;865;60;0101010;A320|A350-900;611;1;0;1;0;0;0;524;72;75-730
7865;EK;EK093+EK022;BKK;LYS;DXB;1235;1220;380;1111111;Boeing 777-300ER|Boeing 777-300ER;659;1;1;1;1;1;1;643;74;410-430
7866;LH;LH403+LH1120;JFK;ALG;FRA;1170;890;265;1111111;A340-600|A320neo;474;1;0;1;1;1;0;566;66;465-160
7867;LH;LH423+LH1120;MIA;ALG;FRA;1185;875;135;1111111;Boeing 747-8|A320neo;540;1;0;1;1;1;0;684;67;580-160
7868;AA;AA071+AA1060;HND;CUN;LAX;1135;1000;90;1111111;Boeing 787-9|A321;724;1;0;1;1;0;1;754;75;645-265
7869;AF;AF051+KL1207;MIA;AMS;CDG;1320;835;225;1111111;A350-900|Boeing 737-800;511;1;0;1;0;0;0;442;77;550-60
7870;AF;AF1027+AF1156;TLS;PRG;CDG;740;510;340;1111111;A320|A220-300;148;1;0;1;0;1;0;132;75;80-90
7871;AA;AA049+AA1032;HND;MIA;JFK;1070;1075;90;1111111;Boeing 777-200ER|Boeing 737-800;699;1;0;1;1;1;1;954;69;810-175
7872;AF;AF1065+AF1022;FRA;MRS;CDG;985;335;180;1111111;A220-300|A320;127;1;0;1;0;0;0;103;72;70-85
7873;KL;KL501+KL1314;DXB;VIE;AMS;240;620;80;1111111;Boeing 787-10|Boeing 737-900;379;1;0;1;0;1;0;378;71;440-100
7874;SK;SK1200+AF058;CPH;YUL;CDG;505;675;85;1111111;A320neo|A330-200;456;1;0;1;1;1;0;443;77;115-475
7875;LH;LH1006+TG017;FRA;BKK;CDG;1015;965;215;1111111;A321|A350-900;541;1;0;1;0;1;0;561;62;70-680
7876;KL;KL1211+KL506;NCE;SIN;AMS;525;1360;505;1111111;Boeing 737-800|A330-300;615;1;0;1;0;0;0;781;69;105-750
7877;AZ;AZ1109+LH1185;IST;MUC;FCO;950;380;140;1111111;A320neo|A320neo;177;1;0;0;1;1;0;176;65;145-95
7878;LH;LH1101+SQ025;DUB;SIN;FRA;585;1195;355;1111111;Embraer 190|A380-800;707;1;0;1;0;0;0;877;72;105-735
7879;LH;LH457+LH1222;SFO;IST;MUC;1165;930;80;1101110;A340-600|Embraer 190;622;1;0;1;1;0;0;829;64;705-145
7880;BA;BA1401+BA1478;CDG;BCN;LHR;475;420;245;1111111;A320neo|A319;138;1;0;0;1;0;0;144;74;60-115
7881;MS;MS609+MS1424;BKK;BCN;CAI;625;995;150;1111111;A330-300|A320neo;543;1;1;1;0;1;0;668;63;585-260
7882;KL;KL1242+DL025;AMS;JFK;LHR;815;640;95;1111111;Boeing 737-800|A350-900;433;1;0;1;0;1;0;339;72;65-480
7883;LX;LX1524+AZ108;GVA;SFO;FCO;575;1070;175;1111111;A321neo|A330-900neo;668;1;0;1;0;1;0;608;74;85-810
7884;AF;AF1099+AF030;LIS;DEL;CDG;855;765;140;1111111;A321|Boeing 777-300ER;502;1;0;1;1;0;0;574;75;140-485
7885;KL;KL1311+KL522;GVA;MEX;AMS;580;995;135;1111111;Embraer 195-E2|Boeing 777-300ER;578;1;0;1;1;0;0;656;78;90-770
7886;AT;AT1281+AT1262;RAK;VIE;CMN;625;435;175;1111111;Boeing 737 MAX 8|Boeing 737 MAX 8;226;1;1;1;0;0;0;191;60;45-215
7887;LH;LH413+LH1074;BKK;FCO;FRA;605;985;150;1111111;A340-600|A320neo;567;1;0;1;1;0;0;753;62;735-100
7888;LH;LH455+LH1162;LAX;BER;MUC;1165;860;75;1111111;Boeing 747-8|A319;581;1;0;1;0;0;0;765;64;715-70
7889;LX;LX607+LX1468;DEL;FCO;ZRH;585;880;275;1100100;A330-300|A220-300;497;1;0;1;0;0;0;458;65;520-85
7890;TP;TP1235+TP200;BOD;JFK;LIS;595;645;70;1111111;A321neo|A330-900neo;425;1;0;1;0;0;0;376;59;110-465
7891;MS;MS1438+LH1095;CAI;FRA;VIE;840;365;45;1111111;A320neo|A321;213;1;0;1;0;0;0;221;62;230-90
7892;AF;AF067+AF1118;CUN;MXP;CDG;1215;790;105;1111111;A330-200|A318;598;1;0;1;1;1;0;594;80;610-75
7893;BA;BA176+BA1496;JFK;FCO;LHR;1240;755;200;1111111;Boeing 777-300ER|A319;429;1;0;1;1;0;0;505;67;420-135
7894;LX;LX629+LX1498;GRU;CAI;ZRH;1170;1065;115;0011011;A330-300|A220-300;741;1;0;1;0;1;0;809;66;730-220
7895;EK;EK1007+EK096;IST;DPS;DXB;1055;1365;550;1111111;Boeing 777-300ER|A350-900;715;1;1;1;1;0;1;651;80;240-575
7896;BA;BA1509+BA042;ZRH;ICN;LHR;520;1450;580;1111111;A321neo|A350-1000;545;1;0;1;1;0;0;550;66;105-765
7897;SK;SK1221+SK1258;FRA;ATH;CPH;555;430;150;1111111;A321LR|A321LR;201;1;0;0;1;1;0;201;72;85-195
7898;TG;TG014+LH1003;BKK;FRA;CDG;100;975;140;1111111;Boeing 787-9|Embraer 190;566;1;0;1;0;0;0;561;69;770-65
7899;SQ;SQ1011+SQ052;HKG;LAX;SIN;790;1335;60;1111111;Boeing 737 MAX 8|A350-900;829;1;1;1;1;0;1;942;83;225-1050
7900;LH;LH1019+LH408;MRS;DXB;FRA;600;690;225;1111111;A320neo|A350-900;393;1;0;1;0;1;0;330;64;95-370
7901;AF;AF1083+AF1072;MAD;MUC;CDG;735;510;315;1111111;A220-300|A220-300;155;1;0;1;1;0;0;147;81;110-85
7902;KL;KL515+KL1306;MIA;ZRH;AMS;1170;810;175;1111111;A330-300|Embraer 195-E2;532;1;0;1;1;0;0;534;72;555-80
7903;AF;AF1019+AF040;MRS;HKG;CDG;855;1045;235;1111111;A318|A330-200;613;1;0;1;1;0;0;689;80;90-720
7904;LH;LH1225+LH1188;CAI;MXP;MUC;815;365;65;1111111;Embraer 190|A320neo;225;1;0;0;0;0;0;242;68;235-65
7905;BA;BA031+BA1548;BKK;PRG;LHR;690;975;90;1111111;Boeing 777-300ER|A321neo;580;1;0;1;1;0;0;710;70;780-105
7906;TP;TP1278+LH1197;LIS;MUC;GVA;605;445;235;1111111;A321neo|Embraer 190;182;1;0;0;0;0;0;175;62;140-70
7907;TG;TG1217+TK025;HKG;IST;BKK;1075;1160;365;1111111;A320neo|Boeing 787-9;506;1;1;1;1;1;0;524;73;170-625
7908;LH;LH1129+NH025;CDG;HND;MUC;940;1020;130;1111111;A320neo|Boeing 787-9;616;1;0;1;1;0;0;568;63;85-805
7909;LH;LH1019+UA019;MRS;SFO;FRA;600;950;110;1111111;A320neo|Boeing 777-300ER;590;1;0;1;1;1;0;660;69;95-745
7910;KL;KL517+KL1254;LAX;FRA;AMS;1165;915;185;1111111;A330-300|Boeing 737-800;602;1;0;1;0;0;0;619;73;670-60
7911;AF;AF1033+AF050;BOD;MIA;CDG;630;955;255;1111111;A321|A350-900;513;1;0;1;0;0;0;455;75;75-625
7912;DL;DL1421+DL1408;MIA;LAX;JFK;590;645;125;1111111;Boeing 757-200|A350-900;372;1;0;0;1;1;1;429;86;170-350
7913;IB;IB1269+CX023;BER;HKG;MAD;600;1375;395;1111111;A320neo|Boeing 777-300ER;613;1;0;1;1;1;0;807;78;190-790
7914;AT;AT1268+QR1211;CMN;DOH;IST;600;585;105;1111111;Boeing 737 MAX 8|A320;374;1;1;1;1;0;0;443;60;260-220
7915;TK;TK1109+TK1068;ATH;PMI;IST;520;475;175;1111111;Boeing 737 MAX 8|A321neo;212;1;1;1;0;0;1;194;71;75-225
7916;DL;DL018+AF1176;JFK;TUN;CDG;1305;760;180;1111111;Boeing 767-400ER|A318;480;1;0;1;0;0;0;585;78;440-140
7917;TK;TK1111+TK1120;ATH;RAK;IST;825;500;120;1111111;A320neo|A320neo;278;1;1;1;0;1;1;277;74;75-305
7918;MS;MS1455+MS606;TUN;DEL;CAI;820;610;90;0101010;A320neo|Boeing 777-300ER;397;1;1;1;0;0;0;427;71;185-335
7919;AC;AC016+LH1003;YUL;FRA;CDG;1200;595;115;1111111;Boeing 777-300ER|Embraer 190;395;1;0;1;1;0;0;404;69;415-65
7920;AZ;AZ1080+LX1442;FCO;MUC;ZRH;835;265;125;1111111;A321|A320neo;119;1;0;1;0;0;0;91;75;90-50
7921;AF;AF1051+AF072;AMS;GRU;CDG;485;1100;290;1111111;A220-300|A350-900;633;1;0;1;1;1;0;547;76;65-745
7922;KL;KL527+KL506;GRU;SIN;AMS;1160;1925;430;1111111;A330-300|A330-300;927;1;1;1;1;1;0;1319;69;745-750
7923;TP;TP1246+MS1411;LIS;CAI;AMS;615;640;205;1111111;A321neo|A320neo;336;1;0;1;0;1;0;345;56;175-260
7924;AF;AF1009+AF028;NCE;MLE;CDG;990;805;110;1111111;A318|A350-900;528;1;0;1;0;1;0;521;71;95-600
7925;BA;BA051+BA1564;SFO;RAK;LHR;1165;1070;205;1111111;A350-1000|A320neo;631;1;0;1;0;0;0;625;70;645-220
7926;LH;LH1029+LH402;LHR;JFK;FRA;580;700;90;1111111;Embraer 190|A340-600;409;1;0;1;1;1;0;528;63;80-530
7927;AF;AF073+AF1098;GRU;LIS;CDG;1225;970;100;1111111;A350-900|A321;547;1;0;1;1;0;0;661;71;720-150
7928;IB;IB500+QR082;MAD;HKG;DOH;930;1340;475;0010011;A330-200|Boeing 777-300ER;669;1;1;1;0;1;0;755;80;400-465
7929;KL;KL1201+KL516;CDG;LAX;AMS;445;1100;305;1111111;Boeing 737-800|A330-300;609;1;0;1;0;0;0;622;73;60-735
7930;SK;SK1249+SK208;GVA;HND;CPH;815;1050;185;1111111;A320neo|A350-900;629;1;0;1;0;1;0;571;70;115-750
7931;JL;JL019+JL038;LHR;SYD;HND;770;1645;205;1111111;A350-1000|Boeing 777-300ER;937;1;1;1;1;1;1;1032;82;830-610
7932;BA;BA025+BA1518;MLE;GVA;LHR;620;910;120;1111111;A380-800|A319;582;1;0;1;1;0;0;714;67;700-90
7933;QR;QR087+QR058;HND;BRU;DOH;1140;1520;405;0010011;Boeing 777-300ER|A380-800;715;1;1;1;1;1;1;902;86;695-420
7934;DL;DL1433+DL030;MEX;BER;JFK;590;1010;260;1111111;A321neo|A350-900;598;1;0;1;1;0;1;575;78;270-480
7935;AZ;AZ107+TK1083;LAX;IST;FCO;1205;1010;125;1111111;A350-900|A320neo;715;1;1;1;0;1;1;672;71;755-130
7936;AZ;AZ1078+LX600;FCO;JNB;ZRH;535;915;175;1011111;A320neo|A340-300;549;1;0;1;0;1;0;688;78;90-650
7937;TP;TP1250+LH404;LIS;JFK;FRA;590;850;145;1111111;A321neo|Boeing 787-9;434;1;0;1;0;1;0;464;60;175-530
7938;BA;BA045+BA1528;MIA;VIE;LHR;1180;895;245;1111111;Boeing 787-9|A320neo;508;1;0;1;1;1;0;495;65;530-120
7939;TP;TP1277+TP1294;ZRH;CMN;LIS;840;360;100;1111111;A321neo|A321LR;206;1;0;0;0;1;0;168;63;180-80
7940;AF;AF1129+AF040;GVA;HKG;CDG;535;1365;580;1111111;A320|A330-200;650;1;0;1;1;0;0;664;77;65-720
7941;AF;AF067+AF1160;CUN;ATH;CDG;1215;1140;345;1111111;A330-200|A320;598;1;0;1;1;1;0;703;79;610-185
7942;QR;QR028+BA1456;DOH;MUC;LHR;365;720;180;1111111;A350-1000|A321neo;435;1;0;1;1;1;0;365;77;445-95
7943;KL;KL1206+KE015;AMS;ICN;CDG;990;920;90;1111111;Boeing 737-800|A330-300;565;1;0;1;0;1;0;620;73;65-765
7944;LX;LX1400+NH015;ZRH;HND;CDG;505;1130;215;1111111;A220-300|Boeing 777-300ER;651;1;0;1;0;0;0;671;71;75-840
7945;AF;AF1055+AF1172;AMS;RAK;CDG;870;430;155;1111111;A321|A220-300;221;1;0;1;1;1;0;183;75;65-210
7946;KL;KL509+KL1274;ICN;MAD;AMS;595;1190;230;1111111;Boeing 777-300ER|Embraer 195-E2;632;1;0;1;0;1;0;679;74;810-150
7947;OS;OS1000+AC017;VIE;YUL;CDG;520;795;200;1111111;Embraer 195|Boeing 777-300ER;462;1;0;1;1;0;0;463;68;120-475
7948;LX;LX1415+LX1498;MRS;CAI;ZRH;570;465;175;1111111;A320neo|A220-300;263;1;0;1;0;1;0;228;67;70-220
7949;EK;EK107+EK052;SYD;BCN;DXB;1195;1855;460;1111111;A380-800|A380-800;1060;1;1;1;1;0;1;1287;77;950-445
7950;AF;AF022+DL1414;CDG;LAX;JFK;940;1000;150;1111111;A330-200|A350-900;535;1;0;1;1;0;0;646;75;500-350
7951;BA;BA047+BA1560;LAX;CMN;LHR;1090;1130;270;1111111;Boeing 777-300ER|A319;567;1;0;1;1;0;0;737;71;655-205
7952;AF;AF1129+AF1154;GVA;PRG;CDG;535;405;250;1111111;A320|A318;127;1;0;1;1;0;0;126;75;65-90
7953;LH;LH441+LH1174;DEL;BCN;MUC;610;915;295;0011011;Boeing 747-8|A321;500;1;0;1;0;0;0;550;65;500-120
7954;BA;BA059+BA026;GRU;DEL;LHR;1170;1725;505;1111111;A380-800|Boeing 777-300ER;852;1;1;1;1;1;0;1145;71;725-495
7955;AF;AF1141+AF1110;CPH;FCO;CDG;540;320;95;1111111;A220-300|A321;161;1;0;1;1;0;0;194;79;115-110
7956;AF;AF063+AF1182;YUL;ALG;CDG;1335;740;190;1111111;A350-900|A220-300;450;1;0;1;1;1;0;417;78;415-135
7957;QR;QR089+QR038;SYD;AMS;DOH;1220;1485;90;1111111;A350-1000|A380-800;1047;1;1;1;1;1;1;1044;82;975-420
7958;AF;AF1117+AF032;MXP;BKK;CDG;550;935;170;1111111;A321|A350-900;606;1;0;1;1;0;0;576;80;85-680
7959;AA;AA068+BA1536;LAX;CPH;LHR;1295;900;145;1111111;Boeing 777-300ER|A321neo;602;1;0;1;1;0;0;652;65;655-100
7960;AF;AF1063+AF034;FRA;BKK;CDG;750;1245;495;1111111;A318|Boeing 787-9;582;1;0;1;1;0;0;561;72;70-680
7961;AF;AF1053+AF1092;AMS;BCN;CDG;665;400;240;1111111;A320|A321;138;1;0;1;1;0;0;126;79;65-95
7962;JL;JL018+BA1426;HND;TLS;LHR;90;1145;160;1111111;A350-1000|A320neo;764;1;0;1;1;1;0;598;76;890-95
7963;IB;IB1306+AA061;MAD;MIA;FCO;490;1070;245;1111111;A321neo|Boeing 787-9;536;1;0;1;1;0;0;567;80;125-700
7964;LH;LH1221+SQ027;IST;SIN;MUC;595;1345;460;1111111;A319|A380-800;593;1;0;1;1;0;0;876;72;165-720
7965;AZ;AZ103+AZ1016;JFK;MRS;FCO;1285;950;355;1111111;A330-900neo|A320neo;427;1;0;1;0;1;0;426;77;510-85
7966;TG;TG037+TK025;HND;IST;BKK;695;1600;570;1111111;Boeing 777-300ER|Boeing 787-9;561;1;1;1;0;0;1;708;73;405-625
7967;TK;TK043+LH1223;MIA;MUC;IST;1190;995;125;1111111;A350-900|Embraer 190;545;1;0;1;0;0;0;647;71;705-165
7968;BA;BA048+QF025;LHR;SYD;LAX;935;1860;190;1111111;A350-1000|A330-300;964;1;1;1;0;1;0;1262;75;725-945
7969;OS;OS403+OS1038;BKK;BCN;VIE;630;930;90;1111111;Boeing 787-9|A321;625;1;0;1;0;0;0;598;73;695-145
7970;DL;DL045+DL1438;FCO;CUN;JFK;705;915;110;1111111;Boeing 767-400ER|Boeing 757-200;614;1;0;1;1;0;1;744;79;580-225
7971;IB;IB511+IB1328;SFO;GVA;MAD;1210;875;85;1111111;A330-200|A321neo;609;1;0;1;1;0;0;691;82;685-105
7972;AZ;AZ1035+SQ031;FRA;SIN;FCO;550;1305;450;1111111;A220-100|Boeing 787-10;681;1;0;1;0;1;0;629;84;100-755
7973;AF;AF029+AF1106;MLE;OPO;CDG;655;880;70;1111111;A350-900|A318;590;1;0;1;1;0;0;575;73;680-130
7974;KL;KL527+KL504;GRU;DEL;AMS;1160;1665;450;1111111;A330-300|A330-300;780;1;1;1;1;1;0;1049;74;745-470
7975;MS;MS1446+TK1022;CAI;TLS;IST;535;465;110;1111111;A220-300|A320neo;244;1;1;1;0;0;0;257;68;130-225
7976;IB;IB511+IB1284;SFO;BCN;MAD;1210;875;125;1111111;A330-200|A321neo;582;1;0;1;1;0;0;647;87;685-65
7977;DL;DL016+AF020;JFK;RUN;CDG;1170;1465;315;1111111;A330-900neo|Boeing 777-300ER;879;1;1;1;0;1;0;928;75;440-710
7978;IB;IB1221+IB510;LYS;SFO;MAD;610;1005;135;1111111;A321neo|A330-200;639;1;0;1;0;1;0;683;80;105-765
7979;AF;AF1125+AF1100;ZRH;LIS;CDG;850;460;235;1111111;A321|A318;178;1;0;1;0;0;0;195;78;75-150
7980;EK;EK075+EK100;DUB;ICN;DXB;915;1235;295;1111111;Boeing 777-300ER|A380-800;625;1;1;1;1;1;1;888;80;440-500
7981;EK;EK105+EK124;HND;EZE;DXB;1250;2080;340;1111111;Boeing 777-300ER|Boeing 777-300ER;1194;1;1;1;1;1;1;1405;78;670-1070
7982;AT;AT1234+IB510;CMN;SFO;MAD;520;1095;235;1111111;Boeing 737 MAX 8|A330-200;568;1;1;1;0;0;0;679;59;95-765
7983;TG;TG014+AC015;BKK;YUL;CDG;100;1430;185;1111111;Boeing 787-9|Boeing 787-9;781;1;1;1;0;1;0;817;73;770-475
7984;DL;DL055+AM1003;CPH;MEX;JFK;815;950;125;1111111;A330-900neo|Boeing 737 MAX 8;579;1;1;1;1;1;0;564;78;530-295
7985;AF;AF045+AF1082;HND;MAD;CDG;145;1205;185;1111111;A330-200|A220-300;690;1;0;1;1;1;0;720;74;905-115
7986;SK;SK1220+AF1063;CPH;CDG;FRA;570;250;90;1111111;A321LR|A318;140;1;0;1;1;0;0;102;72;90-70
7987;AA;AA052+JL019;MIA;HND;LHR;1220;1520;160;1111111;Boeing 777-300ER|A350-1000;721;1;1;1;1;1;1;986;76;530-830
7988;SK;SK1207+SK202;NCE;MIA;CPH;570;880;80;1111110;A320neo|A330-300;541;1;0;1;1;0;0;626;72;135-665
7989;IB;IB1331+IB1290;BRU;PMI;MAD;605;535;330;1111111;A320neo|A321XLR;154;1;0;0;0;1;0;156;78;135-70
7990;NH;NH1207+NH018;ICN;LHR;HND;840;1600;595;1111111;Boeing 737-800|Boeing 777-300ER;668;1;1;1;1;0;1;744;85;115-890
7991;KL;KL1263+KL518;BER;SFO;AMS;505;1030;225;1111111;Boeing 737-900|Boeing 777-300ER;603;1;0;1;0;0;0;630;72;85-720
7992;SN;SN1252+LX604;BRU;MLE;ZRH;550;1140;500;1110110;A320|Boeing 777-300ER;561;1;0;1;0;0;0;556;67;70-570
7993;LH;LH1215+LH442;PRG;BKK;MUC;595;1195;505;1111111;Embraer 190|A340-600;590;1;0;1;1;0;0;684;65;55-635
7994;AF;AF1167+SK1205;CMN;CPH;CDG;635;575;290;1111111;A318|A320neo;245;1;0;1;1;0;0;239;72;180-105
7995;QR;QR081+QR024+BA1420;DPS;MRS;DOH-LHR;1125;1415;145-90;1100100;Boeing 787-9|Boeing 777-300ER|A319;687;1;0;1;1;0;0;868;77;630-445-105
7996;AC;AC030+OS1013;YUL;VIE;LHR;1120;670;155;1111111;Boeing 787-9|A321;440;1;0;1;0;0;0;412;69;395-120
7997;JL;JL018+BA1484;HND;LIS;LHR;90;1200;150;1111111;A350-1000|A319;734;1;0;1;0;0;0;649;72;890-160
7998;AA;AA030+IB1360;JFK;RAK;MAD;1300;750;205;1111111;Boeing 787-9|A321neo;457;1;0;1;1;0;0;404;72;430-115
7999;UA;UA018+LH1046;SFO;MUC;FRA;1160;850;110;1111111;Boeing 777-300ER|A320neo;664;1;0;1;0;0;0;620;68;685-55
8000;IB;IB1339+IB1226;DUB;MRS;MAD;600;505;270;1111111;A321neo|A321XLR;159;1;0;0;1;1;0;189;86;140-95
8001;AA;AA045+AA1038;DUB;MEX;JFK;835;850;110;1111111;Boeing 777-300ER|Boeing 737-800;587;1;0;1;1;0;1;601;69;445-295
8002;AF;AF053+AF030;LAX;DEL;CDG;1110;1470;310;1111111;Boeing 777-300ER|Boeing 777-300ER;716;1;1;1;1;1;0;1018;81;675-485
8003;EK;EK031+EK1018;LHR;DOH;DXB;985;780;305;1111111;A350-900|Boeing 777-300ER;474;1;1;1;1;0;1;338;77;410-65
8004;AF;AF1171+AF026;RAK;DXB;CDG;625;915;325;1111111;A318|Boeing 777-300ER;458;1;0;1;1;1;0;511;74;195-395
8005;AF;AF1037+AF066;NTE;CUN;CDG;625;925;170;1111111;A220-300|A330-200;517;1;0;1;0;1;0;565;72;60-695
8006;AF;AF049+AF018;MIA;JNB;CDG;1105;1480;260;1111111;Boeing 777-300ER|A330-200;781;1;1;1;1;0;0;1047;77;550-670
8007;TK;TK034+NH1206;IST;ICN;HND;810;1245;345;1111111;A330-300|Boeing 737-800;502;1;1;1;1;0;1;703;72;765-135
8008;BA;BA055+BA024;YUL;MLE;LHR;1275;1620;605;1111111;Boeing 787-9|A380-800;776;1;1;1;0;0;0;923;66;395-620
8009;BA;BA053+BA1466;YUL;MAD;LHR;1095;640;115;1111111;A350-1000|A321neo;444;1;0;1;1;0;0;389;68;395-130
8010;AF;AF023+AF016;JFK;ABJ;CDG;1290;1040;195;1111111;A330-200|Boeing 777-300ER;523;1;1;1;1;1;0;698;76;440-405
8011;AF;AF1005+AF1038;NCE;NTE;CDG;725;415;255;1111111;A320|A320;116;1;0;1;1;0;0;107;74;95-65
8012;IB;IB1349+IB504;IST;JFK;MAD;620;940;195;1111111;A320neo|A330-200;500;1;0;1;1;1;0;556;85;250-495
8013;BA;BA1481+BA040;BCN;HND;LHR;940;1220;270;1111111;A320neo|Boeing 787-9;678;1;0;1;1;0;0;620;73;120-830
8014;EK;EK079+EK094;CMN;SIN;DXB;915;1250;345;1111111;Boeing 777-300ER|A350-900;708;1;1;1;1;1;1;714;74;450-455
8015;EK;EK049+EK094;MAD;SIN;DXB;1110;1055;180;1111111;A380-800|A350-900;676;1;1;1;1;1;1;741;74;420-455
8016;AF;AF1069+AF074;MUC;EZE;CDG;550;1185;220;1101010;A321|A330-200;718;1;0;1;0;0;0;790;74;95-870
8017;UA;UA016+MS1407;SFO;CAI;LHR;1150;1145;225;1111111;Boeing 767-300ER|A320neo;778;1;1;1;0;1;0;881;74;645-275
8018;SQ;SQ026+LH1146;SIN;BOD;MUC;145;1220;285;1010101;A380-800|A321;761;1;0;1;1;0;0;855;72;820-115
8019;BA;BA049+BA1424;LAX;MRS;LHR;1290;910;150;1111111;A350-1000|A321neo;587;1;0;1;1;0;0;561;77;655-105
8020;AF;AF1077+AF1178;BER;TUN;CDG;870;425;185;1111111;A318|A220-300;189;1;0;1;0;0;0;211;77;100-140
8021;AH;AH1031+AH1054;MAD;CAI;ALG;640;425;120;1111111;A330-200|Boeing 737-800;261;1;1;1;0;0;0;289;56;90-215
8022;OS;OS1000+UA015;VIE;SFO;CDG;520;1015;160;1111111;Embraer 195|Boeing 777-300ER;599;1;0;1;1;0;0;686;75;120-735
8023;AI;AI031+AZ119;SYD;FCO;DEL;925;1910;580;0010101;Boeing 777-300ER|A350-900;840;1;1;1;0;1;1;1002;75;825-505
8024;DL;DL1425+DL030;YUL;BER;JFK;455;1205;650;1111111;A321neo|A350-900;465;1;0;1;1;1;1;394;78;75-480
8025;KL;KL1217+KL518;LYS;SFO;AMS;595;940;125;1111111;Boeing 737-800|Boeing 777-300ER;615;1;0;1;0;0;0;644;72;95-720
8026;AF;AF019+AF1032;JNB;BOD;CDG;1355;840;80;1111111;A330-200|A321;564;1;0;1;1;0;0;621;72;685-75
8027;TK;TK1061+TK020;MAD;MLE;IST;625;880;210;1111111;A321neo|Boeing 787-9;550;1;1;1;0;0;1;513;72;215-455
8028;AF;AF065+AF1156;MEX;PRG;CDG;1210;1060;290;1111111;A330-200|A220-300;595;1;0;1;0;0;0;670;80;680-90
8029;LX;LX1445+LX1422;BER;NTE;ZRH;565;350;155;1111111;A320neo|A220-300;178;1;0;1;1;1;0;119;73;90-105
8030;AA;AA073+AA1060;SYD;CUN;LAX;775;1420;255;1111111;Boeing 777-200ER|A321;829;1;0;1;1;0;1;1174;77;900-265
8031;OS;OS1026+LH1144;VIE;TLS;MUC;590;330;155;1011111;A321|A321;161;1;0;0;0;0;0;131;72;65-110
8032;DL;DL059+DL1430;PRG;YUL;JFK;800;785;155;1111111;Boeing 767-400ER|Boeing 757-200;450;1;0;1;1;0;1;551;88;555-75
8033;AT;AT501+AT1234;JNB;MAD;CMN;1325;790;90;1101010;Boeing 787-9|Boeing 737 MAX 8;496;1;1;1;0;0;0;489;59;605-95
8034;LH;LH1171+LH448;BCN;ICN;MUC;505;1380;540;0101010;Embraer 190|A350-900;585;1;0;1;0;0;0;574;64;110-730
8035;AM;AM018+KL1302;MEX;MXP;AMS;1205;1035;260;1111111;Boeing 787-9|Boeing 737-900;632;1;0;1;0;1;0;582;74;680-95
8036;BA;BA1485+BA050;LIS;SFO;LHR;585;950;85;1111111;A319|A350-1000;630;1;0;1;0;0;0;596;68;155-710
8037;LH;LH1011+LH434;NCE;GRU;FRA;605;980;115;1010101;A319|A350-900;595;1;0;1;0;0;0;606;63;90-775
8038;QR;QR024+BA1488;DOH;OPO;LHR;160;685;105;1111111;Boeing 777-300ER|A320neo;506;1;0;1;1;0;0;450;66;445-135
8039;IB;IB513+IB1222;MEX;LYS;MAD;1185;1010;250;1111111;A350-900|A321XLR;598;1;0;1;0;0;0;572;83;665-95
8040;BA;BA115+AA1042;LHR;CUN;JFK;685;935;230;1111111;A350-1000|Boeing 737-800;547;1;0;1;1;0;1;503;78;480-225
8041;EK;EK103+EK1012;HND;MLE;DXB;140;1220;300;1111111;A380-800|Boeing 777-300ER;583;1;1;1;1;1;1;836;74;670-250
8042;LX;LX612+NH1203;ZRH;HND;HKG;1140;1185;255;1111111;A340-300|Boeing 737-800;674;1;1;1;1;0;0;926;71;695-235
8043;AT;AT504+AA1042;CMN;CUN;JFK;845;835;115;1111111;Boeing 787-8|Boeing 737-800;489;1;0;1;1;0;1;517;65;495-225
8044;IB;IB1215+IB508;NCE;LAX;MAD;550;1065;180;1111111;A320neo|A330-200;584;1;0;1;1;0;0;691;88;110-775
8045;SQ;SQ047+SQ026;SYD;MUC;SIN;845;1680;350;1111111;Boeing 787-10|A380-800;1032;1;1;1;1;1;1;1095;86;510-820
8046;LX;LX1497+LX1408;CMN;NCE;ZRH;805;300;40;1111111;A320neo|A320neo;215;1;0;1;0;1;0;176;67;190-70
8047;LH;LH421+LH1062;HND;BCN;FRA;610;1120;120;1111111;A340-600|A321;677;1;0;1;0;0;0;809;65;880-120
8048;KL;KL531+KL1284;JNB;LIS;AMS;1320;950;55;1111111;Boeing 777-300ER|Embraer 195-E2;574;1;0;1;1;1;0;710;78;705-190
8049;SK;SK1211+SK204;LHR;LAX;CPH;495;975;140;1111110;A320neo|A330-300;552;1;0;1;1;1;0;669;69;100-735
8050;BA;BA059+BA018;GRU;DXB;LHR;1170;1415;280;1111111;A380-800|Boeing 787-9;743;1;1;1;1;1;0;1007;70;725-410
8051;LH;LH1177+NH025;LIS;HND;MUC;825;1075;90;1111111;A319|Boeing 787-9;694;1;0;1;1;0;0;670;66;180-805
8052;BA;BA1450+CX021;LHR;HKG;FRA;955;865;95;1111111;A320neo|A350-900;607;1;0;1;1;1;0;555;72;80-690
8053;BA;BA045+BA1410;MIA;NCE;LHR;1180;885;250;1111111;Boeing 787-9|A319;550;1;0;1;0;1;0;492;65;530-105
8054;AF;AF1063+AF040;FRA;HKG;CDG;750;1150;360;1111111;A318|A330-200;613;1;0;1;1;0;0;668;72;70-720
8055;IB;IB509+IB1374;LAX;CAI;MAD;1195;1025;75;1111111;A330-200|A321neo;690;1;0;1;1;0;0;835;81;690-260
8056;LH;LH1088+SQ039;FRA;SIN;BRU;580;1280;465;1111111;Embraer 190|A380-800;701;1;0;1;1;1;0;819;68;60-755
8057;MS;MS1438+OS1008;CAI;NCE;VIE;840;380;45;1111111;A320neo|A320;197;1;0;1;0;0;0;247;62;230-105
8058;EK;EK1015+EK052;DEL;BCN;DXB;585;755;90;1111111;Boeing 777-300ER|A380-800;538;1;1;1;1;0;1;562;82;220-445
8059;TK;TK039+TK018;JFK;JNB;IST;1105;1280;100;1111111;A350-900|A330-300;739;1;1;1;0;0;1;925;73;590-590
8060;DL;DL017+DL1418;CDG;SFO;JFK;795;985;115;1111111;A330-900neo|Boeing 767-400ER;539;1;0;1;1;0;1;701;81;500-370
8061;TK;TK019+TK1018;JNB;LYS;IST;1335;1075;285;1111111;A330-300|Boeing 737 MAX 8;536;1;1;1;0;1;1;619;74;590-200
8062;OS;OS403+OS1066;BKK;ATH;VIE;630;920;100;1111111;Boeing 787-9|A321;507;1;0;1;0;1;0;589;73;695-125
8063;AT;AT509+AT1228;YUL;FRA;CMN;1185;940;310;1111111;Boeing 787-9|Boeing 737-800;397;1;1;1;0;0;0;492;59;425-205
8064;LX;LX617+LX1468;ICN;FCO;ZRH;585;1090;175;1101010;A330-300|A220-300;638;1;0;1;0;0;0;627;65;830-85
8065;AA;AA068+BA1512;LAX;ZRH;LHR;1295;900;150;1111111;Boeing 777-300ER|A320neo;631;1;0;1;1;0;0;636;76;655-95
8066;KL;KL1221+KE019;MRS;ICN;AMS;595;1265;425;1111111;Boeing 737-900|Boeing 787-9;616;1;0;1;1;0;0;566;75;105-735
8067;LH;LH1117+SQ025;TUN;SIN;FRA;610;1230;350;1111111;Embraer 190|A380-800;694;1;0;1;1;0;0;916;69;145-735
8068;AF;AF041+AF1072;HKG;MUC;CDG;655;1010;115;1111111;A330-200|A220-300;574;1;0;1;1;0;0;681;76;810-85
8069;IB;IB1277+IB1342;BCN;PRG;MAD;665;330;90;1111111;A320neo|A321XLR;175;1;0;0;1;1;0;158;78;75-165
8070;AF;AF1175+AF028;TUN;MLE;CDG;535;1260;510;1111111;A321|A350-900;497;1;0;1;0;1;0;601;73;150-600
8071;BA;BA1521+BA044;BRU;MIA;LHR;515;955;285;1111111;A319|Boeing 787-9;485;1;0;1;1;1;0;423;70;65-605
8072;QR;QR043+QR082;MUC;HKG;DOH;945;1325;530;0010011;A380-800|Boeing 777-300ER;657;1;1;1;1;1;1;730;80;330-465
8073;MS;MS1426+SQ031;CAI;SIN;FCO;600;1315;345;1111111;A220-300|Boeing 787-10;568;1;1;1;0;1;0;693;70;215-755
8074;AF;AF065+AF038;MEX;SIN;CDG;1210;1880;435;1111111;A330-200|Boeing 777-300ER;921;1;1;1;0;0;0;1295;76;680-765
8075;TP;TP203+TP1302;JFK;ALG;LIS;1280;575;60;1111111;A321LR|A320neo;462;1;0;1;0;1;0;388;62;405-110
8076;EK;EK097+EK036;DPS;LGW;DXB;1100;1425;360;1111111;A350-900|A380-800;748;1;1;1;1;1;1;818;74;600-465
8077;AZ;AZ1107+AZ104;IST;MIA;FCO;745;915;70;1111111;A220-100|A350-900;615;1;0;1;0;1;0;570;74;145-700
8078;LH;LH451+LH1156;JFK;AMS;MUC;1170;835;260;1111111;Boeing 747-8|A320neo;451;1;0;1;1;1;0;540;63;485-90
8079;AA;AA1027+AA036;MIA;FCO;JFK;810;825;145;1111111;A321|Boeing 777-200ER;590;1;0;1;1;1;1;654;74;170-510
8080;BA;BA1429+BA040;TLS;HND;LHR;1060;1100;170;1111111;A321neo|Boeing 787-9;643;1;0;1;1;0;0;598;76;100-830
8081;AF;AF027+AF1094;DXB;BCN;CDG;820;665;125;1111111;Boeing 777-300ER|A318;382;1;0;1;1;0;0;426;80;445-95
8082;KL;KL1233+KL643;NTE;JFK;AMS;590;730;135;1111111;Embraer 195-E2|A330-300;426;1;0;1;0;0;0;442;71;90-505
8083;KL;KL1204+AF1072;AMS;MUC;CDG;805;440;290;1111111;Boeing 737-900|A220-300;123;1;0;1;0;0;0;97;80;65-85
8084;SQ;SQ057+SQ042;JNB;ICN;SIN;870;1440;410;1111111;Boeing 777-300ER|Boeing 777-300ER;762;1;1;1;1;1;1;863;77;655-375
8085;LX;LX1411+LX622;LYS;LAX;ZRH;565;1005;170;1111111;A220-300|A340-300;659;1;0;1;0;1;0;740;66;55-780
8086;IB;IB519+IB1374;EZE;CAI;MAD;1190;1330;305;1101111;A330-300|A321neo;737;1;0;1;1;0;0;881;81;765-260
8087;UA;UA1421+UA1412;CUN;LAX;SFO;800;545;135;1111111;Boeing 787-10|Boeing 737 MAX 9;332;1;0;0;1;0;1;306;81;335-75
8088;KL;KL517+KL1214;LAX;NCE;AMS;1165;970;195;1111111;A330-300|Boeing 737-900;621;1;0;1;0;0;0;680;72;670-105
8089;IB;IB1321+IB518;ZRH;EZE;MAD;540;1080;150;1011111;A321XLR|A330-300;699;1;0;1;1;1;0;760;85;135-795
8090;IB;IB1345+IB1290;ATH;PMI;MAD;615;585;275;1111111;A321XLR|A321XLR;204;1;0;0;1;1;0;206;78;240-70
8091;AF;AF067+AF1028;CUN;TLS;CDG;1215;925;230;1111111;A330-200|A321;542;1;0;1;1;0;0;595;75;610-85
8092;OS;OS405+OS1048;HND;MXP;VIE;605;1020;60;1111111;Boeing 787-9|Embraer 195;617;1;0;1;0;0;0;565;77;865-95
8093;AA;AA020+BA1416;JFK;LYS;LHR;1275;780;270;1111111;Boeing 777-200ER|A319;444;1;0;1;1;0;0;490;67;420-90
8094;AF;AF043+AF1172;ICN;RAK;CDG;640;1140;85;1111111;A330-200|A220-300;697;1;0;1;0;1;0;723;76;845-210
8095;IB;IB1257+IB508;FRA;LAX;MAD;550;1065;140;1111111;A321XLR|A330-200;637;1;0;1;1;1;0;730;88;150-775
8096;AT;AT1281+AT1230;RAK;MUC;CMN;625;435;185;1111111;Boeing 737 MAX 8|Boeing 737-800;196;1;1;1;0;0;0;202;59;45-205
8097;IB;IB1201+IB1296;CDG;LIS;MAD;510;425;230;1111111;A320neo|A320neo;160;1;0;0;1;1;0;132;82;115-80
8098;BA;BA1539+BA1438;DUB;AMS;LHR;505;295;170;1111111;A320neo|A319;116;1;0;0;1;1;0;75;69;65-60
8099;CX;CX016+BA1412;HKG;NCE;LHR;635;1090;175;1111111;Boeing 777-300ER|A320neo;658;1;0;1;0;1;0;713;67;810-105
8100;LH;LH1046+LH440;FRA;DEL;MUC;1055;545;50;0110110;A320neo|Boeing 747-8;419;1;0;1;0;1;0;466;68;55-440
8101;AF;AF1125+AF1160;ZRH;ATH;CDG;850;425;165;1111111;A321|A320;186;1;0;1;1;0;0;216;79;75-185
8102;KL;KL1229+KL1242;BOD;LHR;AMS;590;290;125;1111111;Embraer 195-E2|Boeing 737-800;120;1;0;0;0;0;0;115;72;100-65
8103;TP;TP1241+TP1308;LHR;ABJ;LIS;610;535;70;1111111;A321LR|A320neo;392;1;0;0;0;1;0;358;60;160-305
8104;AF;AF1077+AF026;BER;DXB;CDG;870;670;175;1111111;A318|Boeing 777-300ER;394;1;0;1;0;0;0;426;75;100-395
8105;AF;AF031+AF1010;DEL;NCE;CDG;635;830;195;1111111;Boeing 777-300ER|A220-300;467;1;0;1;1;0;0;485;75;550-85
8106;AF;AF1135+AF016;VIE;ABJ;CDG;555;695;170;1111111;A320|Boeing 777-300ER;381;1;0;1;1;0;0;422;77;120-405
8107;EK;EK033+EK096;LHR;DPS;DXB;1120;1120;135;1111111;A380-800|A350-900;777;1;1;1;1;1;1;820;83;410-575
8108;AC;AC056+LX1483;YUL;ZRH;DUB;1215;625;140;0111011;A330-300|A321neo;416;1;0;1;0;1;0;414;65;365-120
8109;LX;LX1493+LX622;IST;LAX;ZRH;590;1100;140;1111111;A220-300|A340-300;748;1;0;1;0;0;0;830;70;180-780
8110;IB;IB1263+IB518;MUC;EZE;MAD;545;1075;125;1011111;A321XLR|A330-300;704;1;0;1;0;0;0;781;84;155-795
8111;KL;KL1257+KL526;MUC;GRU;AMS;520;1055;195;1111111;Boeing 737-800|A330-300;655;1;0;1;0;0;0;702;76;90-770
8112;LH;LH1117+LH424;TUN;LAX;FRA;610;960;55;1111111;Embraer 190|Boeing 747-8;694;1;0;1;1;0;0;844;69;145-760
8113;BA;BA1431+BA1528;BOD;VIE;LHR;585;410;195;1111111;A319|A320neo;162;1;0;0;1;0;0;181;72;95-120
8114;IB;IB1273+IB514;BCN;CUN;MAD;430;1070;320;1111111;A321neo|A330-300;594;1;0;1;0;0;0;558;85;75-675
8115;LH;LH1097+LH1118;CPH;TUN;FRA;610;575;340;1111111;A321|A320neo;207;1;0;0;0;1;0;192;65;90-145
8116;TP;TP1297+TP1266;RAK;BCN;LIS;535;440;250;1111111;A321LR|A320neo;164;1;0;0;1;0;0;151;56;90-100
8117;AF;AF1089+AF066;BCN;CUN;CDG;520;1030;240;1111111;A220-300|A330-200;548;1;0;1;1;1;0;606;74;95-695
8118;LH;LH1127+LX1443;CDG;ZRH;MUC;705;375;235;1111111;Embraer 190|A320neo;102;1;0;1;1;0;0;90;61;85-55
8119;UA;UA016+TP1243;SFO;LIS;LHR;1150;1025;220;1111111;Boeing 767-300ER|A320neo;601;1;0;1;0;1;0;749;61;645-160
8120;TK;TK1105+TK1138;PRG;DOH;IST;605;550;190;1111111;Boeing 737 MAX 8|A321neo;335;1;1;1;0;0;1;310;78;140-220
8121;IB;IB1369+IB1296;ALG;LIS;MAD;620;315;135;1111111;A321neo|A320neo;142;1;0;0;0;0;0;104;82;100-80
8122;AF;AF1129+AF068;GVA;PTP;CDG;535;880;235;1111111;A320|A350-900;465;1;0;1;1;0;0;410;77;65-580
8123;BA;BA1487+BA034;LIS;SIN;LHR;1040;1025;95;1111111;A320neo|Boeing 787-9;728;1;0;1;1;0;0;699;67;155-775
8124;AA;AA033+AA1042;BCN;CUN;JFK;745;935;185;1111111;Boeing 777-300ER|Boeing 737-800;600;1;0;1;1;0;1;600;80;525-225
8125;KL;KL501+KL1228;DXB;BOD;AMS;240;630;85;1111111;Boeing 787-10|Embraer 195-E2;400;1;0;1;0;0;0;360;71;440-105
8126;QR;QR089+QR016;SYD;CDG;DOH;1220;1490;90;1111111;A350-1000|A380-800;1015;1;1;1;1;1;1;1047;82;975-425
8127;TU;TU1267+TU1234;ALG;MUC;TUN;830;370;160;1111111;A320neo|A320neo;145;1;1;1;0;0;0;160;52;80-130
8128;AF;AF037+AF006;SIN;JFK;CDG;125;1465;95;1111111;A330-200|Boeing 777-300ER;901;1;1;1;1;1;1;1076;74;870-500
8129;AF;AF043+AF1066;ICN;FRA;CDG;640;1115;205;1111111;A330-200|A320;561;1;0;1;0;0;0;625;71;845-65
8130;AI;AI015+AI030;CDG;SYD;DEL;1180;1690;420;1010100;Boeing 777-300ER|Boeing 777-300ER;969;1;1;1;0;1;0;1105;65;485-785
8131;LH;LH1087+AI021;GVA;DEL;FRA;1045;605;85;1111111;A321|Boeing 777-300ER;425;1;0;1;1;0;0;444;64;65-455
8132;BA;BA047+BA1506;LAX;MXP;LHR;1090;1090;340;1111111;Boeing 777-300ER|A320neo;595;1;0;1;0;1;0;648;68;655-95
8133;TP;TP215+TP1326;GRU;LHR;OPO;1185;1030;275;0101010;A321LR|A321neo;625;1;0;1;1;1;0;556;58;630-125
8134;TG;TG031+TG1206;BRU;SIN;BKK;1160;895;85;1111111;Boeing 777-300ER|A320neo;638;1;1;1;0;0;0;721;79;670-140
8135;UA;UA020+SQ027;SFO;SIN;MUC;1155;1565;140;1111111;Boeing 787-10|A380-800;751;1;1;1;1;1;1;1267;77;705-720
8136;AF;AF011+AF016;JFK;ABJ;CDG;1220;1110;265;1111111;Boeing 787-9|Boeing 777-300ER;476;1;1;1;1;1;0;637;77;440-405
8137;QR;QR028+BA1478;DOH;BCN;LHR;365;650;90;1111111;A350-1000|A319;441;1;0;1;1;0;0;401;74;445-115
8138;TP;TP211+TP1286;GRU;CPH;LIS;1170;1140;310;1101110;A321LR|A321LR;666;1;0;1;1;1;0;599;65;610-220
8139;QR;QR014+BA1403;DOH;LHR;CDG;205;690;205;1111111;Boeing 777-300ER|A321neo;456;1;0;1;1;0;0;352;79;425-60
8140;AH;AH1007+AH104;ORY;YUL;ALG;640;735;70;1111110;A330-200|A330-900neo;393;1;1;1;0;0;0;477;53;135-530
8141;BA;BA1543+QF015;DUB;SYD;LHR;1130;1420;100;1111111;A319|Boeing 787-9;952;1;0;1;0;0;0;974;67;65-1255
8142;LX;LX605+LX1452;MLE;MAD;ZRH;610;885;105;0111011;Boeing 777-300ER|A320neo;677;1;0;1;0;1;0;611;71;645-135
8143;BA;BA1479+BA048;BCN;LAX;LHR;715;1005;160;1111111;A319|A350-1000;602;1;0;1;0;0;0;593;75;120-725
8144;AZ;AZ1119+AZ116;TUN;HND;FCO;1080;1055;130;1111111;A321|A350-900;625;1;0;1;0;0;0;598;83;80-845
8145;AT;AT505+AT1216;JFK;NTE;CMN;1195;875;290;1101101;Boeing 787-8|Boeing 737-800;406;1;1;1;0;0;0;445;70;430-155
8146;KL;KL1225+KL643;TLS;JFK;AMS;595;725;115;1111111;Boeing 737-800|A330-300;462;1;0;1;1;0;0;480;71;105-505
8147;DL;DL051+DL1412;ZRH;LAX;JFK;815;1010;120;1111111;A350-900|Boeing 767-400ER;611;1;0;1;1;0;1;710;83;540-350
8148;TG;TG032+TK048;BKK;YUL;IST;115;1600;335;1111111;Boeing 787-9|A330-300;776;1;1;1;0;0;0;910;80;625-640
8149;EK;EK071+EK094;VIE;SIN;DXB;910;1255;475;1111111;A350-900|A350-900;689;1;1;1;1;1;1;550;73;325-455
8150;AF;AF1153+AF044;PRG;HND;CDG;550;1100;160;1111111;A321|A330-200;634;1;0;1;1;0;0;716;80;100-840
8151;IB;IB1273+IB1344;BCN;ATH;MAD;430;390;110;1111111;A321neo|A321XLR;197;1;0;0;0;1;0;200;87;75-205
8152;SN;SN505+SN1240;JFK;OPO;BRU;1155;875;275;1111111;A330-300|A320;427;1;0;1;0;0;0;530;71;445-155
8153;LH;LH1039+LH410;AMS;DEL;FRA;525;1065;550;1111111;Embraer 190|Boeing 747-8;437;1;0;1;1;0;0;494;68;60-455
8154;AA;AA022+BA1540;JFK;DUB;LHR;1375;645;155;1111111;Boeing 777-300ER|A321neo;398;1;0;1;0;1;0;398;71;420-70
8155;BA;BA1503+BA046;MXP;LAX;LHR;515;985;155;1111111;A321neo|Boeing 777-300ER;585;1;0;1;1;0;0;648;73;105-725
8156;AF;AF019+AF1136;JNB;VIE;CDG;1355;1120;330;1111111;A330-200|A321;602;1;0;1;0;0;0;671;72;685-105
8157;TP;TP203+TP1244;JFK;LGW;LIS;1280;840;285;1111111;A321LR|A321neo;423;1;0;1;0;0;0;399;62;405-150
8158;AZ;AZ1080+LX1438;FCO;FRA;ZRH;835;260;115;1111111;A321|A220-300;129;1;0;1;1;0;0;93;77;90-55
8159;AA;AA017+AA1042;LHR;CUN;JFK;755;865;160;1111111;Boeing 777-300ER|Boeing 737-800;497;1;0;1;0;0;1;561;75;480-225
8160;CX;CX1003+CX044;BKK;JNB;HKG;630;1070;60;1101010;A321neo|Boeing 777-300ER;647;1;1;1;1;1;0;807;76;165-845
8161;LH;LH433+LH418;CUN;ICN;FRA;1170;1810;440;1111111;A350-900|A340-600;784;1;1;1;0;1;0;1108;64;635-735
8162;AA;AA1026+QR093;JFK;DOH;MIA;790;1425;355;1111111;A321|Boeing 787-9;771;1;0;1;1;0;1;814;80;175-895
8163;OS;OS1069+OS1010;IST;LYS;VIE;605;440;205;1111111;A321|A320;173;1;0;0;0;0;0;214;77;130-105
8164;SQ;SQ034+LX620;SIN;MIA;ZRH;145;1755;250;1111111;Boeing 787-10|Boeing 777-300ER;1081;1;1;1;0;1;0;1073;74;840-665
8165;OS;OS407+OS1010;JFK;LYS;VIE;1180;825;210;1111111;Boeing 777-200ER|A320;430;1;0;1;0;0;0;600;77;510-105
8166;AC;AC1203+AC042;LAX;LIS;YUL;625;800;100;1111111;Boeing 787-9|Boeing 777-300ER;544;1;0;1;1;1;1;607;65;305-395
8167;TK;TK039+TK1106;JFK;PRG;IST;1105;1070;325;1111111;A350-900|A320neo;466;1;1;1;0;1;1;563;77;590-155
8168;IB;IB519+CX023;EZE;HKG;MAD;1190;1985;430;1101111;A330-300|Boeing 777-300ER;1001;1;1;1;1;1;0;1338;78;765-790
8169;AF;AF1061+AF014;FRA;DSS;CDG;510;680;250;1111111;A321|A330-200;391;1;0;1;1;0;0;319;76;70-360
8170;QR;QR057+QR088;GVA;SYD;DOH;920;1795;515;1111111;A350-1000|A350-1000;1017;1;1;1;1;1;1;929;81;355-925
8171;AF;AF1081+AF044;MAD;HND;CDG;525;1125;175;1111111;A318|A330-200;642;1;0;1;1;0;0;737;80;110-840
8172;LX;LX619+LX602;JFK;DXB;ZRH;1160;1165;330;1111111;Boeing 777-300ER|A330-300;733;1;1;1;1;1;1;720;67;475-360
8173;AZ;AZ1109+AZ1016;IST;MRS;FCO;950;325;95;1111111;A320neo|A320neo;191;1;0;0;0;1;0;166;79;145-85
8174;AF;AF1005+AF038;NCE;SIN;CDG;725;1345;485;1111111;A320|Boeing 777-300ER;660;1;0;1;0;0;0;766;76;95-765
8175;TK;TK1036+NH021;IST;HND;LHR;1060;1230;155;1111111;Boeing 737 MAX 8|Boeing 787-9;618;1;1;1;0;0;1;691;81;245-830
8176;BA;BA1471+BA042;MAD;ICN;LHR;835;1135;245;1111111;A320neo|A350-1000;581;1;0;1;1;0;0;589;66;125-765
8177;TK;TK017+TK1104;ABJ;PRG;IST;1325;705;150;1111111;A350-900|Boeing 737 MAX 8;392;1;1;1;1;1;1;406;70;400-155
8178;AF;AF033+AF1148;BKK;DUB;CDG;115;1200;325;1111111;A350-900|A318;596;1;0;1;1;0;0;594;72;770-105
8179;LH;LH425+LH1106;LAX;PRG;FRA;1185;820;65;1111111;Boeing 747-8|A320neo;611;1;0;1;1;1;0;731;65;695-60
8180;KE;KE022+AF1087;ICN;CDG;MAD;600;1195;145;1111111;A380-800|A321;548;1;0;1;1;0;0;851;76;940-110
8181;AF;AF065+AF1164;MEX;IST;CDG;1210;1085;210;1111111;A330-200|A321;656;1;0;1;1;0;0;775;74;680-195
8182;EK;EK051+EK090;BCN;BKK;DXB;695;1225;445;1111111;A350-900|A380-800;697;1;1;1;1;1;1;649;80;390-390
8183;EK;EK101+EK042;ICN;FRA;DXB;1085;1475;485;1111111;A380-800|Boeing 777-300ER;607;1;1;1;1;1;1;818;79;575-415
8184;LH;LH419+LH1066;ICN;LIS;FRA;625;1105;100;1111111;A340-600|A321;681;1;0;1;0;0;0;789;62;810-195
8185;BA;BA1511+BA1560;ZRH;CMN;LHR;815;505;195;1111111;A319|A319;189;1;0;0;1;0;0;246;65;105-205
8186;BA;BA1473+BA030;MAD;BKK;LHR;1005;1035;220;1111111;A321neo|Boeing 777-300ER;635;1;0;1;1;1;0;727;72;125-690
8187;TK;TK043+TK1138;MIA;DOH;IST;1190;1045;120;1111111;A350-900|A321neo;749;1;1;1;0;0;1;709;71;705-220
8188;AT;AT509+AT1268;YUL;IST;CMN;1185;755;70;1111111;Boeing 787-9|Boeing 737 MAX 8;422;1;1;1;0;1;0;532;60;425-260
8189;AZ;AZ1047+AZ110;BER;GRU;FCO;540;1050;185;1111111;A220-100|A330-900neo;612;1;0;1;0;1;0;614;73;120-745
8190;IB;IB515+IB1374;CUN;CAI;MAD;1200;1200;355;1111111;A330-300|A321neo;687;1;0;1;0;0;0;743;81;585-260
8191;AF;AF049+AF1110;MIA;FCO;CDG;1105;835;175;1111111;Boeing 777-300ER|A321;534;1;0;1;1;0;0;589;78;550-110
8192;BA;BA015+BA1456;JNB;MUC;LHR;1300;1165;360;1111111;A350-1000|A321neo;610;1;0;1;1;1;0;575;65;710-95
8193;OS;OS403+OS1020;BKK;AMS;VIE;630;890;85;1111111;Boeing 787-9|A320;555;1;0;1;0;0;0;557;73;695-110
8194;AZ;AZ1003+MS1429;CDG;CAI;FCO;730;530;230;1111111;A220-100|Boeing 737-800;262;1;0;1;1;0;0;265;67;110-190
8195;LH;LH1085+LH436;GVA;EZE;FRA;580;1140;175;1111111;A320neo|A350-900;737;1;0;1;0;1;0;667;62;65-900
8196;LH;LH461+SQ027;MEX;SIN;MUC;1185;1655;210;0110101;A350-900|A380-800;918;1;1;1;1;1;1;1289;74;725-720
8197;QR;QR021+QR078;NCE;SIN;DOH;930;1360;535;0111111;Boeing 777-300ER|Boeing 777-300ER;746;1;1;1;1;0;1;695;81;345-480
8198;AF;AF065+AF1046;MEX;LHR;CDG;1210;915;175;1111111;A330-200|A321;579;1;0;1;1;0;0;633;71;680-60
8199;LH;LH437+LH412;EZE;BKK;FRA;1190;1815;295;1111111;A350-900|A340-600;855;1;1;1;0;0;0;1301;64;870-650
8200;BA;BA033+BA1562;SIN;RAK;LHR;85;1220;120;1111111;A350-1000|A319;717;1;0;1;0;0;0;778;71;880-220
8201;KL;KL1271+KL506;MAD;SIN;AMS;695;1190;300;1111111;Boeing 737-900|A330-300;675;1;0;1;1;1;0;829;69;140-750
8202;MS;MS1448+SQ041;CAI;SIN;IST;835;870;85;1111111;Boeing 737-800|Boeing 787-10;543;1;1;1;0;1;0;600;62;130-655
8203;AF;AF049+AF1154;MIA;PRG;CDG;1105;915;275;1111111;Boeing 777-300ER|A318;512;1;0;1;1;0;0;564;75;550-90
8204;AF;AF037+AF072;SIN;GRU;CDG;125;1880;265;1111111;A330-200|A350-900;937;1;1;1;1;1;0;1211;74;870-745
8205;TG;TG015+TG1210;CDG;DPS;BKK;810;1130;205;1111111;Boeing 787-9|A320neo;772;1;1;1;1;1;0;715;81;680-245
8206;AZ;AZ1042+LH1168;FCO;MAD;MUC;850;435;185;1111111;A320neo|A319;157;1;0;0;1;0;0;211;65;95-155
8207;BA;BA1403+QF015;CDG;SYD;LHR;715;1895;580;1111111;A321neo|Boeing 787-9;1048;1;0;1;1;0;0;958;79;60-1255
8208;QR;QR065+QR082;PRG;HKG;DOH;935;1335;545;0000010;A380-800|Boeing 777-300ER;652;1;1;1;1;1;1;724;80;325-465
8209;KL;KL531+KL510;JNB;HND;AMS;1320;1750;240;1111111;Boeing 777-300ER|Boeing 787-10;729;1;1;1;1;1;0;1095;78;705-805
8210;BA;BA1409+QF015;NCE;SYD;LHR;525;2085;715;1111111;A321neo|Boeing 787-9;964;1;0;1;1;1;0;1017;76;115-1255
8211;KL;KL1202+AF1182;AMS;ALG;CDG;620;375;175;1111111;Embraer 195-E2|A220-300;184;1;0;1;0;1;0;149;76;65-135
8212;AC;AC038+OS1035;YUL;VIE;MAD;1205;855;275;1111111;A330-300|Embraer 195;476;1;0;1;0;0;0;505;66;415-165
8213;OS;OS1012+SQ019;VIE;SIN;LHR;510;1070;155;1111111;A321|Boeing 777-300ER;692;1;0;1;1;0;0;835;75;140-775
8214;LH;LH1029+LH418;LHR;ICN;FRA;580;1260;445;1111111;Embraer 190|A340-600;579;1;0;1;0;1;0;704;63;80-735
8215;AF;AF1137+AF1172;VIE;RAK;CDG;860;440;110;1111111;A321|A220-300;247;1;0;1;0;0;0;247;76;120-210
8216;BA;BA176+BA1522;JFK;BRU;LHR;1240;780;305;1111111;Boeing 777-300ER|A320neo;444;1;0;1;0;1;0;389;67;420-55
8217;LH;LH1133+LH448;NCE;ICN;MUC;585;1300;490;0101010;A319|A350-900;608;1;0;1;0;0;0;527;62;80-730
8218;AF;AF1089+AF074;BCN;EZE;CDG;520;1215;250;1101010;A220-300|A330-200;626;1;0;1;0;0;0;794;74;95-870
8219;KL;KL1204+AF1028;AMS;TLS;CDG;805;255;105;1111111;Boeing 737-900|A321;137;1;0;1;0;0;0;100;75;65-85
8220;LX;LX1461+LX616;LIS;ICN;ZRH;795;1025;115;1010101;A320neo|A330-300;699;1;0;1;1;0;0;684;78;160-750
8221;IB;IB1225+IB1374;MRS;CAI;MAD;630;690;325;1111111;A321neo|A321neo;265;1;0;0;1;0;0;292;81;105-260
8222;TP;TP1326+LH1153;OPO;MUC;LHR;830;405;185;1111111;A321neo|A319;174;1;0;0;1;0;0;203;58;125-95
8223;LX;LX1473+LX608;MXP;BKK;ZRH;1035;755;55;1111111;A220-300|A330-300;644;1;0;1;0;0;0;606;76;45-655
8224;BA;BA115+AA1038;LHR;MEX;JFK;685;1000;225;1111111;A350-1000|Boeing 737-800;496;1;0;1;1;0;1;572;78;480-295
8225;AF;AF1057+AF034;AMS;BKK;CDG;1040;955;210;1111111;A318|Boeing 787-9;580;1;0;1;0;1;0;556;78;65-680
8226;LH;LH1161+LH454;BER;LAX;MUC;595;1010;155;1111111;A321|Boeing 747-8;599;1;0;1;1;1;0;765;67;70-785
8227;EK;EK061+EK106;FCO;SYD;DXB;1125;1495;260;1111111;A380-800|A380-800;1034;1;1;1;1;1;1;1225;75;335-900
8228;LH;LH435+LH1072;GRU;FCO;FRA;1180;935;90;1101010;A350-900|Embraer 190;636;1;0;1;0;1;0;631;62;745-100
8229;AF;AF015+AF1108;DSS;FCO;CDG;1330;660;210;1111111;A330-200|A320;345;1;0;1;0;0;0;384;72;340-110
8230;LH;LH401+LH1058;JFK;BCN;FRA;1040;670;85;1111111;Boeing 747-8|Embraer 190;416;1;0;1;0;1;0;572;65;465-120
8231;KL;KL517+KL1324;LAX;DUB;AMS;1165;890;120;1111111;A330-300|Embraer 195-E2;543;1;0;1;0;0;0;645;73;670-100
8232;AF;AF1056+KL1296;CDG;FCO;AMS;1035;260;75;1111111;A318|Boeing 737-800;136;1;0;1;1;1;0;170;71;60-125
8233;AZ;AZ1005+AZ116;CDG;HND;FCO;950;1185;230;1111111;A320neo|A350-900;558;1;0;1;0;1;0;633;75;110-845
8234;AF;AF1103+AF1142;OPO;CPH;CDG;565;325;100;1111111;A320|A320;205;1;0;1;1;0;0;224;75;120-105
8235;AA;AA1001+AT505;LAX;CMN;JFK;450;995;260;1111111;Boeing 777-200ER|Boeing 787-8;595;1;0;1;0;0;0;682;70;305-430
8236;EI;EI1451+EI1420;PMI;LHR;DUB;815;425;190;1111111;A320neo|A320neo;173;1;0;0;0;0;0;151;71;170-65
8237;AA;AA016+BA1414;JFK;LYS;LHR;1140;615;105;1111111;Boeing 777-300ER|A321neo;452;1;0;1;0;1;0;424;77;420-90
8238;LH;LH1097+LX1439;CPH;ZRH;FRA;610;480;335;1111111;A321|A220-300;128;1;0;1;0;1;0;92;67;90-55
8239;EI;EI1435+EI600;MUC;JFK;DUB;595;720;130;1111111;A321neo|A321XLR;477;1;0;1;0;0;0;395;68;145-445
8240;AF;AF049+SK1203;MIA;CPH;CDG;1105;885;230;1111111;Boeing 777-300ER|A321LR;557;1;0;1;1;0;0;563;78;550-105
8241;LH;LH407+LH1018;JNB;MRS;FRA;1300;895;115;1100100;A340-600|A320neo;573;1;0;1;0;1;0;715;62;680-100
8242;AF;AF061+AF1154;YUL;PRG;CDG;1215;805;300;1111111;Boeing 777-300ER|A318;442;1;0;1;1;0;0;444;75;415-90
8243;KL;KL1307+KL512;ZRH;HND;AMS;835;1230;340;1111111;Embraer 195-E2|Boeing 777-300ER;579;1;0;1;0;1;0;656;72;85-805
8244;AF;AF051+AF1046;MIA;LHR;CDG;1320;865;255;1111111;A350-900|A321;495;1;0;1;0;0;0;437;71;550-60
8245;TK;TK055+TK1016;GRU;NCE;IST;1195;1130;150;1111111;Boeing 787-9|A320neo;576;1;1;1;1;1;1;696;75;795-185
8246;AF;AF075+AF034;EZE;BKK;CDG;1205;1990;470;0110101;A330-200|Boeing 787-9;887;1;1;1;1;1;0;1237;80;840-680
8247;KE;KE020+AF1065;ICN;CDG;FRA;585;950;70;1111111;Boeing 787-9|A220-300;540;1;0;1;0;0;0;504;83;810-70
8248;BA;BA1554+QR1211;LHR;DOH;IST;580;545;110;1111111;A320neo|A320;369;1;0;1;1;0;0;388;77;215-220
8249;BA;BA027+BA1560;DEL;CMN;LHR;620;970;205;1111111;Boeing 777-300ER|A319;530;1;0;1;1;0;0;605;65;560-205
8250;AA;AA1056+QR097;LAX;DOH;SFO;1070;1215;150;1101110;Boeing 737-800|Boeing 777-300ER;893;1;0;1;1;0;1;899;71;80-985
8251;AF;AF1181+AF1044;ALG;LHR;CDG;550;355;160;1111111;A318|A320;189;1;0;1;1;0;0;172;72;135-60
8252;TK;TK1127+TK042;CAI;MIA;IST;530;1045;120;1111111;A321neo|A350-900;622;1;1;1;1;1;1;629;71;130-795
8253;AF;AF1081+AF024;MAD;DXB;CDG;525;585;80;1111111;A318|A330-200;438;1;0;1;1;0;0;447;83;110-395
8254;EK;EK099+EK056;HKG;OPO;DXB;1110;1465;440;1111111;A350-900|A350-900;703;1;1;1;1;1;1;655;75;510-515
8255;IB;IB1369+IB512;ALG;MEX;MAD;620;985;125;1111111;A321neo|A350-900;658;1;0;1;0;0;0;556;78;100-760
8256;OS;OS1050+LX622;VIE;LAX;ZRH;605;965;95;1111111;Embraer 195|A340-300;651;1;0;1;0;0;0;773;70;90-780
8257;AZ;AZ1124+MS610;FCO;ICN;CAI;605;1210;300;0101010;A220-100|Boeing 787-9;608;1;0;1;1;1;0;605;63;190-720
8258;AF;AF061+AF1104;YUL;OPO;CDG;1215;845;300;1111111;Boeing 777-300ER|A321;383;1;0;1;0;1;0;482;78;415-130
8259;UA;UA016+LX1429;SFO;ZRH;LHR;1150;1030;290;1111111;Boeing 767-300ER|A220-300;628;1;0;1;1;1;0;710;69;645-95
8260;LH;LH1065+LH1078;LIS;MXP;FRA;585;475;230;1111111;A320neo|A320neo;167;1;0;0;0;0;0;167;71;175-70
8261;AA;AA1001+BA114;LAX;LHR;JFK;450;850;125;1111111;Boeing 777-200ER|A350-1000;546;1;0;1;0;0;0;668;71;305-420
8262;LH;LH1077+UA019;MXP;SFO;FRA;590;960;145;1111111;Embraer 190|Boeing 777-300ER;578;1;0;1;0;0;0;644;61;70-745
8263;AF;AF031+AF1100;DEL;LIS;CDG;635;945;245;1111111;Boeing 777-300ER|A318;527;1;0;1;0;0;0;574;75;550-150
8264;JL;JL025+JL1008;JFK;ICN;HND;705;1165;165;1111111;Boeing 777-300ER|Boeing 737-800;731;1;1;1;1;0;1;828;88;865-135
8265;TP;TP1204+SQ017;LIS;SIN;CDG;945;1015;110;1111111;A321neo|A350-900;738;1;0;1;1;1;0;709;57;140-765
8266;LH;LH425+LH1042;LAX;AMS;FRA;1185;895;135;1111111;Boeing 747-8|A321;619;1;0;1;0;0;0;733;65;695-65
8267;AA;AA066+BA1568;LAX;CAI;LHR;1095;1180;250;1111111;Boeing 777-200ER|A319;755;1;0;1;1;0;0;937;77;655-275
8268;EK;EK065+EK094;ZRH;SIN;DXB;900;1265;450;1111111;Boeing 777-300ER|A350-900;633;1;1;1;1;1;1;629;74;360-455
8269;BA;BA015+BA1484;JNB;LIS;LHR;1300;1010;140;1111111;A350-1000|A319;579;1;0;1;0;0;0;621;65;710-160
8270;AF;AF021+AF070;RUN;FDF;CDG;1340;1720;400;1111111;Boeing 777-300ER|A350-900;703;1;1;1;1;1;0;984;71;735-585
8271;AA;AA017+AA1038;LHR;MEX;JFK;755;930;155;1111111;Boeing 777-300ER|Boeing 737-800;571;1;0;1;0;0;1;629;75;480-295
8272;BA;BA053+BA1454;YUL;MUC;LHR;1095;650;160;1111111;A350-1000|A320neo;402;1;0;1;1;1;0;364;65;395-95
8273;AA;AA030+IB1316;JFK;MXP;MAD;1300;750;205;1111111;Boeing 787-9|A320neo;471;1;0;1;1;0;0;411;72;430-115
8274;BA;BA1545+BA1478;PRG;BCN;LHR;510;385;150;1111111;A319|A319;160;1;0;0;0;0;0;219;65;120-115
8275;NH;NH1207+TK035+TK1068;ICN;PMI;HND-IST;840;2015;605-210;1111111;Boeing 737-800|A330-300|A321neo;614;1;1;1;0;0;1;851;71;115-860-225
8276;LH;LH1093+LH424;VIE;LAX;FRA;610;960;110;1111111;A320neo|Boeing 747-8;601;1;0;1;1;0;0;749;68;90-760
8277;EK;EK019+EK1014;CDG;DEL;DXB;1200;850;265;1111111;Boeing 777-300ER|Boeing 777-300ER;474;1;1;1;1;1;1;515;77;395-190
8278;SN;SN1222+LH462;BRU;CUN;MUC;560;1010;190;1010100;A319|A350-900;592;1;0;1;1;1;0;545;64;75-745
8279;DL;DL1401+DL036;LAX;BCN;JFK;400;960;195;1111111;Boeing 767-400ER|A350-900;611;1;0;1;0;0;1;701;79;305-460
8280;LH;LH463+LH1172;CUN;BCN;MUC;1170;865;90;0101010;A350-900|A320neo;559;1;0;1;1;0;0;577;62;655-120
8281;LH;LH1029+LH1020;LHR;MRS;FRA;580;515;335;1111111;Embraer 190|A321;144;1;0;0;1;1;0;143;63;80-100
8282;LH;LH1207+LH442;CPH;BKK;MUC;595;1195;470;1111111;A321|A340-600;605;1;0;1;1;1;0;739;62;90-635
8283;AA;AA1059+QR095;MEX;DOH;LAX;865;1565;315;1111111;A321|Boeing 787-9;939;1;0;1;0;0;1;929;80;245-1005
8284;AC;AC050+MS1435;YUL;CAI;GVA;1215;930;260;1010101;Boeing 787-9|A220-300;506;1;1;1;1;0;0;512;63;445-225
8285;CX;CX1013+QR083;HND;DOH;HKG;625;1110;305;1100100;A321neo|Boeing 777-300ER;621;1;1;1;1;0;0;604;83;265-540
8286;KL;KL1206+AF028;AMS;MLE;CDG;990;805;140;1111111;Boeing 737-800|A350-900;551;1;0;1;0;1;0;492;73;65-600
8287;AI;AI020+LH1016;DEL;LYS;FRA;650;745;150;1111111;Boeing 777-300ER|A321;475;1;0;1;0;0;0;452;69;515-80
8288;BA;BA1405+QF015;CDG;SYD;LHR;935;1675;360;1111111;A319|Boeing 787-9;1014;1;0;1;1;0;0;964;78;60-1255
8289;LH;LH427+SN1221;SFO;BRU;FRA;1185;810;65;1111111;A340-600|A320;590;1;0;1;1;0;0;714;72;685-60
8290;LX;LX1492+TK030;ZRH;HKG;IST;575;1075;310;1111111;A220-300|A330-300;641;1;0;1;1;0;0;637;78;160-605
8291;QR;QR077+QR036;BKK;LGW;DOH;1135;1415;535;1111111;Boeing 777-300ER|Boeing 777-300ER;678;1;1;1;1;1;1;682;80;435-445
8292;IB;IB1240+BA028;MAD;BKK;LHR;500;1020;205;1111111;A321neo|A380-800;629;1;0;1;0;0;0;821;65;125-690
8293;TK;TK1003+TK032;CDG;ICN;IST;660;1060;190;1111111;A320neo|A330-300;595;1;1;1;1;0;1;664;76;195-675
8294;IB;IB513+IB1318;MEX;MXP;MAD;1185;1090;310;1111111;A350-900|A321neo;612;1;0;1;1;0;0;592;83;665-115
8295;KL;KL1315+KL524;VIE;CUN;AMS;600;920;110;1111111;Boeing 737-900|A330-300;578;1;0;1;0;1;0;634;69;110-700
8296;UA;UA1410+LH455;SFO;MUC;LAX;970;910;120;1111111;A320|Boeing 747-8;596;1;0;1;1;0;1;773;68;75-715
8297;UA;UA1406+LH455;SFO;MUC;LAX;760;1120;330;1111111;A320|Boeing 747-8;605;1;0;1;1;0;1;773;68;75-715
8298;AF;AF1149+AF030;DUB;DEL;CDG;865;755;175;1111111;A318|Boeing 777-300ER;513;1;0;1;1;1;0;505;73;95-485
8299;AZ;AZ1099+AZ112;ATH;EZE;FCO;525;1250;255;1011111;A321|A330-900neo;716;1;0;1;1;0;0;718;74;120-875
8300;AM;AM014+AF1020;MEX;MRS;CDG;1230;920;155;1111111;Boeing 787-8|A220-300;634;1;0;1;1;0;0;557;75;680-85
8301;LH;LH1215+LH1176;PRG;LIS;MUC;595;440;180;1111111;Embraer 190|A319;218;1;0;0;1;0;0;185;65;55-205
8302;LH;LH1015+LH432;LYS;CUN;FRA;590;955;155;1111111;A320neo|A350-900;564;1;0;1;0;0;0;516;61;75-725
8303;AZ;AZ1104+TK036;FCO;HND;IST;495;1435;540;1111111;A321|A350-900;642;1;0;1;0;0;0;626;82;130-765
8304;IB;IB1225+IB514;MRS;CUN;MAD;630;870;90;1111111;A321neo|A330-300;596;1;0;1;1;0;0;584;82;105-675
8305;AZ;AZ1015+AZ102;MRS;JFK;FCO;615;925;270;1111111;A220-100|A330-900neo;427;1;0;1;0;0;0;426;79;75-580
8306;AM;AM018+KL1340;MEX;CAI;AMS;1205;1115;175;1111111;Boeing 787-9|Boeing 737-900;744;1;0;1;1;0;0;766;81;680-260
8307;KL;KL1225+KL522;TLS;MEX;AMS;595;980;105;1111111;Boeing 737-800|Boeing 777-300ER;587;1;0;1;1;0;0;698;78;105-770
8308;AF;AF063+AF1006;YUL;NCE;CDG;1335;700;200;1111111;A350-900|A321;412;1;0;1;1;0;0;371;72;415-85
8309;TP;TP1204+TG017;LIS;BKK;CDG;945;975;155;1111111;A321neo|A350-900;673;1;0;1;0;1;0;639;57;140-680
8310;AF;AF067+AF020;CUN;RUN;CDG;1215;1420;100;1111111;A330-200|Boeing 777-300ER;919;1;1;1;0;1;0;1143;75;610-710
8311;EK;EK093+EK046;BKK;MAD;DXB;1235;1120;225;1111111;Boeing 777-300ER|A350-900;642;1;1;1;1;1;1;627;78;410-485
8312;SK;SK1210+AM017;CPH;MEX;LHR;500;1165;310;1111111;A320neo|Boeing 787-8;643;1;0;1;0;1;0;568;80;110-745
8313;KL;KL1237+KL522;LHR;MEX;AMS;420;1095;265;1111111;Boeing 737-800|Boeing 777-300ER;544;1;0;1;1;0;0;635;78;60-770
8314;QR;QR026+BA1468;DOH;MAD;LHR;270;675;100;1111111;A380-800|A319;465;1;0;1;1;0;0;516;72;445-130
8315;AF;AF1061+AF032;FRA;BKK;CDG;510;975;225;1111111;A321|A350-900;563;1;0;1;1;0;0;561;76;70-680
8316;OS;OS1056+SN1236;VIE;BCN;BRU;820;310;85;1111111;A321|A320;148;1;0;0;0;0;0;201;69;110-115
8317;TG;TG1211+NH043;DPS;HND;BKK;610;925;315;1111111;A320neo|Boeing 787-9;431;1;1;1;1;0;0;449;77;255-355
8318;AC;AC032+NH019;YUL;HND;LHR;1305;1465;240;1111111;Boeing 777-300ER|Boeing 777-300ER;703;1;1;1;1;0;1;962;70;395-830
8319;BA;BA1495+BA014;FCO;JNB;LHR;480;1080;235;1111111;A321neo|A350-1000;581;1;0;1;1;0;0;617;66;150-695
8320;EK;EK043+EK106;FRA;SYD;DXB;910;1710;440;1111111;Boeing 777-300ER|A380-800;1009;1;1;1;1;1;1;1215;75;370-900
8321;LX;LX621+LX1498;MIA;CAI;ZRH;1175;940;140;1111111;Boeing 777-300ER|A220-300;715;1;0;1;0;1;0;694;67;580-220
8322;LH;LH1111+LH422;IST;MIA;FRA;590;1005;160;1111111;A320neo|Boeing 747-8;568;1;0;1;1;0;0;704;62;190-655
8323;KL;KL1293+KL504;FCO;DEL;AMS;705;920;315;1111111;Embraer 195-E2|A330-300;421;1;0;1;1;1;0;523;69;135-470
8324;EK;EK105+EK122;HND;GRU;DXB;1250;1960;330;1111111;Boeing 777-300ER|A350-900;1031;1;1;1;1;1;1;1183;74;670-960
8325;AZ;AZ113+SQ031;EZE;SIN;FCO;1210;1845;250;1101111;A330-900neo|Boeing 787-10;904;1;1;1;0;1;0;1158;85;840-755
8326;LH;LH1225+LH1138;CAI;LYS;MUC;815;375;55;1111111;Embraer 190|Embraer 190;256;1;0;0;1;0;0;268;66;235-85
8327;KL;KL1200+KE015;AMS;ICN;CDG;460;1450;620;1111111;Boeing 737-800|A330-300;530;1;0;1;0;1;0;620;79;65-765
8328;BA;BA1421+BA028;MRS;BKK;LHR;505;1015;215;1111111;A319|A380-800;610;1;0;1;0;0;0;815;65;110-690
8329;IB;IB1289+IB1374;PMI;CAI;MAD;625;695;355;1111111;A321neo|A321neo;259;1;0;0;1;0;0;271;81;80-260
8330;DL;DL1421+DL076;MIA;HND;JFK;590;1595;560;1111111;Boeing 757-200|A350-900;730;1;0;1;1;1;1;755;84;170-865
8331;UA;UA025+UA1422;HND;YUL;SFO;1080;1080;155;1111111;Boeing 777-300ER|Boeing 767-300ER;702;1;0;1;1;0;1;914;75;610-315
8332;SN;SN1275+SN1220;ALG;FRA;BRU;805;260;50;1111111;A320|A320;170;1;0;0;0;0;0;157;63;155-55
8333;TG;TG1201+SQ1007;DEL;SIN;BKK;620;535;150;1111111;A320neo|Boeing 737 MAX 8;338;1;1;1;0;1;0;317;87;245-140
8334;AF;AF069+AF1130;PTP;GVA;CDG;1205;855;285;1111111;A350-900|A321;464;1;0;1;1;0;0;410;75;510-60
8335;QF;QF014+BA1566;SYD;CAI;LHR;1095;1820;235;1111111;Boeing 787-9|A321neo;895;1;0;1;1;1;0;1167;76;1310-275
8336;AC;AC034+LH416;YUL;HKG;FRA;1200;1715;585;1111111;Boeing 787-9|A340-600;717;1;1;1;0;1;0;1004;68;440-690
8337;LX;LX1437+LX1426;FRA;LHR;ZRH;585;315;155;1111111;A321neo|A321neo;123;1;0;1;0;0;0;90;73;55-105
8338;SQ;SQ057+SQ044;JNB;HND;SIN;870;1475;400;1111111;Boeing 777-300ER|Boeing 777-300ER;795;1;1;1;1;1;1;907;80;655-420
8339;LX;LX614+NH1202;ZRH;HKG;HND;1125;1185;95;1111111;A330-300|Boeing 737-800;682;1;1;1;0;0;0;855;69;825-265
8340;LH;LH457+LH1204;SFO;VIE;MUC;1165;840;80;1101110;A340-600|A321;655;1;0;1;0;0;0;741;68;705-55
8341;TP;TP1265+TP1308;BCN;ABJ;LIS;510;695;275;1111111;A321LR|A320neo;325;1;0;0;0;1;0;336;60;115-305
8342;DL;DL1403+DL016;LAX;CDG;JFK;540;890;145;1111111;A350-900|A330-900neo;594;1;0;1;0;1;1;586;79;305-440
8343;TK;TK023+LH1113;DEL;FRA;IST;630;765;175;1111111;Boeing 777-300ER|A321;447;1;0;1;1;0;0;444;64;400-190
8344;AZ;AZ1109+AZ1050;IST;BER;FCO;950;430;165;1111111;A320neo|A321;165;1;0;0;0;0;0;233;82;145-120
8345;OS;OS1043+OS1014;FCO;LHR;VIE;595;380;145;1111111;A320|A320;170;1;0;0;0;1;0;205;79;95-140
8346;QF;QF026+AA1053;SYD;MIA;SFO;745;1500;285;1010101;A380-800|Boeing 787-9;805;1;0;1;1;0;1;1172;73;895-320
8347;QR;QR056+AT1259;DOH;CMN;GVA;420;720;130;1111111;A350-1000|Boeing 737 MAX 8;468;1;1;1;0;1;0;377;61;400-190
8348;MS;MS1448+TK020;CAI;MLE;IST;835;730;145;1111111;Boeing 737-800|Boeing 787-9;391;1;1;1;0;1;0;457;62;130-455
8349;LX;LX1437+LX626;FRA;YUL;ZRH;585;735;170;1111111;A321neo|A340-300;503;1;0;1;1;0;0;472;68;55-510
8350;SQ;SQ026+LH1144;SIN;TLS;MUC;145;1195;265;1011111;A380-800|A321;762;1;0;1;1;1;0;848;72;820-110
8351;SQ;SQ030+AZ1006;SIN;CDG;FCO;590;1155;245;1111111;Boeing 787-10|A321;778;1;0;1;1;0;0;659;85;790-120
8352;UA;UA1421+UA032;CUN;SYD;SFO;800;1675;400;0101010;Boeing 787-10|Boeing 787-10;806;1;0;1;1;0;1;913;72;335-940
8353;TP;TP1235+TP210;BOD;GRU;LIS;595;920;180;1011101;A321neo|A321LR;585;1;0;1;0;1;0;515;56;110-630
8354;BA;BA059+BA1546;GRU;PRG;LHR;1170;1030;200;1111111;A380-800|A320neo;639;1;0;1;1;0;0;795;74;725-105
8355;TP;TP205+TP1230;MIA;TLS;LIS;1190;660;60;1111111;A330-900neo|A320neo;520;1;0;1;0;1;0;451;61;495-105
8356;QR;QR081+QR036;DPS;LGW;DOH;1125;1485;410;1100100;Boeing 787-9|Boeing 777-300ER;831;1;1;1;1;1;1;767;80;630-445
8357;LX;LX1415+LX608;MRS;BKK;ZRH;570;1220;495;1111111;A320neo|A330-300;671;1;0;1;0;1;0;632;67;70-655
8358;AA;AA022+BA014;JFK;JNB;LHR;1375;1265;150;1111111;Boeing 777-300ER|A350-1000;742;1;1;1;0;1;1;856;71;420-695
8359;AF;AF067+AF1018;CUN;MRS;CDG;1215;790;95;1111111;A330-200|A318;545;1;0;1;1;0;0;599;74;610-85
8360;AF;AF017+AF1080;ABJ;MAD;CDG;1345;665;155;1111111;Boeing 777-300ER|A318;356;1;0;1;1;0;0;425;72;395-115
8361;TK;TK025+SN1267;BKK;BRU;IST;110;1150;310;1111111;Boeing 787-9|A320;574;1;0;1;0;0;0;582;73;625-215
8362;EK;EK105+EK086;HND;ABJ;DXB;1250;1390;175;1111111;Boeing 777-300ER|A350-900;875;1;1;1;1;1;1;880;73;670-545
8363;AT;AT509+AT1254;YUL;MXP;CMN;1185;910;305;1111111;Boeing 787-9|Boeing 737-800;416;1;1;1;0;0;0;466;63;425-180
8364;AC;AC032+OS1015;YUL;VIE;LHR;1305;780;265;1111111;Boeing 777-300ER|A320;419;1;0;1;1;0;0;466;70;395-120
8365;AF;AF1081+AF1136;MAD;VIE;CDG;525;450;235;1111111;A318|A321;165;1;0;1;0;0;0;210;77;110-105
8366;KL;KL644+KL500;JFK;DXB;AMS;1180;985;155;1111111;A330-300|Boeing 787-10;593;1;1;1;0;1;0;662;75;440-390
8367;LH;LH429+LH1080;YUL;ZRH;FRA;1185;545;50;1111111;A340-600|A320neo;411;1;0;1;1;0;0;462;61;440-55
8368;BA;BA027+BA179+AA1034;DEL;MIA;LHR-JFK;620;1435;90-130;1111111;Boeing 777-300ER|A350-1000|A321;721;1;0;1;1;0;0;881;65;560-480-175
8369;BA;BA1445+BA030;AMS;BKK;LHR;1200;840;85;1111111;A319|Boeing 777-300ER;563;1;0;1;1;1;0;659;72;65-690
8370;TG;TG026+LH1193;BKK;MUC;ZRH;630;845;55;1111111;Boeing 777-300ER|A321;530;1;0;1;1;1;0;615;74;740-50
8371;IB;IB509+IB1346;LAX;ATH;MAD;1195;985;90;1111111;A330-200|A320neo;656;1;0;1;1;1;0;770;83;690-205
8372;LH;LH1080+LX606;FRA;DEL;ZRH;595;980;470;1001001;A320neo|A330-300;481;1;0;1;0;0;0;424;61;55-455
8373;IB;IB509+IB1350;LAX;IST;MAD;1195;1000;95;1111111;A330-200|A321neo;683;1;0;1;1;1;0;792;84;690-215
8374;EK;EK069+EK102;BRU;HND;DXB;905;1205;235;1111111;A350-900|A380-800;678;1;1;1;1;1;1;874;77;390-580
8375;IB;IB1365+IB1296;TUN;LIS;MAD;620;315;100;1111111;A321XLR|A320neo;187;1;0;0;1;0;0;149;86;135-80
8376;QR;QR065+QR080;PRG;DPS;DOH;935;1470;545;0000010;A380-800|Boeing 787-9;792;1;1;1;0;1;1;744;89;325-600
8377;UA;UA1408+AZ107;SFO;FCO;LAX;860;1100;270;1111111;Boeing 737 MAX 9|A350-900;688;1;0;1;0;1;1;603;74;75-755
8378;BA;BA174+BA024;JFK;MLE;LHR;1190;1705;665;1111111;A380-800|A380-800;828;1;1;1;0;0;1;1052;66;420-620
8379;LX;LX1428+NH021;ZRH;HND;LHR;1120;1050;115;1111111;A220-300|Boeing 787-9;677;1;0;1;0;0;0;590;66;105-830
8380;IB;IB1242+BA040;MAD;HND;LHR;730;1430;475;1111111;A321XLR|Boeing 787-9;679;1;0;1;0;0;0;628;78;125-830
8381;IB;IB1355+IB1206;CMN;CDG;MAD;850;440;235;1111111;A320neo|A320neo;167;1;0;0;1;1;0;162;83;95-110
8382;AM;AM014+AF1164;MEX;IST;CDG;1230;1065;190;1111111;Boeing 787-8|A321;710;1;0;1;1;0;0;679;74;680-195
8383;AF;AF1025+AF1136;TLS;VIE;CDG;500;475;290;1111111;A220-300|A321;165;1;0;1;0;1;0;154;77;80-105
8384;IB;IB503+IB1268;JFK;BER;MAD;1110;750;150;1111111;A350-900|A320neo;482;1;0;1;1;1;0;439;79;430-170
8385;LH;LH1115+LH410;CMN;DEL;FRA;835;755;95;1111111;A320neo|Boeing 747-8;511;1;0;1;0;0;0;611;68;205-455
8386;TG;TG039+LX609;HND;ZRH;BKK;1130;1775;630;1111111;Boeing 787-9|A330-300;612;1;1;1;0;1;1;839;70;405-740
8387;AF;AF075+AF040;EZE;HKG;CDG;1205;1895;335;0110101;A330-200|A330-200;921;1;1;1;1;1;0;1345;80;840-720
8388;KL;KL1281+KL512;BCN;HND;AMS;945;1120;190;1111111;Embraer 195-E2|Boeing 777-300ER;646;1;0;1;0;0;0;710;72;125-805
8389;AF;AF013+AF1018;JFK;MRS;CDG;1375;630;105;1111111;Boeing 777-300ER|A318;420;1;0;1;0;0;0;444;74;440-85
8390;AF;AF1027+AF1160;TLS;ATH;CDG;740;535;270;1111111;A320|A320;192;1;0;1;1;1;0;229;75;80-185
8391;TK;TK1078+AZ1074;IST;MXP;FCO;720;335;115;1111111;A321neo|A321;174;1;0;1;0;0;0;166;69;145-75
8392;EK;EK105+EK020;HND;NCE;DXB;1250;1295;210;1111111;Boeing 777-300ER|Boeing 777-300ER;690;1;1;1;1;1;1;827;77;670-415
8393;KL;KL1323+KL506;DUB;SIN;AMS;590;1235;395;1111111;Boeing 737-800|A330-300;641;1;0;1;1;1;0;758;69;90-750
8394;BA;BA174+BA014;JFK;JNB;LHR;1190;1450;335;1111111;A380-800|A350-1000;750;1;1;1;1;1;1;910;71;420-695
8395;BA;BA1461+BA052;BER;YUL;LHR;505;705;145;1111111;A320neo|A350-1000;415;1;0;1;1;1;0;365;69;110-450
8396;SQ;SQ027+SQ046;MUC;SYD;SIN;1100;1260;50;1111111;A380-800|Boeing 787-10;975;1;1;1;1;1;1;1095;78;720-490
8397;LX;LX607+LX1428;DEL;LHR;ZRH;585;910;285;1100100;A330-300|A220-300;556;1;0;1;0;1;0;466;66;520-105
8398;AZ;AZ1117+AZ108;TUN;SFO;FCO;625;1020;130;1111111;A320neo|A330-900neo;674;1;0;1;1;1;0;598;78;80-810
8399;OS;OS1047+OS406;MXP;JFK;VIE;600;790;135;1111111;A320|Boeing 777-200ER;478;1;0;1;0;0;0;574;74;80-575
8400;AC;AC032+TK1033;YUL;IST;LHR;1305;815;205;1111111;Boeing 777-300ER|A320neo;502;1;1;1;1;0;1;506;70;395-215
8401;BA;BA049+BA1406;LAX;CDG;LHR;1290;890;180;1111111;A350-1000|A320neo;597;1;0;1;1;1;0;507;67;655-55
8402;AZ;AZ119+LX1527;DEL;GVA;FCO;620;785;185;1111111;A350-900|A220-300;468;1;0;1;1;1;0;382;74;505-95
8403;OS;OS405+OS1052;HND;ZRH;VIE;605;1040;85;1111111;Boeing 787-9|A321;632;1;0;1;0;1;0;560;81;865-90
8404;UA;UA1405+UA016;LAX;LHR;SFO;635;1160;435;1111111;Boeing 737 MAX 9|Boeing 767-300ER;582;1;0;1;1;0;1;690;82;80-645
8405;AF;AF009+AF1026;JFK;TLS;CDG;1125;795;270;1111111;A350-900|A320;440;1;0;1;1;0;0;379;72;440-85
8406;IB;IB503+IB500;JFK;DOH;MAD;1110;1300;470;1111111;A350-900|A330-200;634;1;1;1;0;1;0;661;79;430-400
8407;LH;LH1107+AI021;PRG;DEL;FRA;1060;590;65;1111111;A320neo|Boeing 777-300ER;422;1;0;1;1;1;0;432;64;70-455
8408;AZ;AZ1015+AZ1100;MRS;ATH;FCO;615;345;165;1111111;A220-100|A220-100;168;1;0;0;0;0;0;142;79;75-105
8409;AC;AC1203+AC028;LAX;BOD;YUL;625;820;100;1010101;Boeing 787-9|Boeing 787-9;607;1;0;1;0;1;1;568;65;305-415
8410;LH;LH405+SN1221;JFK;BRU;FRA;1315;860;335;1111111;Boeing 787-9|A320;404;1;0;1;1;0;0;368;68;465-60
8411;AF;AF061+AF1136;YUL;VIE;CDG;1215;840;320;1111111;Boeing 777-300ER|A321;422;1;0;1;0;1;0;463;77;415-105
8412;AA;AA1017+AA1034;SFO;MIA;JFK;620;625;130;1111111;Boeing 787-9|A321;367;1;0;0;1;1;1;420;72;320-175
8413;KL;KL505+KL1328;DEL;PRG;AMS;595;805;185;1111111;A330-300|Embraer 195-E2;436;1;0;1;0;1;0;473;71;535-85
8414;QR;QR075+QR038;JNB;AMS;DOH;1155;1070;160;1101010;Boeing 777-300ER|A380-800;641;1;1;1;1;1;1;774;89;490-420
8415;LH;LH445+LH1168;SIN;MAD;MUC;615;1090;115;1111111;A340-600|A319;704;1;0;1;1;0;0;902;65;820-155
8416;AA;AA068+BA1406;LAX;CDG;LHR;1295;885;175;1111111;Boeing 777-300ER|A320neo;588;1;0;1;1;0;0;599;67;655-55
8417;LX;LX1407+LX626;NCE;YUL;ZRH;590;730;155;1111111;A220-300|A340-300;459;1;0;1;1;0;0;485;68;65-510
8418;KE;KE018+KL1222;ICN;MRS;AMS;585;1060;145;1111111;Boeing 787-9|Boeing 737-800;604;1;0;1;0;0;0;566;80;810-105
8419;LX;LX629+LX1408;GRU;NCE;ZRH;1170;1135;335;0011011;A330-300|A320neo;728;1;0;1;0;1;0;661;66;730-70
8420;AC;AC027+AC1204;TLS;LAX;YUL;845;960;120;1100100;A330-300|Boeing 777-300ER;589;1;0;1;1;0;1;690;70;490-350
8421;KL;KL1211+KL510;NCE;HND;AMS;525;1045;135;1111111;Boeing 737-800|Boeing 787-10;645;1;0;1;0;0;0;607;73;105-805
8422;LH;LH1015+LH1122;LYS;CAI;FRA;590;475;165;1111111;A320neo|Embraer 190;237;1;0;0;0;0;0;280;61;75-235
8423;LX;LX1407+LX1422;NCE;NTE;ZRH;590;325;155;1111111;A220-300|A220-300;143;1;0;1;1;0;0;101;73;65-105
8424;KL;KL1299+KL510;MXP;HND;AMS;510;1060;155;1111111;Boeing 737-800|Boeing 787-10;659;1;0;1;1;0;0;588;78;100-805
8425;SQ;SQ014+OS1003;SIN;VIE;CDG;70;1270;295;1111111;Boeing 787-10|A321;730;1;0;1;1;0;0;689;72;870-105
8426;LH;LH1117+LH428;TUN;YUL;FRA;610;725;80;1111111;Embraer 190|A340-600;455;1;0;1;1;0;0;585;69;145-500
8427;AZ;AZ1018+AI017;FCO;DEL;LHR;510;1235;590;1111111;A320neo|Boeing 787-8;471;1;0;1;1;1;0;489;67;150-495
8428;LX;LX601+LX1462;JNB;OPO;ZRH;1305;1155;330;1101111;A340-300|A321neo;623;1;0;1;0;0;0;732;75;660-165
8429;AA;AA066+BA1404;LAX;CDG;LHR;1095;850;140;1111111;Boeing 777-200ER|A319;616;1;0;1;0;0;0;690;71;655-55
8430;AF;AF033+AF058;BKK;YUL;CDG;115;1425;180;1111111;A350-900|A330-200;773;1;1;1;1;1;0;875;77;770-475
8431;LH;LH1181+LH462;FCO;CUN;MUC;520;1050;210;1010100;A319|A350-900;579;1;0;1;0;1;0;558;61;95-745
8432;KL;KL1239+KL522;LHR;MEX;AMS;565;950;120;1111111;Embraer 195-E2|Boeing 777-300ER;538;1;0;1;0;0;0;629;78;60-770
8433;SN;SN1227+SN1240;BER;OPO;BRU;565;385;140;1111111;A319|A320;183;1;0;0;0;0;0;212;71;90-155
8434;AF;AF065+AF1084;MEX;MAD;CDG;1210;890;95;1111111;A330-200|A320;557;1;0;1;1;0;0;704;74;680-115
8435;SN;SN1222+LH440;BRU;DEL;MUC;560;1040;525;0110110;A319|Boeing 747-8;465;1;0;1;1;1;0;501;64;75-440
8436;SK;SK1221+SK202;FRA;MIA;CPH;555;895;145;1111110;A321LR|A330-300;547;1;0;1;1;1;0;567;74;85-665
8437;BA;BA1533+BA042;CPH;ICN;LHR;520;1450;575;1111111;A319|A350-1000;534;1;0;1;1;0;0;582;66;110-765
8438;LH;LH1059+LH432;BCN;CUN;FRA;510;1035;200;1111111;Embraer 190|A350-900;543;1;0;1;0;0;0;579;63;110-725
8439;AF;AF1077+AF034;BER;BKK;CDG;870;1125;345;1111111;A318|Boeing 787-9;547;1;0;1;0;0;0;601;77;100-680
8440;MS;MS1426+SN1245;CAI;BRU;FCO;600;600;260;1111111;A220-300|A319;246;1;0;1;0;0;0;262;70;215-125
8441;AZ;AZ115+LH1073;HND;FRA;FCO;125;1275;235;1111111;A330-900neo|Embraer 190;600;1;0;1;0;0;0;636;63;935-105
8442;TG;TG027+TG1206;ZRH;SIN;BKK;1175;880;85;1111111;Boeing 777-300ER|A320neo;648;1;1;1;0;0;0;707;82;655-140
8443;AF;AF1155+AF1106;PRG;OPO;CDG;865;430;200;1111111;A318|A318;200;1;0;1;1;0;0;208;73;100-130
8444;EK;EK021+EK102;NCE;HND;DXB;895;1215;270;1111111;Boeing 777-300ER|A380-800;647;1;1;1;1;1;1;904;77;365-580
8445;JL;JL018+BA1562;HND;RAK;LHR;90;1275;165;1111111;A350-1000|A319;744;1;0;1;0;0;0;707;71;890-220
8446;LX;LX1530+OS404;GVA;HND;VIE;815;1140;265;1111111;A321neo|Boeing 787-9;713;1;0;1;0;1;0;568;73;90-785
8447;LX;LX1463+LX1468;OPO;FCO;ZRH;800;335;105;1111111;A321neo|A220-300;217;1;0;1;0;0;0;161;65;145-85
8448;KE;KE033+KE1202;VIE;BKK;ICN;1135;1190;165;1100100;A330-300|A321neo;554;1;1;1;0;0;0;783;78;705-320
8449;DL;DL1417+AF011;SFO;CDG;JFK;585;895;135;1111111;A330-900neo|Boeing 787-9;535;1;0;1;1;0;0;598;77;320-440
8450;LH;LH417+LH1098;HKG;CPH;FRA;625;925;65;1111111;A340-600|A319;597;1;0;1;0;0;0;752;69;775-85
8451;UA;UA022+LX1494;SFO;IST;ZRH;1150;955;95;1001001;Boeing 777-300ER|A320neo;724;1;0;1;1;1;0;726;71;700-160
8452;LX;LX617+LX1408;ICN;NCE;ZRH;585;1000;100;1101010;A330-300|A320neo;668;1;0;1;0;1;0;605;70;830-70
8453;LH;LH1041+LH1112;AMS;IST;FRA;825;395;170;1111111;A320neo|A321;203;1;0;0;0;0;0;178;65;60-165
8454;OS;OS1015+OS404;LHR;HND;VIE;825;1070;165;1111111;A320|Boeing 787-9;579;1;0;1;0;0;0;627;72;120-785
8455;OS;OS1043+OS1002;FCO;CDG;VIE;595;355;140;1111111;A320|A321;135;1;0;0;0;0;0;181;82;95-120
8456;DL;DL1401+DL060;LAX;ATH;JFK;400;1185;295;1111111;Boeing 767-400ER|Boeing 767-400ER;742;1;0;1;1;0;1;959;82;305-585
8457;EK;EK111+EK096;JFK;DPS;DXB;1335;2045;670;1111111;A380-800|A350-900;1009;1;1;1;1;1;1;1231;75;800-575
8458;BA;BA1439+BA040;AMS;HND;LHR;750;1410;515;1111111;A319|Boeing 787-9;561;1;0;1;1;0;0;561;69;65-830
8459;LH;LH1071+LH432;FCO;CUN;FRA;530;1015;185;1111111;A319|A350-900;606;1;0;1;1;0;0;566;63;105-725
8460;EI;EI603+EI1412;MIA;BOD;DUB;1175;880;270;1101100;A321XLR|A321neo;502;1;0;1;0;0;0;452;72;505-105
8461;LH;LH407+LH1116;JNB;TUN;FRA;1300;925;100;1100100;A340-600|Embraer 190;542;1;0;1;1;0;0;797;63;680-145
8462;SK;SK207+SK1242;SFO;MXP;CPH;1165;890;105;0010101;A350-900|A320neo;590;1;0;1;1;1;0;577;72;665-120
8463;LH;LH425+LH1102;LAX;DUB;FRA;1185;885;70;1111111;Boeing 747-8|A320neo;537;1;0;1;1;1;0;788;65;695-120
8464;LH;LH427+LH1074;SFO;FCO;FRA;1185;945;160;1111111;A340-600|A320neo;614;1;0;1;1;0;0;764;62;685-100
8465;QF;QF028+AA038;SYD;FCO;JFK;770;1935;240;1111111;A380-800|Boeing 777-300ER;928;1;1;1;0;0;1;1643;81;1185-510
8466;UA;UA022+LX1438;SFO;FRA;ZRH;1150;845;90;1001001;Boeing 777-300ER|A220-300;619;1;0;1;1;1;0;633;77;700-55
8467;AH;AH1039+AH102;FCO;DOH;ALG;625;670;200;1001001;A330-200|A330-900neo;330;1;1;1;0;0;0;355;54;110-360
8468;AT;AT504+AA1038;CMN;MEX;JFK;845;900;110;1111111;Boeing 787-8|Boeing 737-800;466;1;0;1;1;0;1;586;65;495-295
8469;DL;DL1401+DL040;LAX;LIS;JFK;400;890;180;1111111;Boeing 767-400ER|Boeing 767-400ER;577;1;0;1;1;0;1;770;78;305-405
8470;TK;TK1129+TG035;CAI;BKK;IST;830;955;275;1111111;Boeing 737 MAX 8|A350-900;489;1;1;1;0;0;0;516;73;130-550
8471;TK;TK1039+TK018;LHR;JNB;IST;1215;1470;665;1111111;A320neo|A330-300;607;1;1;1;1;0;1;654;73;215-590
8472;QF;QF014+BA1514;SYD;GVA;LHR;1095;1540;140;1111111;Boeing 787-9|A320neo;957;1;0;1;1;1;0;993;76;1310-90
8473;LH;LH1147+LH1208;BOD;CPH;MUC;835;310;115;1010101;A321|A319;183;1;0;0;0;0;0;184;62;105-90
8474;TK;TK1044+SQ023;IST;SIN;AMS;605;1365;395;1111111;A321neo|A380-800;575;1;1;1;1;1;1;933;77;220-750
8475;AA;AA068+BA1530;LAX;VIE;LHR;1295;900;125;1111111;Boeing 777-300ER|A321neo;622;1;0;1;0;0;0;676;74;655-120
8476;DL;DL077+DL066;HND;DSS;JFK;1180;1425;160;1111111;A350-900|A350-900;818;1;1;1;1;1;1;930;79;810-455
8477;BA;BA1465+QR035;BER;DOH;LHR;1125;615;110;1111111;A319|A380-800;401;1;0;1;1;1;0;488;75;110-395
8478;SN;SN1273+TG031;TUN;BKK;BRU;810;1020;185;1111111;A319|Boeing 777-300ER;567;1;0;1;1;0;0;732;69;165-670
8479;QR;QR079+QR048;SIN;BCN;DOH;1125;1465;540;1111111;Boeing 777-300ER|A380-800;744;1;1;1;1;1;1;767;85;505-420
8480;SN;SN1227+AC053;BER;YUL;BRU;565;760;190;1101111;A319|Boeing 787-9;412;1;0;1;0;0;0;368;70;90-480
8481;IB;IB1289+IB500+QR088;PMI;SYD;MAD-DOH;625;2090;225-460;1111111;A321neo|A330-200|A350-1000;820;1;0;1;0;1;0;1068;81;80-400-925
8482;IB;IB1315+IB518;MXP;EZE;MAD;550;1070;150;1011111;A321XLR|A330-300;642;1;0;1;1;1;0;752;85;125-795
8483;LX;LX1463+LX1480;OPO;CPH;ZRH;800;285;40;1111111;A321neo|A220-300;233;1;0;1;0;0;0;183;65;145-100
8484;NH;NH018+LX1503;HND;GVA;LHR;110;1340;360;1111111;Boeing 777-300ER|A320neo;652;1;0;1;1;1;0;687;73;890-90
8485;TK;TK1127+TK1072;CAI;LIS;IST;530;755;335;1111111;A321neo|A321neo;330;1;1;1;0;1;1;322;70;130-290
8486;AF;AF1053+AF028;AMS;MLE;CDG;665;1130;465;1111111;A320|A350-900;517;1;0;1;0;0;0;492;73;65-600
8487;AF;AF045+AF1076;HND;BER;CDG;145;1275;280;1111111;A330-200|A318;631;1;0;1;1;0;0;717;74;905-90
8488;MS;MS607+MS1402;DEL;CDG;CAI;615;925;255;0010101;Boeing 777-300ER|Boeing 737-800;380;1;1;1;0;0;0;543;62;390-280
8489;SK;SK1200+AF008;CPH;JFK;CDG;505;750;135;1111111;A320neo|A350-900;459;1;0;1;1;1;0;403;78;115-500
8490;DL;DL018+AF018;JFK;JNB;CDG;1305;1280;170;1111111;Boeing 767-400ER|A330-200;738;1;1;1;0;1;0;1004;77;440-670
8491;KL;KL1295+KL502;FCO;DXB;AMS;930;590;65;1111111;Boeing 737-900|Boeing 777-300ER;360;1;0;1;0;0;0;466;71;135-390
8492;AF;AF1085+AF030;MAD;DEL;CDG;960;720;125;1111111;A320|Boeing 777-300ER;524;1;0;1;0;0;0;533;80;110-485
8493;LX;LX605+LX1458;MLE;BCN;ZRH;610;855;110;0111011;Boeing 777-300ER|A220-300;585;1;0;1;1;1;0;579;71;645-100
8494;AT;AT501+AT506;JNB;MIA;CMN;1325;1615;420;0101000;Boeing 787-9|Boeing 787-8;682;1;1;1;0;1;1;795;64;605-590
8495;BA;BA1491+BA1464;OPO;BER;LHR;835;400;175;1111111;A321neo|A319;181;1;0;0;0;0;0;205;76;125-100
8496;KL;KL1200+AF1182;AMS;ALG;CDG;460;535;335;1111111;Boeing 737-800|A220-300;183;1;0;1;1;1;0;155;78;65-135
8497;BA;BA045+BA1504;MIA;MXP;LHR;1180;890;265;1111111;Boeing 787-9|A319;525;1;0;1;0;0;0;482;65;530-95
8498;IB;IB1279+CX023;BCN;HKG;MAD;790;1185;320;1111111;A321neo|Boeing 777-300ER;708;1;0;1;0;1;0;724;78;75-790
8499;KL;KL527+KL1328;GRU;PRG;AMS;1160;1170;340;1111111;A330-300|Embraer 195-E2;655;1;0;1;0;1;0;695;80;745-85
8500;BA;BA059+BA1410;GRU;NCE;LHR;1170;1015;185;1111111;A380-800|A319;611;1;0;1;0;1;0;811;66;725-105
8501;AA;AA1045+AA060+BA1593;MEX;LGW;MIA-FCO;860;1140;100-95;1111111;A321|Boeing 787-9|A319;521;1;0;1;0;0;0;759;69;185-615-145
8502;OS;OS1050+LX1456;VIE;BCN;ZRH;605;300;110;1111111;Embraer 195|A321neo;146;1;0;1;0;0;0;132;73;90-100
8503;SK;SK1211+SK1258;LHR;ATH;CPH;495;430;135;1111111;A320neo|A321LR;236;1;0;0;1;1;0;226;69;100-195
8504;KL;KL529+KL1316;EZE;VIE;AMS;1175;1185;220;1011101;Boeing 787-10|Boeing 737-800;683;1;0;1;1;1;0;722;78;865-100
8505;DL;DL023+DL1418;LHR;SFO;JFK;690;1030;180;1111111;Boeing 767-400ER|Boeing 767-400ER;580;1;0;1;1;0;1;796;81;480-370
8506;LH;LH1156+MS1411;MUC;CAI;AMS;835;480;130;1111111;A320neo|A320neo;230;1;0;1;0;1;0;277;68;90-260
8507;AF;AF1167+AF1156;CMN;PRG;CDG;635;615;345;1111111;A318|A220-300;230;1;0;1;0;0;0;226;78;180-90
8508;IB;IB1200+JL015;MAD;HND;CDG;505;1130;180;1111111;A320neo|A350-1000;665;1;0;1;0;1;0;619;81;110-840
8509;LH;LH1085+LH420;GVA;HND;FRA;580;1375;505;1111111;A320neo|A340-600;651;1;0;1;0;1;0;738;62;65-805
8510;AF;AF1137+AF038;VIE;SIN;CDG;860;1210;325;1111111;A321|Boeing 777-300ER;641;1;0;1;0;0;0;801;76;120-765
8511;QR;QR028+BA044;DOH;MIA;LHR;365;1225;175;1111111;A350-1000|Boeing 787-9;794;1;1;1;1;1;0;674;75;445-605
8512;AA;AA1029+AA038;MIA;FCO;JFK;900;905;225;1111111;Boeing 737-800|Boeing 777-300ER;562;1;0;1;0;0;1;587;68;170-510
8513;IB;IB1353+IB1334;CMN;VIE;MAD;530;490;230;1111111;A321XLR|A321neo;232;1;0;0;0;0;0;194;85;95-165
8514;LX;LX607+LX1446;DEL;BER;ZRH;585;800;195;1100100;A330-300|A321neo;524;1;0;1;0;1;0;454;70;520-85
8515;LH;LH461+LH1216;MEX;PRG;MUC;1185;930;155;0110101;A350-900|A320neo;627;1;0;1;1;1;0;560;68;725-50
8516;AF;AF1141+AF072;CPH;GRU;CDG;540;1045;185;1111111;A220-300|A350-900;686;1;0;1;1;1;0;598;76;115-745
8517;QR;QR030+AA019;DOH;JFK;LHR;485;1025;100;1111111;Boeing 787-9|Boeing 787-9;725;1;1;1;1;1;1;589;69;445-480
8518;JL;JL039+JL018;SYD;LHR;HND;890;1590;85;1111111;Boeing 777-300ER|A350-1000;1010;1;1;1;1;1;1;1032;87;615-890
8519;IB;IB515+IB1216;CUN;NCE;MAD;1200;830;145;1111111;A330-300|A321neo;572;1;0;1;0;1;0;598;83;585-100
8520;EK;EK1011+EK094;CAI;SIN;DXB;1040;1185;520;1111111;Boeing 777-300ER|A350-900;592;1;1;1;1;0;1;512;74;210-455
8521;AF;AF013+AF018;JFK;JNB;CDG;1375;1210;100;1111111;Boeing 777-300ER|A330-200;793;1;1;1;0;1;0;947;75;440-670
8522;AF;AF033+AF1104;BKK;OPO;CDG;115;1225;325;1111111;A350-900|A321;688;1;0;1;0;1;0;639;81;770-130
8523;LH;LH1155+LH454;AMS;LAX;MUC;505;1100;230;1111111;Embraer 190|Boeing 747-8;572;1;0;1;1;0;0;785;62;85-785
8524;CX;CX1014+JL014;HKG;CDG;HND;1085;1285;145;1111111;A321neo|A350-1000;705;1;1;1;1;1;0;725;86;235-905
8525;EK;EK1023+EK080;DOH;TUN;DXB;1120;1050;600;1111111;Boeing 777-300ER|A380-800;400;1;1;1;1;0;1;370;76;60-390
8526;AI;AI026+OS1016;DEL;LHR;VIE;650;885;275;0111011;Boeing 777-300ER|Embraer 195;467;1;0;1;1;0;0;488;65;470-140
8527;LH;LH407+LH428;JNB;YUL;FRA;1300;1535;355;1100100;A340-600|A340-600;752;1;1;1;1;1;0;1087;63;680-500
8528;AZ;AZ1097+AZ1102;CPH;ATH;FCO;830;415;155;1111111;A320neo|A320neo;204;1;0;0;0;0;0;194;83;155-105
8529;TK;TK1133+TK1062;DXB;MAD;IST;610;775;255;1111111;A321neo|Boeing 737 MAX 8;415;1;1;1;0;1;1;385;71;270-250
8530;LH;LH455+LH1192;LAX;ZRH;MUC;1165;845;75;1111111;Boeing 747-8|A321;611;1;0;1;1;1;0;745;68;715-55
8531;DL;DL016+AF1016;JFK;MRS;CDG;1170;680;155;1111111;A330-900neo|A321;502;1;0;1;0;0;0;384;79;440-85
8532;SN;SN503+SN1218;ABJ;FRA;BRU;1290;725;260;0011011;A330-300|A319;431;1;0;1;0;1;0;364;65;410-55
8533;TK;TK025+TK1026;BKK;NTE;IST;110;1225;355;1111111;Boeing 787-9|A321neo;564;1;1;1;1;1;1;577;72;625-245
8534;SN;SN1252+SQ035;BRU;SIN;ZRH;550;1285;480;1111111;A320|Boeing 787-10;668;1;0;1;0;0;0;611;75;70-735
8535;AF;AF021+AF1174;RUN;TUN;CDG;1340;980;105;1111111;Boeing 777-300ER|A321;588;1;0;1;1;1;0;758;71;735-140
8536;IB;IB1240+BA032;MAD;SIN;LHR;500;1110;210;1111111;A321neo|A350-1000;726;1;0;1;0;0;0;699;76;125-775
8537;AT;AT1200+CX015;CMN;HKG;CDG;600;1310;410;1111111;Boeing 737 MAX 8|A350-900;667;1;1;1;0;1;0;653;69;180-720
8538;TK;TK1031+TK020;LHR;MLE;IST;620;825;155;1111111;Boeing 737 MAX 8|Boeing 787-9;567;1;1;1;1;0;1;498;72;215-455
8539;QR;QR1221+QR1206;DXB;ATH;DOH;540;620;290;1111111;Boeing 787-8|Boeing 787-8;344;1;1;1;1;1;1;231;81;65-265
8540;LH;LH1003+LH406;CDG;JNB;FRA;650;835;100;1001001;Embraer 190|A340-600;550;1;0;1;0;0;0;694;67;65-670
8541;BA;BA1545+BA014;PRG;JNB;LHR;510;1050;235;1111111;A319|A350-1000;546;1;0;1;0;0;0;600;65;120-695
8542;KL;KL511+KL1322;HND;DUB;AMS;75;1105;135;1111111;Boeing 787-10|Boeing 737-800;599;1;0;1;1;0;0;584;72;870-100
8543;AF;AF1140+SK204;CDG;LAX;CPH;545;985;145;1111110;A220-300|A330-300;629;1;0;1;1;1;0;671;72;105-735
8544;BA;BA1549+BA030;PRG;BKK;LHR;1140;900;90;1111111;A321neo|Boeing 777-300ER;605;1;0;1;1;1;0;710;66;120-690
8545;KL;KL1211+KL518;NCE;SFO;AMS;525;1010;185;1111111;Boeing 737-800|Boeing 777-300ER;610;1;0;1;0;0;0;669;72;105-720
8546;AA;AA052+BA024;MIA;MLE;LHR;1220;1675;525;1111111;Boeing 777-300ER|A380-800;896;1;1;1;0;0;1;1100;66;530-620
8547;BA;BA1419+BA040;LYS;HND;LHR;1120;1040;110;1111111;A320neo|Boeing 787-9;585;1;0;1;1;0;0;587;77;100-830
8548;KL;KL1243+KL1316;LHR;VIE;AMS;805;295;135;1111111;Boeing 737-800|Boeing 737-800;150;1;0;0;1;0;0;133;74;60-100
8549;AM;AM1000+DL030;MEX;BER;JFK;645;955;205;1111111;Boeing 737 MAX 8|A350-900;576;1;1;1;0;1;0;575;78;270-480
8550;SN;SN501+SN1212;DSS;LHR;BRU;1290;630;210;0111111;A330-300|A320;364;1;0;1;0;1;0;325;71;355-65
8551;LH;LH1005+LH420;CDG;HND;FRA;810;1145;275;1111111;A320neo|A340-600;593;1;0;1;1;1;0;737;64;65-805
8552;AA;AA028+IB1364;JFK;TUN;MAD;1120;690;140;1111111;Boeing 777-300ER|A321XLR;527;1;0;1;1;1;0;481;70;430-120
8553;UA;UA033+UA1420;SYD;CUN;SFO;715;1475;285;0010101;Boeing 787-10|Boeing 787-10;899;1;0;1;1;1;1;913;72;895-295
8554;DL;DL1417+DL042;SFO;LIS;JFK;585;910;185;1111111;A330-900neo|A350-900;611;1;0;1;1;0;1;574;81;320-405
8555;IB;IB1245+IB1286;LHR;BCN;MAD;965;285;90;1111111;A320neo|A321XLR;159;1;0;0;0;1;0;145;81;130-65
8556;QR;QR075+QR1208;JNB;IST;DOH;1155;1090;350;1101010;Boeing 777-300ER|Boeing 787-8;560;1;1;1;1;1;1;591;86;490-250
8557;OS;OS1019+OS400;AMS;MLE;VIE;590;1100;465;1001001;A321|Boeing 787-9;526;1;0;1;0;0;0;493;75;100-535
8558;LX;LX629+LX1446;GRU;BER;ZRH;1170;1145;330;0011011;A330-300|A321neo;682;1;0;1;0;1;0;679;66;730-85
8559;LH;LH1219+LH440;ATH;DEL;MUC;825;835;235;0110110;Embraer 190|Boeing 747-8;379;1;0;1;1;0;0;562;61;160-440
8560;TK;TK1053+TK020;MUC;MLE;IST;610;895;295;1111111;A320neo|Boeing 787-9;505;1;1;1;0;1;1;435;72;145-455
8561;AA;AA1047+AA058;CUN;BCN;MIA;635;1140;490;1111111;A321|Boeing 787-9;590;1;0;1;1;0;1;497;73;90-560
8562;AA;AA1029+AA042;MIA;ATH;JFK;900;895;140;1111111;Boeing 737-800|Boeing 777-200ER;654;1;0;1;1;0;1;734;68;170-585
8563;BA;BA039+BA1468;HND;MAD;LHR;100;1205;185;1111111;A350-1000|A319;664;1;0;1;0;0;0;648;69;890-130
8564;SQ;SQ030+MS1429;SIN;CAI;FCO;590;1090;110;1111111;Boeing 787-10|Boeing 737-800;686;1;1;1;1;0;0;721;67;790-190
8565;BA;BA172+BA1520;JFK;BRU;LHR;1130;585;110;1111111;Boeing 787-9|A319;415;1;0;1;1;1;0;337;77;420-55
8566;LH;LH403+LH1002;JFK;CDG;FRA;1170;615;80;1111111;A340-600|Embraer 190;414;1;0;1;1;0;0;507;66;465-70
8567;AZ;AZ1015+AZ104;MRS;MIA;FCO;615;925;150;1111111;A220-100|A350-900;535;1;0;1;0;0;0;505;79;75-700
8568;SQ;SQ034+LX1496;SIN;CMN;ZRH;145;1300;250;1111111;Boeing 787-10|A320neo;851;1;0;1;0;1;0;702;71;840-210
8569;TK;TK035+TK016;HND;ABJ;IST;120;1500;200;1111111;A330-300|A350-900;799;1;1;1;0;1;1;864;71;860-440
8570;AA;AA1028+QR093;JFK;DOH;MIA;900;1315;245;1111111;Boeing 737-800|Boeing 787-9;785;1;0;1;1;1;1;814;70;175-895
8571;IB;IB1359+IB1242;RAK;LHR;MAD;550;305;70;1111111;A320neo|A321XLR;220;1;0;0;0;0;0;194;87;110-125
8572;AF;AF063+AF1110;YUL;FCO;CDG;1335;605;80;1111111;A350-900|A321;457;1;0;1;1;0;0;412;79;415-110
8573;AZ;AZ119+AZ1016;DEL;MRS;FCO;620;805;215;1111111;A350-900|A320neo;435;1;0;1;0;1;0;375;79;505-85
8574;AF;AF041+AF1120;HKG;MXP;CDG;655;990;105;1111111;A330-200|A220-300;608;1;0;1;1;1;0;674;76;810-75
8575;SK;SK209+SK1230;HND;BER;CPH;595;970;95;1111111;A350-900|A320neo;589;1;0;1;0;1;0;506;79;815-60
8576;TK;TK1129+TK020;CAI;MLE;IST;830;735;150;1111111;Boeing 737 MAX 8|Boeing 787-9;428;1;1;1;1;0;1;437;72;130-455
8577;BA;BA172+BA1484;JFK;LIS;LHR;1130;760;180;1111111;Boeing 787-9|A319;384;1;0;1;0;0;0;428;72;420-160
8578;TK;TK1032+TP1243;IST;LIS;LHR;755;640;235;1111111;A320neo|A320neo;284;1;0;1;0;0;0;272;61;245-160
8579;AF;AF1105+AF040;OPO;HKG;CDG;845;995;155;1111111;A321|A330-200;639;1;0;1;0;0;0;746;76;120-720
8580;LH;LH463+LH1150;CUN;LHR;MUC;1170;855;90;0101010;A350-900|A321;563;1;0;1;1;0;0;579;62;655-110
8581;QR;QR051+QR086;LIS;HND;DOH;930;1405;370;1111111;A350-1000|Boeing 777-300ER;784;1;1;1;1;0;1;854;83;430-605
8582;LH;LH440+NH047;MUC;HND;DEL;1160;1355;475;0110110;Boeing 747-8|Boeing 787-9;578;1;1;1;1;0;1;761;73;440-440
8583;LH;LH1080+LX628;FRA;GRU;ZRH;595;975;160;0110110;A320neo|A330-300;637;1;0;1;1;0;0;649;61;55-760
8584;QR;QR093+QR076;MIA;BKK;DOH;1320;1975;665;1111111;Boeing 787-9|Boeing 777-300ER;1051;1;1;1;1;1;1;1017;80;895-415
8585;TK;TK1085+MS1451;MXP;CAI;IST;600;545;265;1111111;A321neo|A320neo;222;1;1;1;0;1;0;219;70;155-125
8586;AF;AF053+AF1188;LAX;CAI;CDG;1110;1130;200;1111111;Boeing 777-300ER|A320;685;1;0;1;1;0;0;849;80;675-255
8587;AM;AM014+AF1188;MEX;CAI;CDG;1230;1130;195;1111111;Boeing 787-8|A320;693;1;0;1;1;0;0;759;75;680-255
8588;IB;IB1369+IB1360;ALG;RAK;MAD;620;350;135;1111111;A321neo|A321neo;160;1;0;0;0;0;0;150;82;100-115
8589;IB;IB1244+BA030;MAD;BKK;LHR;955;1085;270;1111111;A320neo|Boeing 777-300ER;613;1;0;1;1;1;0;727;72;125-690
8590;KL;KL529+KL512;EZE;HND;AMS;1175;2090;420;1011101;Boeing 787-10|Boeing 777-300ER;975;1;1;1;0;1;0;1231;72;865-805
8591;NH;NH1203+AZ115;HKG;FCO;HND;1070;1370;200;1111111;Boeing 737-800|A330-900neo;651;1;1;1;0;0;0;772;83;235-935
8592;SN;SN505+SN1274;JFK;ALG;BRU;1155;870;265;1111111;A330-300|A320;492;1;0;1;1;0;0;509;72;445-160
8593;UA;UA033+UA014;SYD;CDG;SFO;715;2200;635;0010101;Boeing 787-10|Boeing 777-300ER;950;1;1;1;1;1;1;1235;75;895-670
8594;AZ;AZ1117+TP1273;TUN;LIS;FCO;625;620;350;1111111;A320neo|A321neo;184;1;0;0;1;1;0;172;63;80-190
8595;BA;BA176+BA1490;JFK;OPO;LHR;1240;870;315;1111111;Boeing 777-300ER|A321neo;379;1;0;1;0;1;0;469;67;420-135
8596;TK;TK028+SQ046;IST;SYD;SIN;1165;1315;170;1111111;A330-300|Boeing 787-10;786;1;1;1;1;1;1;908;81;655-490
8597;AF;AF1155+AF1086;PRG;MAD;CDG;865;440;225;1111111;A318|A321;188;1;0;1;1;0;0;192;79;100-115
8598;LX;LX621+LX1496;MIA;CMN;ZRH;1175;930;140;1111111;Boeing 777-300ER|A320neo;531;1;0;1;0;1;0;649;67;580-210
8599;IB;IB1303+IB1258;OPO;FRA;MAD;610;300;100;1111111;A320neo|A320neo;182;1;0;0;0;1;0;156;81;65-135
8600;BA;BA1423+BA042;MRS;ICN;LHR;810;1160;285;1111111;A320neo|A350-1000;598;1;0;1;0;0;0;567;66;110-765
8601;LH;LH411+LH1078;DEL;MXP;FRA;620;770;185;1111111;Boeing 747-8|A320neo;433;1;0;1;0;1;0;499;70;515-70
8602;BA;BA112+BA1408;JFK;NCE;LHR;1000;775;250;1111111;Boeing 777-300ER|A321neo;475;1;0;1;1;0;0;448;69;420-105
8603;EI;EI601+EI1400;JFK;CDG;DUB;1170;570;85;1111111;A321XLR|A320neo;420;1;0;1;0;1;0;345;74;390-95
8604;KL;KL1339+KL1312;CAI;GVA;AMS;595;595;220;1111111;Embraer 195-E2|Boeing 737-900;257;1;0;0;0;0;0;289;69;285-90
8605;BA;BA1467+BA024;MAD;MLE;LHR;450;1365;620;1111111;A321neo|A380-800;552;1;0;1;0;0;0;743;66;125-620
8606;BA;BA1453+BA034;FRA;SIN;LHR;1160;965;100;1111111;A321neo|Boeing 787-9;681;1;0;1;0;1;0;649;67;90-775
8607;AZ;AZ103+AZ1004;JFK;CDG;FCO;1285;865;235;1111111;A330-900neo|A320neo;422;1;0;1;0;1;0;467;76;510-120
8608;AF;AF1075+AF074;BER;EZE;CDG;555;1180;210;1101010;A321|A330-200;694;1;0;1;0;0;0;807;74;100-870
8609;TP;TP1297+SN1239;RAK;BRU;LIS;535;490;240;1111111;A321LR|A320;206;1;0;0;0;1;0;205;57;90-160
8610;IB;IB1359+IB1336;RAK;CPH;MAD;550;480;180;1111111;A320neo|A320neo;275;1;0;0;1;1;0;228;78;110-190
8611;KL;KL523+KL1332;MEX;ATH;AMS;1170;1100;225;1111111;Boeing 777-300ER|Embraer 195-E2;684;1;0;1;1;1;0;745;72;680-195
8612;AF;AF1051+AF1026;AMS;TLS;CDG;485;355;205;1111111;A220-300|A320;143;1;0;1;1;0;0;94;82;65-85
8613;TP;TP1250+LH408;LIS;DXB;FRA;590;640;95;1111111;A321neo|A350-900;439;1;0;1;0;1;0;390;60;175-370
8614;OS;OS1026+LH1146;VIE;BOD;MUC;590;355;175;1010101;A321|A321;162;1;0;0;0;0;0;139;72;65-115
8615;SN;SN505+SN1266;JFK;IST;BRU;1155;900;265;1111111;A330-300|A320;484;1;0;1;1;0;0;554;72;445-190
8616;KL;KL1327+KL520;PRG;YUL;AMS;575;715;145;1111111;Boeing 737-800|Boeing 777-300ER;445;1;0;1;1;0;0;428;73;95-475
8617;AZ;AZ111+TK1081;GRU;IST;FCO;1200;1075;225;1111111;A330-900neo|Boeing 737 MAX 8;620;1;1;1;1;0;1;630;72;720-130
8618;QR;QR049+QR080;BCN;DPS;DOH;935;1470;500;0010011;A380-800|Boeing 787-9;784;1;1;1;0;0;1;792;82;370-600
8619;IB;IB505+AT1237;JFK;CMN;MAD;1300;720;190;1111111;A330-200|Boeing 737-800;443;1;1;1;0;1;0;461;71;430-100
8620;AF;AF1005+AF1078;NCE;BER;CDG;725;530;345;1111111;A320|A220-300;148;1;0;1;1;0;0;141;77;95-90
8621;LH;LH1190+LX1422;MUC;NTE;ZRH;600;315;155;1111111;A320neo|A220-300;143;1;0;1;0;1;0;86;68;55-105
8622;JL;JL024+AT505;HND;CMN;JFK;1015;1450;210;1111111;Boeing 777-300ER|Boeing 787-8;841;1;1;1;1;1;0;1023;70;810-430
8623;AF;AF021+AF1074;RUN;BER;CDG;1340;925;100;1111111;Boeing 777-300ER|A321;586;1;0;1;1;0;0;695;71;735-90
8624;LX;LX627+LX1478;YUL;CPH;ZRH;1165;600;50;1111111;A340-300|A321neo;477;1;0;1;0;0;0;528;72;450-100
8625;TP;TP1276+LX604;LIS;MLE;ZRH;820;810;80;1110110;A321neo|Boeing 777-300ER;633;1;0;1;1;1;0;623;65;160-570
8626;EK;EK039+EK090;AMS;BKK;DXB;685;1235;455;1111111;A380-800|A380-800;628;1;1;1;1;1;1;753;80;390-390
8627;TK;TK035+TK1102;HND;DUB;IST;120;1325;205;1111111;A330-300|Boeing 737 MAX 8;648;1;1;1;0;1;1;779;71;860-260
8628;LH;LH1129+LH440;CDG;DEL;MUC;940;660;135;0110110;A320neo|Boeing 747-8;465;1;0;1;1;0;0;498;63;85-440
8629;KL;KL1203+KL1294;CDG;FCO;AMS;645;420;235;1111111;Embraer 195-E2|Boeing 737-900;148;1;0;0;0;0;0;163;70;60-125
8630;CX;CX016+BA1530;HKG;VIE;LHR;635;1080;150;1111111;Boeing 777-300ER|A321neo;635;1;0;1;0;1;0;733;74;810-120
8631;TK;TK1089+TK1138;ZRH;DOH;IST;600;555;175;1111111;A321neo|A321neo;321;1;1;1;0;0;1;302;71;160-220
8632;IB;IB517+IB1250;GRU;AMS;MAD;1185;890;105;1111111;A330-300|A321XLR;574;1;0;1;0;0;0;667;80;645-140
8633;AF;AF031+AF1150;DEL;DUB;CDG;635;890;235;1111111;Boeing 777-300ER|A220-300;516;1;0;1;1;0;0;493;75;550-105
8634;EK;EK079+EK100;CMN;ICN;DXB;915;1295;345;1111111;Boeing 777-300ER|A380-800;704;1;1;1;1;1;1;898;78;450-500
8635;LH;LH1128+AI015;MUC;DEL;CDG;950;715;135;1111111;A320neo|Boeing 777-300ER;433;1;0;1;0;0;0;484;65;95-485
8636;OS;OS1031+OS402;BER;BKK;VIE;595;1155;470;1111111;A320|Boeing 787-9;592;1;0;1;0;0;0;514;76;75-610
8637;TP;TP205+TP1256;MIA;BER;LIS;1190;975;275;1111111;A330-900neo|A321neo;560;1;0;1;0;1;0;519;61;495-205
8638;AF;AF057+AF1022;SFO;MRS;CDG;1220;1000;245;1111111;A330-200|A320;634;1;0;1;1;1;0;648;72;670-85
8639;IB;IB1311+CX023;FCO;HKG;MAD;950;1025;90;1111111;A320neo|Boeing 777-300ER;634;1;0;1;0;0;0;795;78;145-790
8640;SN;SN1218+LH422;BRU;MIA;FRA;580;895;185;1111111;A319|Boeing 747-8;487;1;0;1;0;1;0;611;62;55-655
8641;BA;BA1431+BA1448;BOD;FRA;LHR;585;250;75;1111111;A319|A319;125;1;0;0;1;0;0;139;66;95-80
8642;OS;OS1063+AI027;PRG;DEL;VIE;845;765;300;1011101;A321|Boeing 777-300ER;405;1;0;1;1;1;0;388;75;50-415
8643;AF;AF1167+AF1064;CMN;FRA;CDG;635;410;165;1111111;A318|A220-300;193;1;0;1;1;0;0;192;78;180-65
8644;EK;EK021+EK094;NCE;SIN;DXB;895;1270;450;1111111;Boeing 777-300ER|A350-900;723;1;1;1;1;1;1;630;74;365-455
8645;LX;LX603+LX626;DXB;YUL;ZRH;390;1110;190;1111111;A330-300|A340-300;674;1;1;1;0;1;0;758;67;410-510
8646;MS;MS1446+LH1113;CAI;FRA;IST;535;650;330;1111111;A220-300|A321;221;1;0;1;0;0;0;253;64;130-190
8647;QR;QR1217+QR024+BA117;MLE;JFK;DOH-LHR;840;2000;600-195;1111111;Boeing 787-8|Boeing 777-300ER|Boeing 777-300ER;751;1;1;1;0;0;1;923;72;280-445-480
8648;EK;EK091+EK114;BKK;LAX;DXB;135;1575;135;1111111;A380-800|A350-900;957;1;1;1;1;1;1;1098;78;410-1030
8649;LX;LX603+LX1456;DXB;BCN;ZRH;390;695;185;1111111;A330-300|A321neo;445;1;0;1;0;1;0;382;67;410-100
8650;QR;QR065+QR076;PRG;BKK;DOH;935;1280;540;1101010;A380-800|Boeing 777-300ER;572;1;1;1;1;1;1;659;87;325-415
8651;LH;LH1177+LH442;LIS;BKK;MUC;825;905;90;1111111;A319|A340-600;605;1;0;1;1;0;0;816;66;180-635
8652;EK;EK1001+EK092;ATH;BKK;DXB;600;885;240;1111111;Boeing 777-300ER|Boeing 777-300ER;553;1;1;1;1;0;1;581;75;255-390
8653;KL;KL1335+KL518;IST;SFO;AMS;595;1060;120;1111111;Boeing 737-800|Boeing 777-300ER;638;1;0;1;0;1;0;746;72;220-720
8654;KE;KE018+KL1328;ICN;PRG;AMS;585;1025;130;1111111;Boeing 787-9|Embraer 195-E2;543;1;0;1;0;1;0;526;80;810-85
8655;AZ;AZ113+LH1185;EZE;MUC;FCO;1210;1200;265;1101111;A330-900neo|A320neo;671;1;0;1;0;1;0;670;65;840-95
8656;TK;TK1015+TK030;NCE;HKG;IST;610;1040;275;1111111;Boeing 737 MAX 8|A330-300;563;1;1;1;1;0;1;640;72;160-605
8657;OS;OS1035+OS402;MAD;BKK;VIE;815;935;160;1111111;Embraer 195|Boeing 787-9;652;1;0;1;0;0;0;606;77;165-610
8658;AF;AF1163+AF044;IST;HND;CDG;620;1150;90;1111111;A320|A330-200;583;1;0;1;1;0;0;808;78;220-840
8659;EI;EI1423+EI600;LGW;JFK;DUB;600;655;135;1111111;A320neo|A321XLR;385;1;0;1;1;0;0;319;68;75-445
8660;LH;LH1137+LH450;LYS;JFK;MUC;580;780;155;1111111;A319|Boeing 747-8;457;1;0;1;0;1;0;543;70;75-550
8661;KE;KE1201+KE052;BKK;SFO;ICN;575;1060;105;1110110;Boeing 737-900|A380-800;730;1;1;1;0;0;0;973;83;290-665
8662;KE;KE045+KE016;DPS;LHR;ICN;895;1915;655;1111111;Boeing 777-300ER|A380-800;722;1;1;1;0;1;0;1005;84;425-835
8663;EK;EK089+EK022;JNB;LYS;DXB;1140;1015;85;1111111;A380-800|Boeing 777-300ER;567;1;1;1;1;1;1;804;74;500-430
8664;LH;LH1198+SN1268;MUC;CMN;BRU;595;425;125;1111111;Embraer 190|A320;214;1;0;0;1;0;0;234;68;85-215
8665;KL;KL525+KL1226;CUN;TLS;AMS;1160;1080;355;1111111;A330-300|Embraer 195-E2;547;1;0;1;1;1;0;622;68;615-110
8666;TP;TP1258+LX1451;LIS;ZRH;MAD;510;345;155;1111111;A321neo|A220-300;184;1;0;1;0;0;0;147;62;70-120
8667;AZ;AZ1069+LX1469;LIS;ZRH;FCO;610;545;290;1111111;A220-100|A220-300;176;1;0;1;0;0;0;182;70;165-90
8668;LX;LX1407+LX1490;NCE;ATH;ZRH;590;360;140;1111111;A220-300|A321neo;188;1;0;1;0;0;0;147;65;65-155
8669;SN;SN1253+SN1274;ZRH;ALG;BRU;560;385;150;1111111;A320|A320;169;1;0;0;0;0;0;175;73;75-160
8670;AF;AF045+AF1148;HND;DUB;CDG;145;1290;280;1111111;A330-200|A318;604;1;0;1;1;0;0;709;72;905-105
8671;TK;TK1133+TK1080;DXB;FCO;IST;610;540;125;1111111;A321neo|Boeing 737 MAX 8;354;1;1;1;0;1;1;319;71;270-145
8672;AZ;AZ1121+LH1183;ALG;MUC;FCO;615;305;110;1111111;A320neo|Embraer 190;166;1;0;0;0;0;0;154;67;100-95
8673;LX;LX1407+LX1462;NCE;OPO;ZRH;590;370;140;1111111;A220-300|A321neo;178;1;0;1;0;0;0;139;76;65-165
8674;IB;IB1353+IB516;CMN;GRU;MAD;530;970;210;1111111;A321XLR|A330-300;493;1;0;1;0;0;0;617;87;95-665
8675;BA;BA015+BA1436;JNB;AMS;LHR;1300;910;140;1111111;A350-1000|A321neo;634;1;0;1;1;1;0;527;65;710-60
8676;LH;LH1182+AZ1016;MUC;MRS;FCO;810;345;165;1111111;Embraer 190|A320neo;116;1;0;0;0;0;0;124;71;95-85
8677;BA;BA041+BA1512;HND;ZRH;LHR;710;1065;80;1111111;Boeing 787-9|A320neo;578;1;0;1;1;0;0;590;72;890-95
8678;KL;KL1285+KL512;LIS;HND;AMS;600;1405;425;1111111;Embraer 195-E2|Boeing 777-300ER;707;1;0;1;0;0;0;730;69;175-805
8679;KL;KL1257+KL500;MUC;DXB;AMS;520;565;85;1111111;Boeing 737-800|Boeing 787-10;365;1;0;1;0;0;0;349;76;90-390
8680;TG;TG018+AZ1021;BKK;FCO;LHR;115;1185;270;1111111;Boeing 787-9|A321;585;1;0;1;1;0;0;667;81;780-135
8681;BA;BA1491+QR033;OPO;DOH;LHR;835;700;180;1111111;A321neo|Boeing 777-300ER;462;1;0;1;0;0;0;450;76;125-395
8682;EK;EK101+EK014;ICN;CDG;DXB;1085;1290;270;1111111;A380-800|A350-900;632;1;1;1;1;0;1;789;83;575-445
8683;EI;EI1401+EI604;CDG;LAX;DUB;515;1050;255;1111111;A320neo|A321XLR;578;1;0;1;0;1;0;520;72;105-690
8684;TP;TP207+TP1262;SFO;MAD;LIS;1190;985;245;1111111;A321LR|A320neo;644;1;0;1;0;1;0;541;56;670-70
8685;LX;LX1524+AZ110;GVA;GRU;FCO;575;1015;185;1111111;A321neo|A330-900neo;650;1;0;1;0;1;0;573;73;85-745
8686;AF;AF1137+AF1106;VIE;OPO;CDG;860;435;185;1111111;A321|A318;186;1;0;1;0;0;0;227;73;120-130
8687;AF;AF075+AF1138;EZE;VIE;CDG;1205;1250;305;0110101;A330-200|A318;759;1;0;1;1;0;0;825;74;840-105
8688;TG;TG1204+SQ046;BKK;SYD;SIN;545;735;105;1111111;A320neo|Boeing 787-10;469;1;1;1;0;1;0;463;75;140-490
8689;AZ;AZ1011+AZ116;NCE;HND;FCO;840;1295;385;1111111;A320neo|A350-900;681;1;0;1;0;1;0;579;83;65-845
8690;AF;AF073+AF1188;GRU;CAI;CDG;1225;1315;340;1111111;A350-900|A320;635;1;0;1;1;0;0;770;71;720-255
8691;LH;LH455+LH1216;LAX;PRG;MUC;1165;830;65;1111111;Boeing 747-8|A320neo;610;1;0;1;1;1;0;741;68;715-50
8692;BA;BA174+BA032;JFK;SIN;LHR;1190;1500;305;1111111;A380-800|A350-1000;805;1;1;1;1;1;0;1008;76;420-775
8693;IB;IB1315+IB502;MXP;JFK;MAD;550;675;55;1111111;A321XLR|A350-900;453;1;0;1;1;1;0;411;83;125-495
8694;SQ;SQ040+TK1106;SIN;PRG;IST;580;935;90;1111111;Boeing 787-10|A320neo;713;1;1;1;1;1;1;599;81;690-155
8695;TK;TK1088+LX622;IST;LAX;ZRH;600;1090;130;1111111;A321neo|A340-300;728;1;1;1;0;0;1;830;70;180-780
8696;TK;TK015+TK022;DSS;DEL;IST;1335;1440;685;1111111;A330-300|Boeing 777-300ER;603;1;1;1;1;0;1;641;75;405-350
8697;LH;LH1105+LH406;PRG;JNB;FRA;600;885;145;1001001;Embraer 190|A340-600;580;1;0;1;0;0;0;690;67;70-670
8698;AF;AF065+AF030;MEX;DEL;CDG;1210;1490;325;1111111;A330-200|Boeing 777-300ER;800;1;1;1;1;0;1;1025;81;680-485
8699;AM;AM014+AF1150;MEX;DUB;CDG;1230;1045;260;1111111;Boeing 787-8|A220-300;609;1;0;1;1;1;0;568;75;680-105
8700;KL;KL1311+KL524;GVA;CUN;AMS;580;940;150;1111111;Embraer 195-E2|A330-300;576;1;0;1;0;0;0;595;69;90-700
8701;QR;QR1203+QR080;FCO;DPS;DOH;1085;1320;405;0010011;Boeing 787-9|Boeing 787-9;794;1;1;1;0;1;1;700;88;315-600
8702;AF;AF1131+AF028;GVA;MLE;CDG;865;930;265;1111111;A321|A350-900;544;1;0;1;0;1;0;493;73;65-600
8703;SN;SN505+SN1210;JFK;BOD;BRU;1155;810;265;1101100;A330-300|A319;419;1;0;1;0;0;0;460;68;445-100
8704;QR;QR046+IB1304;DOH;OPO;MAD;415;850;320;1111111;Boeing 777-300ER|A321neo;447;1;0;1;1;0;0;383;78;460-70
8705;TG;TG1211+TG1202;DPS;DEL;BKK;610;790;280;1111111;A320neo|A320neo;419;1;1;1;0;0;0;397;77;255-255
8706;LX;LX1497+LX614;CMN;HND;ZRH;805;1145;130;1111111;A320neo|A330-300;798;1;0;1;0;1;0;762;67;190-825
8707;QR;QR087+QR072;HND;ABJ;DOH;1140;1560;350;1101101;Boeing 777-300ER|A380-800;852;1;1;1;1;1;1;1008;87;695-515
8708;AM;AM014+AF1172;MEX;RAK;CDG;1230;1090;200;1111111;Boeing 787-8|A220-300;608;1;0;1;1;1;0;645;75;680-210
8709;LX;LX607+LX1484;DEL;DUB;ZRH;585;855;200;1100100;A330-300|A220-300;520;1;0;1;0;1;0;504;71;520-135
8710;BA;BA047+BA024;LAX;MLE;LHR;1090;1625;350;1111111;Boeing 777-300ER|A380-800;881;1;1;1;0;0;0;1208;66;655-620
8711;TP;TP1200+OS1003;LIS;VIE;CDG;495;365;120;1111111;A321LR|A321;208;1;0;0;1;0;0;227;56;140-105
8712;KL;KL1319+KL514;CPH;MIA;AMS;600;840;120;1111111;Embraer 195-E2|A330-300;562;1;0;1;0;1;0;537;72;90-630
8713;AI;AI014+LH1007;DEL;FRA;CDG;640;700;85;1111111;Boeing 777-300ER|A321;444;1;0;1;0;0;0;472;62;550-65
8714;LH;LH1061+LH412;BCN;BKK;FRA;835;970;210;1111111;A320neo|A340-600;618;1;0;1;0;1;0;765;64;110-650
8715;AF;AF1181+AF1064;ALG;FRA;CDG;550;495;295;1111111;A318|A220-300;169;1;0;1;1;0;0;175;75;135-65
8716;LX;LX1475+LX1498;VIE;CAI;ZRH;580;455;145;1111111;A320neo|A220-300;245;1;0;1;0;1;0;235;70;90-220
8717;UA;UA023+UA032;ZRH;SYD;SFO;795;2040;340;0100000;Boeing 777-300ER|Boeing 787-10;943;1;1;1;1;1;1;1262;72;760-940
8718;BA;BA029+BA117;BKK;JFK;LHR;85;1435;175;1111111;A380-800|Boeing 777-300ER;786;1;1;1;0;1;1;1076;67;780-480
8719;AF;AF1091+AF054;BCN;LAX;CDG;730;980;135;1111111;A320|A350-900;591;1;0;1;0;0;0;583;79;95-750
8720;AF;AF011+AF020;JFK;RUN;CDG;1220;1415;265;1111111;Boeing 787-9|Boeing 777-300ER;833;1;1;1;0;1;0;928;75;440-710
8721;SQ;SQ1009+SQ050;DPS;JFK;SIN;775;1540;205;1111111;Boeing 737 MAX 8|Boeing 777-300ER;1097;1;1;1;1;0;1;1109;85;170-1165
8722;DL;DL026+KL1224;JFK;TLS;AMS;1055;715;165;1111111;A330-900neo|Boeing 737-800;449;1;0;1;1;0;0;419;69;440-110
8723;TP;TP1200+TG015;LIS;BKK;CDG;495;935;115;1111111;A321LR|Boeing 787-9;617;1;0;1;1;1;0;639;56;140-680
8724;BA;BA043+BA1524;ICN;BRU;LHR;600;1135;245;1111111;A350-1000|A321neo;581;1;0;1;0;0;0;513;70;835-55
8725;LH;LH1167+LX1443;MAD;ZRH;MUC;810;270;75;1111111;A321|A320neo;149;1;0;1;1;0;0;172;64;140-55
8726;LX;LX1415+LX614;MRS;HND;ZRH;570;1380;485;1111111;A320neo|A330-300;715;1;0;1;0;1;0;667;67;70-825
8727;KL;KL1211+KL526;NCE;GRU;AMS;525;1050;175;1111111;Boeing 737-800|A330-300;639;1;0;1;0;0;0;733;73;105-770
8728;TK;TK1109+TK052;ATH;CUN;IST;520;1110;175;1111111;Boeing 737 MAX 8|A330-300;689;1;1;1;1;1;1;724;72;75-860
8729;SN;SN1227+SN1238;BER;LIS;BRU;565;405;135;1111111;A319|A320;194;1;0;0;0;0;0;202;67;90-180
8730;AI;AI033+AI1402;JFK;DXB;DEL;840;1280;190;1111111;Boeing 787-8|A321neo;651;1;1;1;0;1;0;789;63;870-220
8731;LH;LH1026+SQ019;FRA;SIN;LHR;430;1150;285;1111111;A319|Boeing 777-300ER;629;1;0;1;0;1;0;773;70;90-775
8732;QR;QR038+AT1227;DOH;CMN;AMS;425;1005;360;1111111;A380-800|Boeing 737 MAX 8;476;1;1;1;0;0;0;524;65;420-225
8733;AT;AT505+AT1214;JFK;BOD;CMN;1195;870;305;1111011;Boeing 787-8|Boeing 737-800;377;1;1;1;1;0;0;457;60;430-135
8734;LH;LH401+LX1437;JFK;ZRH;FRA;1040;680;160;1111111;Boeing 747-8|A321neo;445;1;0;1;1;0;0;487;65;465-55
8735;AZ;AZ1019+AZ1100;LHR;ATH;FCO;510;390;150;1111111;A320neo|A220-100;218;1;0;0;0;0;0;212;73;135-105
8736;TK;TK1127+TK1106;CAI;PRG;IST;530;625;340;1111111;A321neo|A320neo;229;1;1;1;1;1;1;231;71;130-155
8737;AZ;AZ118+NH047;FCO;HND;DEL;1175;1340;460;1111111;A350-900|Boeing 787-9;608;1;1;1;0;0;0;644;81;440-440
8738;AI;AI020+LH1042;DEL;AMS;FRA;650;800;220;1111111;Boeing 777-300ER|A321;442;1;0;1;0;0;0;435;70;515-65
8739;AF;AF031+AF1178;DEL;TUN;CDG;635;930;240;1111111;Boeing 777-300ER|A220-300;462;1;0;1;1;0;0;552;75;550-140
8740;EI;EI1463+EI600;ZRH;JFK;DUB;595;720;140;1111111;A320neo|A321XLR;456;1;0;1;0;0;0;383;68;135-445
8741;EK;EK065+EK088;ZRH;JNB;DXB;900;1215;340;1111111;Boeing 777-300ER|A380-800;643;1;1;1;1;1;1;789;79;360-515
8742;AZ;AZ1001+AZ1106;CDG;IST;FCO;495;370;130;1111111;A321|A220-100;190;1;0;0;1;0;0;225;76;110-130
8743;LH;LH1152+TG021;MUC;BKK;LHR;1140;905;105;1111111;A319|A350-900;557;1;0;1;1;1;0;617;70;110-690
8744;AA;AA1021+AT505;MIA;CMN;JFK;450;1175;575;1111111;Boeing 737-800|Boeing 787-8;474;1;0;1;1;0;0;457;70;170-430
8745;SK;SK1204+AF038;CPH;SIN;CDG;1105;965;85;1111111;A320neo|Boeing 777-300ER;647;1;0;1;0;0;0;781;71;115-765
8746;EK;EK075+EK102;DUB;HND;DXB;915;1135;115;1111111;Boeing 777-300ER|A380-800;629;1;1;1;1;1;1;978;77;440-580
8747;BA;BA1463+BA042;BER;ICN;LHR;815;1155;280;1111111;A321neo|A350-1000;572;1;0;1;0;0;0;564;66;110-765
8748;TK;TK1078+AZ1114;IST;CMN;FCO;720;685;335;1111111;A321neo|A321;294;1;0;1;0;0;0;273;69;145-205
8749;AF;AF1109+AF1104;FCO;OPO;CDG;520;460;210;1111111;A320|A321;181;1;0;1;0;0;0;233;76;120-130
8750;KL;KL1322+DL057;AMS;JFK;DUB;600;730;185;1111111;Boeing 737-800|A350-900;395;1;0;1;1;0;0;354;72;100-445
8751;AF;AF1055+AF1178;AMS;TUN;CDG;870;425;220;1111111;A321|A220-300;199;1;0;1;1;0;0;165;75;65-140
8752;LH;LH1089+SQ025;BRU;SIN;FRA;595;1245;455;1111111;Embraer 190|A380-800;714;1;0;1;1;1;0;799;75;55-735
8753;AF;AF1119+AF062;MXP;YUL;CDG;860;630;70;1111111;A318|A350-900;417;1;0;1;1;1;0;361;82;85-475
8754;AF;AF019+AF052;JNB;LAX;CDG;1355;1630;195;1111111;A330-200|Boeing 777-300ER;837;1;1;1;1;0;1;1160;72;685-750
8755;AF;AF1025+AF1148;TLS;DUB;CDG;500;455;270;1111111;A220-300|A318;157;1;0;1;1;0;0;129;72;80-105
8756;IB;IB1243+IB1290;LHR;PMI;MAD;730;350;150;1111111;A321XLR|A321XLR;167;1;0;0;0;1;0;151;78;130-70
8757;AF;AF061+AF1170;YUL;RAK;CDG;1215;710;85;1111111;Boeing 777-300ER|A318;443;1;0;1;1;0;0;529;78;415-210
8758;SQ;SQ034+LX622;SIN;LAX;ZRH;145;1845;225;1111111;Boeing 787-10|A340-300;937;1;1;1;0;1;1;1275;70;840-780
8759;AT;AT501+AT1250;JNB;FCO;CMN;1325;985;200;1101010;Boeing 787-9|Boeing 737 MAX 8;509;1;1;1;0;1;0;549;65;605-180
8760;MS;MS605+MS1426;JNB;FCO;CAI;1325;930;220;1111111;Boeing 787-9|A220-300;432;1;1;1;0;1;0;487;70;495-215
8761;QF;QF028+AA026;SYD;CDG;JFK;770;1870;245;1111111;A380-800|Boeing 787-9;1019;1;1;1;0;0;1;1515;74;1185-440
8762;SN;SN1227+SN1274;BER;ALG;BRU;565;380;130;1111111;A319|A320;185;1;0;0;0;0;0;191;73;90-160
8763;KL;KL1200+AF024;AMS;DXB;CDG;460;650;190;1111111;Boeing 737-800|A330-200;404;1;0;1;1;1;0;380;79;65-395
8764;KL;KL1251+KL520;FRA;YUL;AMS;505;785;245;1111111;Embraer 195-E2|Boeing 777-300ER;452;1;0;1;0;0;0;388;70;65-475
8765;AF;AF1183+AF046;ALG;HND;CDG;860;1290;315;1111111;A220-300|Boeing 777-300ER;632;1;0;1;0;0;0;746;75;135-840
8766;BA;BA1515+BA050;GVA;SFO;LHR;505;1090;280;1111111;A320neo|A350-1000;562;1;0;1;1;0;0;534;68;100-710
8767;SK;SK1202+AF012;CPH;JFK;CDG;790;735;120;1111111;A321LR|Boeing 777-300ER;419;1;0;1;1;1;0;464;72;115-500
8768;AF;AF013+AF1034;JFK;BOD;CDG;1375;875;360;1111111;Boeing 777-300ER|A318;406;1;0;1;0;0;0;432;75;440-75
8769;TK;TK039+TK032;JFK;ICN;IST;1105;1695;430;1111111;A350-900|A330-300;610;1;1;1;0;0;1;953;76;590-675
8770;EK;EK047+EK090;MAD;BKK;DXB;685;1235;425;1111111;A350-900|A380-800;703;1;1;1;1;1;1;675;76;420-390
8771;AC;AC1201+AC058;MIA;ATH;YUL;840;925;155;1111111;A220-300|Boeing 787-9;622;1;0;1;1;0;1;569;70;210-560
8772;SN;SN1247+SN500;MXP;DSS;BRU;550;600;130;1111110;A319|A330-300;382;1;0;1;0;0;0;357;65;90-380
8773;AF;AF051+AF038;MIA;SIN;CDG;1320;1830;515;1111111;A350-900|Boeing 777-300ER;978;1;1;1;0;1;0;1100;76;550-765
8774;LH;LH1023+LH1122;TLS;CAI;FRA;595;470;140;1111111;A321|Embraer 190;294;1;0;0;1;0;0;323;63;95-235
8775;BA;BA174+BA1484;JFK;LIS;LHR;1190;700;120;1111111;A380-800|A319;411;1;0;1;0;0;0;539;72;420-160
8776;AF;AF1075+AF1082;BER;MAD;CDG;555;315;100;1111111;A321|A220-300;176;1;0;1;1;0;0;175;79;100-115
8777;UA;UA020+LH1204;SFO;VIE;MUC;1155;850;90;1111111;Boeing 787-10|A321;621;1;0;1;0;0;0;551;68;705-55
8778;IB;IB513+IB1340;MEX;DUB;MAD;1185;1060;250;1111111;A350-900|A321XLR;531;1;0;1;1;0;0;617;83;665-145
8779;SN;SN1227+MS1437;BER;CAI;BRU;565;515;170;1111111;A319|Boeing 737-800;243;1;0;1;0;0;0;321;71;90-255
8780;KL;KL1225+KL528;TLS;EZE;AMS;595;1125;120;0111011;Boeing 737-800|Boeing 787-10;633;1;0;1;1;0;0;726;75;105-900
8781;AF;AF061+AF024;YUL;DXB;CDG;1215;975;165;1111111;Boeing 777-300ER|A330-200;622;1;1;1;1;1;0;700;78;415-395
8782;AZ;AZ1000+TP1203;FCO;LIS;CDG;495;370;100;1111111;A321|A320neo;170;1;0;0;1;0;0;234;60;120-150
8783;AF;AF1015+AF030;MRS;DEL;CDG;480;1200;625;1111111;A320|Boeing 777-300ER;466;1;0;1;1;1;0;492;81;90-485
8784;BA;BA029+BA1496;BKK;FCO;LHR;85;1190;275;1111111;A380-800|A319;621;1;0;1;1;0;0;860;67;780-135
8785;TU;TU1233+TU1272;MUC;ABJ;TUN;610;515;70;1111111;A319|A319;369;1;1;1;0;0;0;432;49;130-315
8786;BA;BA116+BA1416;JFK;LYS;LHR;1330;725;215;1111111;Boeing 787-9|A319;463;1;0;1;1;0;0;378;67;420-90
8787;IB;IB1289+CX023;PMI;HKG;MAD;625;1350;480;1111111;A321neo|Boeing 777-300ER;636;1;0;1;1;1;0;729;78;80-790
8788;KL;KL527+KL1316;GRU;VIE;AMS;1160;1200;355;1111111;A330-300|Boeing 737-800;661;1;0;1;1;1;0;731;78;745-100
8789;DL;DL028+KL510;JFK;HND;AMS;1270;1380;135;1111111;Boeing 767-400ER|Boeing 787-10;628;1;1;1;1;1;0;946;77;440-805
8790;AH;AH1035+AH1054;BCN;CAI;ALG;620;445;155;1111111;Boeing 737-800|Boeing 737-800;213;1;1;1;0;0;0;269;57;75-215
8791;LX;LX1457+SQ035;BCN;SIN;ZRH;800;1035;210;1111111;A321neo|Boeing 787-10;796;1;0;1;0;0;0;635;75;90-735
8792;LH;LH1089+LH402;BRU;JFK;FRA;595;745;160;1111111;Embraer 190|A340-600;413;1;0;1;1;1;0;493;68;55-530
8793;EK;EK079+EK096;CMN;DPS;DXB;915;1385;360;1111111;Boeing 777-300ER|A350-900;792;1;1;1;1;1;1;804;78;450-575
8794;AF;AF051+AF030;MIA;DEL;CDG;1320;1440;405;1111111;A350-900|Boeing 777-300ER;785;1;1;1;0;1;0;829;81;550-485
8795;UA;UA1403+UA1418;LAX;MEX;SFO;515;520;200;1111111;A320|A320;247;1;0;0;1;0;1;297;72;80-240
8796;QR;QR087+QR024;HND;LHR;DOH;1140;1265;125;1111111;Boeing 777-300ER|Boeing 777-300ER;647;1;1;1;1;1;1;877;84;695-445
8797;EK;EK117+EK088;SFO;JNB;DXB;1265;1750;245;1111111;A380-800|A380-800;1079;1;1;1;1;1;1;1453;81;990-515
8798;AF;AF1099+KE015;LIS;ICN;CDG;855;995;90;1111111;A321|A330-300;679;1;0;1;0;0;0;727;75;140-765
8799;IB;IB1373+IB1230;CAI;TLS;MAD;605;605;230;1111111;A320neo|A321XLR;296;1;0;0;1;0;0;270;82;300-75
8800;IB;IB1225+IB516;MRS;GRU;MAD;630;870;100;1111111;A321neo|A330-300;568;1;0;1;0;1;0;611;82;105-665
8801;KL;KL1311+KL528;GVA;EZE;AMS;580;1140;150;0111011;Embraer 195-E2|Boeing 787-10;705;1;0;1;1;0;0;683;75;90-900
8802;BA;BA1515+BA042;GVA;ICN;LHR;505;1465;600;1111111;A320neo|A350-1000;556;1;0;1;1;0;0;547;66;100-765
8803;LH;LH1001+LH1110;CDG;IST;FRA;450;295;65;1111111;A319|A320neo;211;1;0;0;0;1;0;168;64;65-165
8804;LX;LX623+LX1428;LAX;LHR;ZRH;1155;970;155;1111111;A340-300|A220-300;681;1;0;1;0;1;0;779;66;710-105
8805;BA;BA1435+BA117;AMS;JFK;LHR;450;710;165;1111111;A320neo|Boeing 777-300ER;430;1;0;1;0;1;0;391;72;65-480
8806;DL;DL1403+DL068;LAX;JNB;JFK;540;1560;300;1111111;A350-900|Boeing 767-400ER;1036;1;0;1;1;1;1;1226;79;305-955
8807;AZ;AZ1015+SQ031;MRS;SIN;FCO;615;1240;410;1111111;A220-100|Boeing 787-10;695;1;0;1;0;0;0;599;79;75-755
8808;LX;LX1461+LX608;LIS;BKK;ZRH;795;935;120;1111111;A320neo|A330-300;748;1;0;1;0;1;0;704;78;160-655
8809;LH;LH453+LH1172;MIA;BCN;MUC;1195;840;125;0010101;Boeing 747-8|A320neo;507;1;0;1;0;0;0;693;72;595-120
8810;TK;TK019+NH027;JNB;HND;IST;1335;1600;245;1111111;A330-300|Boeing 777-300ER;741;1;1;1;0;1;1;1069;83;590-765
8811;LH;LH1173+LH1222;BCN;IST;MUC;830;365;110;1111111;A320neo|Embraer 190;188;1;0;0;0;0;0;216;64;110-145
8812;QR;QR046+IB1296;DOH;LIS;MAD;415;640;100;1111111;Boeing 777-300ER|A320neo;488;1;0;1;1;1;0;390;80;460-80
8813;LX;LX611+LX1404;SIN;CDG;ZRH;590;1015;100;1111111;A330-300|A321neo;731;1;0;1;0;1;0;710;73;840-75
8814;KL;KL1200+AF028;AMS;MLE;CDG;460;1335;670;1111111;Boeing 737-800|A350-900;527;1;0;1;0;1;0;492;73;65-600
8815;BA;BA174+BA1566;JFK;CAI;LHR;1190;825;130;1111111;A380-800|A321neo;571;1;0;1;1;1;0;652;76;420-275
8816;AA;AA014+BA1566;JFK;CAI;LHR;1060;955;260;1111111;Boeing 777-200ER|A321neo;596;1;0;1;1;1;0;652;70;420-275
8817;LH;LH1207+LH450;CPH;JFK;MUC;595;765;125;1111111;A321|Boeing 747-8;451;1;0;1;1;1;0;566;62;90-550
8818;LH;LH453+LH438;MIA;DXB;MUC;1195;1150;205;0010101;Boeing 747-8|A350-900;733;1;1;1;0;1;1;850;72;595-350
8819;LH;LH1173+SQ027;BCN;SIN;MUC;830;990;160;1111111;A320neo|A380-800;667;1;0;1;0;1;0;844;64;110-720
8820;AA;AA015+AA1038;LHR;MEX;JFK;675;1010;235;1111111;Boeing 777-200ER|Boeing 737-800;531;1;0;1;1;0;1;683;69;480-295
8821;LX;LX1419+LX1428;TLS;LHR;ZRH;810;415;225;1011111;A321neo|A220-300;141;1;0;1;0;0;0;125;66;85-105
8822;TK;TK1079+TK032;FCO;ICN;IST;735;985;180;1111111;A321neo|A330-300;536;1;1;1;0;0;1;630;76;130-675
8823;BA;BA1447+BA1562;FRA;RAK;LHR;480;405;95;1111111;A321neo|A319;230;1;0;0;0;0;0;238;70;90-220
8824;BA;BA027+BA1524;DEL;BRU;LHR;620;905;290;1111111;Boeing 777-300ER|A321neo;455;1;0;1;1;0;0;467;65;560-55
8825;IB;IB1307+IB518;FCO;EZE;MAD;505;1115;175;1011111;A321neo|A330-300;726;1;0;1;1;0;0;767;79;145-795
8826;AF;AF051+AF046;MIA;HND;CDG;1320;1910;520;1111111;A350-900|Boeing 777-300ER;712;1;1;1;0;0;0;1033;82;550-840
8827;AF;AF067+AF1182;CUN;ALG;CDG;1215;860;115;1111111;A330-200|A220-300;588;1;0;1;1;1;0;649;78;610-135
8828;AT;AT509+AT1204;YUL;ORY;CMN;1185;910;305;1111111;Boeing 787-9|Boeing 737 MAX 8;397;1;1;1;0;1;0;437;60;425-180
8829;KL;KL1253+KL1222;FRA;MRS;AMS;810;355;185;1111111;Boeing 737-900|Boeing 737-800;125;1;0;0;1;0;0;135;80;65-105
8830;AA;AA014+BA1554;JFK;IST;LHR;1060;875;240;1111111;Boeing 777-200ER|A320neo;530;1;0;1;1;0;0;581;70;420-215
8831;AA;AA028+IB1224;JFK;MRS;MAD;1120;670;145;1111111;Boeing 777-300ER|A321neo;477;1;0;1;1;1;0;442;70;430-95
8832;LH;LH1049+LH402;BER;JFK;FRA;605;735;135;1111111;A321|A340-600;490;1;0;1;1;0;0;506;67;70-530
8833;AM;AM018+KL1286;MEX;LIS;AMS;1205;1055;185;1111111;Boeing 787-9|Boeing 737-900;545;1;0;1;1;0;0;650;79;680-190
8834;AF;AF017+AF1014;ABJ;MRS;CDG;1345;615;135;1111111;Boeing 777-300ER|A320;343;1;0;1;1;0;0;384;78;395-85
8835;AF;AF069+AF1154;PTP;PRG;CDG;1205;875;275;1111111;A350-900|A318;518;1;0;1;1;0;0;455;75;510-90
8836;LH;LH1101+LH1086;DUB;GVA;FRA;585;480;305;1111111;Embraer 190|A321;146;1;0;0;0;0;0;155;62;105-70
8837;AF;AF073+AF1176;GRU;TUN;CDG;1225;960;100;1111111;A350-900|A318;627;1;0;1;0;0;0;662;71;720-140
8838;KE;KE014+AF1072;ICN;MUC;CDG;610;1115;185;1111111;A330-300|A220-300;531;1;0;1;1;0;0;638;83;845-85
8839;AF;AF063+AF1018;YUL;MRS;CDG;1335;670;170;1111111;A350-900|A318;437;1;0;1;1;0;0;367;74;415-85
8840;AF;AF1045+AF1086;LHR;MAD;CDG;845;400;230;1111111;A320|A321;150;1;0;1;1;0;0;141;79;55-115
8841;QR;QR030+BA1564;DOH;RAK;LHR;485;970;305;1111111;Boeing 787-9|A320neo;476;1;0;1;1;0;0;440;70;445-220
8842;AA;AA018+BA1436;JFK;AMS;LHR;1205;585;105;1111111;Boeing 787-9|A321neo;454;1;0;1;1;1;0;334;68;420-60
8843;EK;EK089+EK114;JNB;LAX;DXB;1140;1710;180;1111111;A380-800|A350-900;1096;1;1;1;1;1;1;1211;76;500-1030
8844;IB;IB508+QF025;MAD;SYD;LAX;840;2015;295;1111111;A330-200|A330-300;900;1;1;1;1;1;1;1394;80;775-945
8845;AF;AF1147+AF050;DUB;MIA;CDG;565;960;240;1111111;A321|A350-900;472;1;0;1;0;0;0;481;73;95-625
8846;AF;AF1041+AF064;LHR;MEX;CDG;490;1075;250;1111111;A318|A330-200;594;1;0;1;1;0;0;633;75;55-770
8847;AZ;AZ111+AZ1048;GRU;BER;FCO;1200;960;120;1111111;A330-900neo|A320neo;673;1;0;1;0;0;0;614;84;720-120
8848;AI;AI020+OS1025;DEL;VIE;FRA;650;755;160;1111111;Boeing 777-300ER|Embraer 195;430;1;0;1;0;0;0;460;70;515-80
8849;MS;MS1427+MS610;FCO;ICN;CAI;605;1210;300;0101010;A220-300|Boeing 787-9;499;1;1;1;1;1;0;605;63;190-720
8850;AT;AT1218+BA1530;CMN;VIE;LHR;625;670;355;1111111;Boeing 737 MAX 8|A321neo;195;1;0;1;0;1;0;248;60;195-120
8851;KL;KL1311+KL514;GVA;MIA;AMS;580;860;140;1111111;Embraer 195-E2|A330-300;528;1;0;1;0;0;0;541;72;90-630
8852;LH;LH1093+LH432;VIE;CUN;FRA;610;935;120;1111111;A320neo|A350-900;565;1;0;1;1;0;0;522;63;90-725
8853;LH;LH1029+LH1108;LHR;ATH;FRA;580;355;105;1111111;Embraer 190|Embraer 190;210;1;0;0;1;0;0;211;63;80-170
8854;BA;BA1449+BA030;FRA;BKK;LHR;720;1320;540;1111111;A319|Boeing 777-300ER;590;1;0;1;0;0;0;688;67;90-690
8855;KL;KL1241+KL504;LHR;DEL;AMS;680;885;355;1111111;Boeing 737-900|A330-300;474;1;0;1;1;0;0;451;70;60-470
8856;TK;TK1029+TK032;LHR;ICN;IST;465;1195;305;1111111;A321neo|A330-300;561;1;1;1;0;0;1;682;76;215-675
8857;EK;EK103+EK1000;HND;ATH;DXB;140;1040;80;1111111;A380-800|Boeing 777-300ER;628;1;1;1;1;0;1;855;81;670-290
8858;LX;LX1471+LX1432;MXP;AMS;ZRH;575;320;190;1111111;A321neo|A320neo;140;1;0;1;0;0;0;68;68;45-85
8859;LH;LH1081+LH1040;ZRH;AMS;FRA;595;290;170;1111111;A320neo|A320neo;104;1;0;0;0;0;0;55;64;55-65
8860;BA;BA1503+BA050;MXP;SFO;LHR;515;1080;265;1111111;A321neo|A350-1000;569;1;0;1;1;0;0;549;68;105-710
8861;AF;AF1041+AF066;LHR;CUN;CDG;490;1000;250;1111111;A318|A330-200;550;1;0;1;1;0;0;569;74;55-695
8862;AT;AT1235+AT1278;MAD;ABJ;CMN;545;555;190;1111111;Boeing 737 MAX 8|Boeing 737-800;294;1;1;1;0;0;0;325;63;100-265
8863;IB;IB1303+IB1334;OPO;VIE;MAD;610;350;120;1111111;A320neo|A321neo;205;1;0;0;0;1;0;158;85;65-165
8864;TK;TK1076+AZ108;IST;SFO;FCO;495;1270;315;1111111;A320neo|A330-900neo;713;1;1;1;1;0;1;664;81;145-810
8865;EK;EK049+EK096;MAD;DPS;DXB;1110;1190;195;1111111;A380-800|A350-900;806;1;1;1;1;1;1;831;76;420-575
8866;AF;AF1025+AF052;TLS;LAX;CDG;500;985;155;1111111;A220-300|Boeing 777-300ER;606;1;0;1;1;1;0;643;80;80-750
8867;LH;LH413+LH1090;BKK;BRU;FRA;605;875;80;1111111;A340-600|A320neo;575;1;0;1;1;1;0;698;66;735-60
8868;KL;KL1217+KL506;LYS;SIN;AMS;595;1290;445;1111111;Boeing 737-800|A330-300;629;1;0;1;1;0;0;757;69;95-750
8869;KL;KL1293+KL1324;FCO;DUB;AMS;705;450;215;1111111;Embraer 195-E2|Embraer 195-E2;188;1;0;0;0;0;0;172;69;135-100
8870;LX;LX1491+LX614;ATH;HND;ZRH;800;1210;215;1111111;A321neo|A330-300;729;1;0;1;0;0;0;733;69;170-825
8871;QR;QR033+QR088;LHR;SYD;DOH;1140;1515;195;1111111;Boeing 777-300ER|A350-1000;1015;1;1;1;1;1;1;1016;81;395-925
8872;LX;LX619+LX1420;JFK;BOD;ZRH;1160;840;260;1110110;Boeing 777-300ER|A321neo;522;1;0;1;1;1;0;475;67;475-105
8873;EK;EK093+EK076;BKK;PRG;DXB;1235;1175;380;1111111;Boeing 777-300ER|Boeing 777-300ER;595;1;1;1;1;1;1;609;82;410-385
8874;AF;AF1043+AF020;LHR;RUN;CDG;660;835;70;1111111;A220-300|Boeing 777-300ER;646;1;0;1;0;1;0;638;71;55-710
8875;LH;LH427+LH1106;SFO;PRG;FRA;1185;820;75;1111111;A340-600|A320neo;566;1;0;1;1;1;0;718;65;685-60
8876;LX;LX1411+LX606;LYS;DEL;ZRH;565;1010;500;1001001;A220-300|A330-300;536;1;0;1;0;1;0;427;66;55-455
8877;IB;IB507+AT1237;MIA;CMN;MAD;1200;820;195;1111111;A330-200|Boeing 737-800;491;1;1;1;0;1;0;549;71;525-100
8878;LH;LH433+LH1122;CUN;CAI;FRA;1170;975;105;1111111;A350-900|Embraer 190;664;1;0;1;1;0;0;704;63;635-235
8879;LH;LH1001+LH408;CDG;DXB;FRA;450;840;405;1111111;A319|A350-900;375;1;0;1;0;1;0;309;64;65-370
8880;OS;OS1019+OS406;AMS;JFK;VIE;590;800;125;1111111;A321|Boeing 777-200ER;410;1;0;1;0;0;0;605;75;100-575
8881;LH;LH1117+LH1046;TUN;MUC;FRA;610;500;300;1111111;Embraer 190|A320neo;172;1;0;0;0;0;0;172;68;145-55
8882;LH;LH1001+LH424;CDG;LAX;FRA;450;1120;295;1111111;A319|Boeing 747-8;562;1;0;1;0;1;0;742;64;65-760
8883;AC;AC048+LX602;YUL;DXB;ZRH;1210;1115;305;1111111;A330-300|A330-300;632;1;1;1;1;1;1;700;74;450-360
8884;IB;IB1338+AA045;MAD;JFK;DUB;610;730;140;1111111;A321neo|Boeing 777-300ER;379;1;0;1;1;0;0;454;69;145-445
8885;SQ;SQ040+TK1112;SIN;ATH;IST;580;940;170;1111111;Boeing 787-10|A321neo;637;1;1;1;1;1;1;520;73;690-80
8886;AF;AF033+AF1076;BKK;BER;CDG;115;1185;325;1111111;A350-900|A318;539;1;0;1;1;0;0;601;75;770-90
8887;BA;BA1447+BA032;FRA;SIN;LHR;480;1130;265;1111111;A321neo|A350-1000;646;1;0;1;0;0;0;649;70;90-775
8888;AF;AF1123+AF1104;ZRH;OPO;CDG;545;435;230;1111111;A320|A321;175;1;0;1;0;0;0;171;80;75-130
8889;MS;MS1419+MS608;MAD;BKK;CAI;600;1065;250;1111111;A220-300|A330-300;537;1;1;1;0;0;0;698;64;260-555
8890;BA;BA1581+QR037;PMI;DOH;LGW;580;800;275;1111111;A319|Boeing 777-300ER;383;1;0;1;0;0;0;470;76;135-390
8891;AC;AC016+SQ015;YUL;SIN;CDG;1200;1395;215;1111111;Boeing 777-300ER|Boeing 787-10;878;1;1;1;1;1;1;945;76;415-765
8892;IB;IB502+AA1030;MAD;MIA;JFK;730;840;170;1111111;A350-900|A321;460;1;0;1;0;0;0;455;70;495-175
8893;AT;AT504+AA1032;CMN;MIA;JFK;845;820;150;1111111;Boeing 787-8|Boeing 737-800;426;1;0;1;1;0;1;457;65;495-175
8894;UA;UA1405+TP207;LAX;LIS;SFO;635;1225;475;1111111;Boeing 737 MAX 9|A321LR;655;1;0;1;0;0;0;544;56;80-670
8895;AF;AF069+AF1076;PTP;BER;CDG;1205;875;275;1111111;A350-900|A318;479;1;0;1;1;0;0;455;75;510-90
8896;IB;IB1361+IB1346;RAK;ATH;MAD;850;430;115;1111111;A321neo|A320neo;240;1;0;0;1;1;0;249;83;110-205
8897;BA;BA1473+BA034;MAD;SIN;LHR;1005;1120;220;1111111;A321neo|Boeing 787-9;672;1;0;1;1;1;0;699;67;125-775
8898;AA;AA066+BA1418;LAX;LYS;LHR;1095;1070;325;1111111;Boeing 777-200ER|A320neo;643;1;0;1;0;1;0;718;73;655-90
8899;UA;UA1402+LH425;SFO;FRA;LAX;505;1375;605;1111111;A320|Boeing 747-8;586;1;0;1;1;0;1;751;65;75-695
8900;IB;IB1309+AT1239;FCO;CMN;MAD;715;540;295;1111111;A321XLR|Boeing 737 MAX 8;190;1;0;1;0;0;0;185;69;145-100
8901;LH;LH1121+LH1050;ALG;BER;FRA;825;305;90;1111111;A320neo|A319;195;1;0;0;0;0;0;147;71;150-65
8902;LX;LX1437+LX600;FRA;JNB;ZRH;585;865;160;1011111;A321neo|A340-300;664;1;0;1;0;0;0;653;76;55-650
8903;AH;AH103+AH1028;DOH;FRA;ALG;430;695;130;1100100;A330-900neo|Boeing 737-800;362;1;1;1;0;0;0;382;55;415-150
8904;KL;KL1213+KL512;NCE;HND;AMS;815;1250;340;1111111;Embraer 195-E2|Boeing 777-300ER;600;1;0;1;0;1;0;688;72;105-805
8905;LX;LX617+SN1255;ICN;BRU;ZRH;585;980;75;1101010;A330-300|A319;600;1;0;1;0;0;0;617;70;830-75
8906;UA;UA1405+UA034;LAX;DEL;SFO;635;1120;70;1111101;Boeing 737 MAX 9|Boeing 787-10;803;1;0;1;0;0;1;722;79;80-970
8907;LH;LH1105+LH402;PRG;JFK;FRA;600;740;140;1111111;Embraer 190|A340-600;469;1;0;1;1;0;0;503;68;70-530
8908;AI;AI1408+NH041;DEL;HND;BKK;1080;1320;720;1111111;A321neo|Boeing 777-300ER;433;1;1;1;0;1;0;496;68;245-355
8909;LX;LX1402+TP1207;ZRH;LIS;CDG;810;525;300;1111111;A320neo|A321LR;193;1;0;1;0;1;0;164;61;75-150
8910;LH;LH1157+LH1196;AMS;GVA;MUC;825;295;135;1111111;A320neo|Embraer 190;123;1;0;0;0;1;0;105;65;85-75
8911;CX;CX1003+CX042;BKK;SFO;HKG;630;1245;270;1001001;A321neo|A350-900;795;1;1;1;1;1;0;721;76;165-810
8912;SQ;SQ026+LH1166;SIN;MAD;MUC;145;1255;280;1111111;A380-800|A321;763;1;0;1;0;1;0;902;68;820-155
8913;BA;BA061+AT1223;CUN;CMN;LGW;1185;1005;210;0101010;A350-1000|Boeing 737 MAX 8;533;1;1;1;0;0;0;574;62;595-200
8914;IB;IB1215+IB1376;NCE;DSS;MAD;550;565;180;1111111;A320neo|A321neo;335;1;0;0;0;0;0;292;82;110-275
8915;KL;KL1204+AF050;AMS;MIA;CDG;805;780;90;1111111;Boeing 737-900|A350-900;537;1;0;1;0;0;0;442;80;65-625
8916;IB;IB513+IB500;MEX;DOH;MAD;1185;1165;100;1111111;A350-900|A330-200;750;1;1;1;0;0;0;842;83;665-400
8917;TK;TK1011+TG035;ORY;BKK;IST;625;1100;355;1111111;A320neo|A350-900;596;1;1;1;0;1;0;559;71;195-550
8918;TK;TK035+TK1074;HND;OPO;IST;120;1350;210;1111111;A330-300|Boeing 737 MAX 8;670;1;1;1;0;1;1;791;71;860-280
8919;TG;TG018+SN1215;BKK;BRU;LHR;115;1150;315;1111111;Boeing 787-9|A319;582;1;0;1;0;0;0;558;71;780-55
8920;QR;QR1211+QR080;IST;DPS;DOH;1085;1440;620;0010011;A320|Boeing 787-9;663;1;1;1;0;0;1;649;86;220-600
8921;TG;TG018+LH1029;BKK;FRA;LHR;115;965;105;1111111;Boeing 787-9|Embraer 190;576;1;0;1;1;1;0;588;63;780-80
8922;AF;AF1017+KE015;MRS;ICN;CDG;670;1240;385;1111111;A321|A330-300;567;1;0;1;0;1;0;646;72;90-765
8923;EI;EI1431+EI1454;FRA;OPO;DUB;605;410;155;1111111;A321neo|A320neo;189;1;0;0;1;1;0;206;79;120-135
8924;BA;BA1477+BA046;BCN;LAX;LHR;485;1015;170;1111111;A321neo|Boeing 777-300ER;611;1;0;1;1;0;0;666;70;120-725
8925;EK;EK103+EK060;HND;FCO;DXB;140;1335;285;1111111;A380-800|A380-800;677;1;1;1;1;1;1;918;81;670-380
8926;AT;AT511+AT1210;GRU;MRS;CMN;1210;995;265;1111111;Boeing 787-9|Boeing 737 MAX 8;519;1;1;1;0;1;0;518;70;580-150
8927;AH;AH1053+AH1026;TUN;LHR;ALG;860;390;135;1111111;Boeing 737-800|Boeing 737-800;170;1;1;1;0;0;0;196;63;90-165
8928;AC;AC036+LH438;YUL;DXB;MUC;1205;1140;330;1111111;A330-300|A350-900;664;1;1;1;0;1;1;649;72;460-350
8929;SK;SK1200+AF036;CPH;SIN;CDG;505;1075;195;1111111;A320neo|A330-200;661;1;0;1;0;1;0;781;81;115-765
8930;KL;KL1315+KL514;VIE;MIA;AMS;600;840;100;1111111;Boeing 737-900|A330-300;561;1;0;1;0;1;0;580;72;110-630
8931;AF;AF1121+AF034;MXP;BKK;CDG;1160;835;70;1111111;A220-300|Boeing 787-9;564;1;0;1;1;1;0;566;72;85-680
8932;AF;AF1051+KE015;AMS;ICN;CDG;485;1425;595;1111111;A220-300|A330-300;543;1;0;1;0;1;0;614;82;65-765
8933;MS;MS1426+AZ110;CAI;GRU;FCO;600;1050;90;1111111;A220-300|A330-900neo;621;1;1;1;0;1;0;660;70;215-745
8934;DL;DL1421+DL020;MIA;NCE;JFK;590;1055;405;1111111;Boeing 757-200|Boeing 767-400ER;549;1;0;1;1;1;1;641;86;170-480
8935;AF;AF065+AF034;MEX;BKK;CDG;1210;1805;445;1111111;A330-200|Boeing 787-9;895;1;1;1;1;0;0;1114;81;680-680
8936;AZ;AZ1029+AZ1118;AMS;TUN;FCO;720;435;230;1111111;A320neo|A321;189;1;0;0;0;0;0;167;81;125-80
8937;BA;BA1443+BA040;AMS;HND;LHR;1045;1115;220;1111111;A321neo|Boeing 787-9;629;1;0;1;0;0;0;555;69;65-830
8938;AA;AA028+IB1326;JFK;GVA;MAD;1120;675;140;1111111;Boeing 777-300ER|A320neo;480;1;0;1;0;1;0;459;70;430-105
8939;EK;EK1009+EK104;CAI;HND;DXB;600;1085;295;1111111;Boeing 777-300ER|Boeing 777-300ER;706;1;1;1;1;0;1;709;77;210-580
8940;EK;EK037+EK100;LGW;ICN;DXB;910;1240;330;1111111;A380-800|A380-800;661;1;1;1;1;1;1;912;82;410-500
8941;BA;BA023+BA044;DOH;MIA;LHR;385;1205;155;1111111;Boeing 787-9|Boeing 787-9;682;1;1;1;0;1;0;674;69;445-605
8942;IB;IB519+IB1216;EZE;NCE;MAD;1190;960;95;1101111;A330-300|A321neo;666;1;0;1;0;1;0;736;86;765-100
8943;AF;AF1103+AF046;OPO;HND;CDG;565;1525;565;1111111;A320|Boeing 777-300ER;676;1;0;1;0;0;0;754;75;120-840
8944;AF;AF1181+AF1154;ALG;PRG;CDG;550;390;165;1111111;A318|A318;182;1;0;1;1;0;0;222;75;135-90
8945;TG;TG1200+UA035;BKK;SFO;DEL;615;1500;320;1111110;A320neo|Boeing 787-10;828;1;1;1;1;1;0;874;73;255-925
8946;AF;AF059+AF1170;YUL;RAK;CDG;1080;845;220;1111111;A330-200|A318;423;1;0;1;1;0;0;529;77;415-210
8947;BA;BA1485+BA1516;LIS;GVA;LHR;585;320;75;1111111;A319|A321neo;177;1;0;0;0;0;0;189;68;155-90
8948;MS;MS1431+MS612;MXP;HND;CAI;825;1095;70;1111111;Boeing 737-800|Boeing 787-9;537;1;1;1;0;0;0;731;64;215-810
8949;AZ;AZ118+AI030;FCO;SYD;DEL;1175;1695;470;1010100;A350-900|Boeing 777-300ER;936;1;1;1;0;1;0;1002;68;440-785
8950;SQ;SQ030+AZ1058;SIN;MAD;FCO;590;1165;230;1111111;Boeing 787-10|A320neo;785;1;0;1;0;0;0;661;75;790-145
8951;QR;QR057+QR078;GVA;SIN;DOH;920;1370;535;1111111;A350-1000|Boeing 777-300ER;656;1;1;1;1;1;1;656;88;355-480
8952;AF;AF033+AF072;BKK;GRU;CDG;115;1830;315;1111111;A350-900|A350-900;946;1;1;1;1;1;0;1029;76;770-745
8953;DL;DL1425+DL056;YUL;DUB;JFK;455;1095;630;1111111;A321neo|A350-900;416;1;0;1;1;0;1;324;88;75-390
8954;TK;TK1127+TK1026;CAI;NTE;IST;530;505;130;1111111;A321neo|A321neo;319;1;1;1;1;1;1;273;71;130-245
8955;LH;LH1123+LH418;CAI;ICN;FRA;835;1125;130;1111111;Embraer 190|A340-600;589;1;0;1;0;0;0;872;62;260-735
8956;KL;KL1327+KL510;PRG;HND;AMS;575;995;95;1111111;Boeing 737-800|Boeing 787-10;580;1;0;1;1;0;0;579;79;95-805
8957;AF;AF1110+KE027;CDG;ICN;FCO;750;1160;285;1111111;A321|A330-300;603;1;0;1;0;0;0;693;79;110-765
8958;LH;LH1093+LH1020;VIE;MRS;FRA;610;545;355;1111111;A320neo|A321;151;1;0;0;1;0;0;130;68;90-100
8959;AC;AC1213+AC024;PTP;MRS;YUL;840;885;145;1111111;A321|Boeing 777-300ER;496;1;0;1;1;0;1;666;68;290-450
8960;OS;OS1041+AI027;LIS;DEL;VIE;825;725;105;1011101;A321|Boeing 777-300ER;479;1;0;1;1;0;0;545;75;205-415
8961;AF;AF015+SK1201;DSS;CPH;CDG;1330;655;210;1111111;A330-200|A320neo;410;1;0;1;0;1;0;358;70;340-105
8962;BA;BA033+BA1416;SIN;LYS;LHR;85;1310;340;1111111;A350-1000|A319;658;1;0;1;1;0;0;670;67;880-90
8963;LX;LX613+LX1408;HKG;NCE;ZRH;590;935;80;1111111;A340-300|A320neo;702;1;0;1;0;1;0;730;71;785-70
8964;AC;AC1203+AC022;LAX;LYS;YUL;625;840;95;1111111;Boeing 787-9|A330-300;598;1;0;1;0;0;1;648;65;305-440
8965;TK;TK043+TG035;MIA;BKK;IST;1190;1615;360;1111111;A350-900|A350-900;852;1;1;1;0;0;0;934;71;705-550
8966;LH;LH463+LH442;CUN;BKK;MUC;1170;1700;410;0101010;A350-900|A340-600;847;1;1;1;1;1;0;1143;62;655-635
8967;AF;AF045+AF058;HND;YUL;CDG;145;1515;135;1111111;A330-200|A330-200;619;1;1;1;1;1;0;990;74;905-475
8968;SN;SN1220+LH418;BRU;ICN;FRA;1010;890;100;1111111;A320|A340-600;539;1;0;1;0;0;0;669;63;55-735
8969;AF;AF1135+AF040;VIE;HKG;CDG;555;1345;505;1111111;A320|A330-200;609;1;0;1;1;0;0;727;77;120-720
8970;AM;AM1000+DL024;MEX;LHR;JFK;645;970;280;1111111;Boeing 737 MAX 8|A350-900;577;1;1;1;0;1;0;529;82;270-420
8971;AZ;AZ1125+TP1273;CAI;LIS;FCO;615;690;285;1111111;A220-100|A321neo;318;1;0;0;1;1;0;268;63;215-190
8972;AC;AC038+LH1167;YUL;MUC;MAD;1205;825;270;1111111;A330-300|A321;436;1;0;1;1;0;0;511;64;415-140
8973;AF;AF1140+SK200;CDG;JFK;CPH;545;785;150;1111111;A220-300|A330-300;434;1;0;1;1;1;0;487;72;105-530
8974;BA;BA1421+BA1462;MRS;BER;LHR;505;485;275;1111111;A319|A321neo;147;1;0;0;0;0;0;180;72;110-100
8975;QR;QR1219+QR1210;DEL;IST;DOH;845;645;160;1111111;A320|A320;391;1;1;1;1;0;1;424;81;235-250
8976;AF;AF1109+AF016;FCO;ABJ;CDG;520;730;205;1111111;A320|Boeing 777-300ER;374;1;0;1;1;0;0;429;76;120-405
8977;AC;AC1201+AC024;MIA;MRS;YUL;840;825;165;1111111;A220-300|Boeing 777-300ER;514;1;0;1;1;0;1;543;68;210-450
8978;CX;CX016+BA1444;HKG;AMS;LHR;635;1110;240;1111111;Boeing 777-300ER|A319;641;1;0;1;1;1;0;663;73;810-60
8979;EK;EK105+EK054;HND;LIS;DXB;1250;1400;205;1111111;Boeing 777-300ER|A380-800;769;1;1;1;1;0;1;975;78;670-525
8980;UA;UA1401+TP207;LAX;LIS;SFO;405;1455;705;1111111;Boeing 737 MAX 9|A321LR;584;1;0;1;0;0;0;544;56;80-670
8981;LH;LH435+SQ025;GRU;SIN;FRA;1180;1860;380;1101010;A350-900|A380-800;926;1;1;1;1;1;0;1303;62;745-735
8982;QR;QR059+QR086;BRU;HND;DOH;925;1470;495;1100100;A380-800|Boeing 777-300ER;677;1;1;1;1;0;1;902;83;370-605
8983;AZ;AZ111+AZ1022;GRU;LHR;FCO;1200;1125;255;1111111;A330-900neo|A220-100;618;1;0;1;0;1;0;636;83;720-150
8984;AF;AF1097+AF1154;LIS;PRG;CDG;540;340;110;1111111;A320|A318;203;1;0;1;1;0;0;232;75;140-90
8985;AZ;AZ109+TK1083;SFO;IST;FCO;1190;1025;150;1111111;A330-900neo|A320neo;646;1;1;1;0;1;1;664;71;745-130
8986;LX;LX1507+MS1435;NCE;CAI;GVA;585;480;200;1111111;A220-300|A220-300;267;1;0;1;1;0;0;215;63;55-225
8987;IB;IB1215+IB510;NCE;SFO;MAD;550;1065;190;1111111;A320neo|A330-200;585;1;0;1;1;0;0;687;80;110-765
8988;LH;LH453+LH1178;MIA;OPO;MUC;1195;890;110;0010101;Boeing 747-8|A320neo;521;1;0;1;0;0;0;722;73;595-185
8989;LH;LH419+LH1050;ICN;BER;FRA;625;985;110;1111111;A340-600|A319;528;1;0;1;1;0;0;682;62;810-65
8990;LX;LX1467+LX1480;FCO;CPH;ZRH;820;325;135;1111111;A321neo|A220-300;183;1;0;1;0;0;0;138;65;90-100
8991;LH;LH442+TG1216;MUC;HKG;BKK;1155;1150;350;1111111;A340-600|A320neo;607;1;1;1;1;1;0;771;67;635-165
8992;LH;LH1045+LH1108;MUC;ATH;FRA;580;415;190;1111111;Embraer 190|Embraer 190;179;1;0;0;0;0;0;175;64;55-170
8993;AZ;AZ103+AZ1010;JFK;NCE;FCO;1285;710;125;1111111;A330-900neo|A320neo;466;1;0;1;0;1;0;414;77;510-75
8994;IB;IB1308+CX027;MAD;HKG;FCO;735;1130;310;1111111;A321XLR|A350-1000;706;1;0;1;1;1;0;619;84;125-695
8995;AC;AC032+LH1031;YUL;FRA;LHR;1305;665;190;1111111;Boeing 777-300ER|A320neo;390;1;0;1;1;0;0;394;70;395-80
8996;KL;KL1239+KL518;LHR;SFO;AMS;565;910;130;1111111;Embraer 195-E2|Boeing 777-300ER;546;1;0;1;0;0;0;602;72;60-720
8997;LH;LH1055+LH412;MAD;BKK;FRA;815;990;205;1111111;Embraer 190|A340-600;613;1;0;1;0;0;0;815;64;135-650
8998;QR;QR036+BA060;DOH;CUN;LGW;425;1260;140;1010100;Boeing 777-300ER|A350-1000;835;1;1;1;1;1;1;774;65;445-675
8999;TU;TU1211+TU1270;NCE;DSS;TUN;595;545;130;1111111;A320neo|A320neo;308;1;1;1;0;1;0;313;56;95-320
9000;BA;BA1535+BA1542;CPH;DUB;LHR;820;430;250;1111111;A320neo|A319;152;1;0;0;1;0;0;127;68;110-70
9001;AF;AF1001+AF1076;NCE;BER;CDG;460;480;295;1111111;A318|A318;150;1;0;1;1;0;0;155;72;95-90
9002;AF;AF1017+AF020;MRS;RUN;CDG;670;885;85;1111111;A321|Boeing 777-300ER;599;1;0;1;0;1;0;674;72;90-710
9003;BA;BA017+BA1484;DXB;LIS;LHR;190;800;175;1111111;A350-1000|A319;469;1;0;1;0;0;0;425;72;465-160
9004;OS;OS1065+OS402;ATH;BKK;VIE;600;1210;465;1111111;Embraer 195|Boeing 787-9;526;1;0;1;0;0;0;589;77;135-610
9005;TK;TK019+TK038;JNB;JFK;IST;1335;1445;185;1111111;A330-300|A350-900;753;1;1;1;0;1;1;925;73;590-670
9006;LH;LH1215+LH458;PRG;YUL;MUC;595;750;170;1111111;Embraer 190|A340-600;474;1;0;1;0;0;0;486;65;55-525
9007;IB;IB1355+IB1312;CMN;FCO;MAD;850;475;255;1111111;A320neo|A321neo;179;1;0;0;1;1;0;185;81;95-125
9008;AF;AF1163+AF054;IST;LAX;CDG;620;1210;240;1111111;A320|A350-900;633;1;0;1;1;0;0;674;78;220-750
9009;AF;AF1054+KL1266;CDG;BER;AMS;855;360;225;1111111;A321|Embraer 195-E2;127;1;0;1;0;0;0;90;71;60-75
9010;LH;LH459+SQ027;YUL;SIN;MUC;1170;1730;550;1111111;A340-600|A380-800;826;1;1;1;1;1;1;1212;70;460-720
9011;AH;AH1011+AH1058;NCE;ABJ;ALG;640;530;140;1111111;A330-200|Boeing 737-800;328;1;1;1;0;0;0;370;59;95-295
9012;KL;KL1269+KL1240;MAD;LHR;AMS;485;255;50;1111111;Embraer 195-E2|Boeing 737-900;149;1;0;0;0;0;0;160;72;140-65
9013;DL;DL028+KL1252;JFK;FRA;AMS;1270;675;175;1111111;Boeing 767-400ER|Boeing 737-900;439;1;0;1;1;1;0;474;71;440-60
9014;BA;BA059+BA1510;GRU;ZRH;LHR;1170;1005;185;1111111;A380-800|A319;655;1;0;1;1;1;0;786;67;725-95
9015;LH;LH457+LH1188;SFO;MXP;MUC;1165;855;85;1101110;A340-600|A320neo;622;1;0;1;0;1;0;738;72;705-65
9016;AZ;AZ1009+AZ114;NCE;HND;FCO;545;1095;185;1111111;A220-100|A330-900neo;614;1;0;1;0;0;0;579;77;65-845
9017;DL;DL1403+KL644;LAX;AMS;JFK;540;900;155;1111111;A350-900|A330-300;582;1;0;1;1;1;0;647;75;305-440
9018;LH;LH1089+LH420;BRU;HND;FRA;595;1360;500;1111111;Embraer 190|A340-600;618;1;0;1;1;1;0;730;64;55-805
9019;AF;AF1171+AF050;RAK;MIA;CDG;625;960;140;1111111;A318|A350-900;526;1;0;1;0;1;0;573;74;195-625
9020;AF;AF1133+AF046;GVA;HND;CDG;1175;975;70;1111111;A318|Boeing 777-300ER;662;1;0;1;0;0;0;672;76;65-840
9021;BA;BA1541+BA030;DUB;BKK;LHR;825;1155;400;1111111;A321neo|Boeing 777-300ER;642;1;0;1;1;1;0;660;67;65-690
9022;TP;TP1247+TP202;AMS;JFK;LIS;595;865;210;1111111;A321neo|A321LR;428;1;0;1;1;1;0;419;59;190-465
9023;TK;TK1065+TK036;BCN;HND;IST;620;1310;350;1111111;A320neo|A350-900;612;1;1;1;0;1;1;638;74;195-765
9024;AF;AF063+AF032;YUL;BKK;CDG;1335;1230;135;1111111;A350-900|A350-900;749;1;1;1;1;1;1;817;80;415-680
9025;LH;LH423+LH408;MIA;DXB;FRA;1185;1185;235;1111111;Boeing 747-8|A350-900;750;1;1;1;0;1;1;845;64;580-370
9026;SK;SK1245+SK208;ZRH;HND;CPH;580;1285;435;1111111;A320neo|A350-900;586;1;0;1;1;1;0;555;74;100-750
9027;AF;AF1057+AF030;AMS;DEL;CDG;1040;640;90;1111111;A318|Boeing 777-300ER;428;1;0;1;0;1;0;467;78;65-485
9028;IB;IB515+IB1252;CUN;AMS;MAD;1200;975;250;1111111;A330-300|A320neo;554;1;0;1;0;0;0;640;83;585-140
9029;BA;BA1415+BA050;LYS;SFO;LHR;510;1085;275;1111111;A321neo|A350-1000;604;1;0;1;1;1;0;534;68;100-710
9030;LH;LH1195+LH458;GVA;YUL;MUC;585;760;165;1111111;A319|A340-600;441;1;0;1;0;0;0;509;61;70-525
9031;CX;CX1007+CX038;SIN;JFK;HKG;855;1265;65;1111111;A321neo|A350-900;982;1;1;1;1;0;0;881;78;220-980
9032;OS;OS1007+OS402;NCE;BKK;VIE;610;1140;435;1111111;A321|Boeing 787-9;567;1;0;1;0;1;0;549;77;95-610
9033;IB;IB1259+IB1362;FRA;RAK;MAD;845;415;150;1111111;A320neo|A321XLR;228;1;0;0;1;0;0;209;78;150-115
9034;SN;SN501+SN1218;DSS;FRA;BRU;1290;725;315;0111111;A330-300|A319;349;1;0;1;0;1;0;321;65;355-55
9035;AC;AC1213+AC044;PTP;OPO;YUL;840;805;125;1111111;A321|Boeing 787-9;429;1;0;1;1;0;1;556;69;290-390
9036;SN;SN1222+LH450;BRU;JFK;MUC;560;800;175;1111111;A319|Boeing 747-8;410;1;0;1;1;1;0;544;64;75-550
9037;BA;BA1527+BA014;VIE;JNB;LHR;520;1040;205;1111111;A319|A350-1000;580;1;0;1;0;0;0;623;69;140-695
9038;AF;AF043+AF1072;ICN;MUC;CDG;640;1085;155;1111111;A330-200|A220-300;598;1;0;1;0;0;0;638;77;845-85
9039;AF;AF1143+AF1172;CPH;RAK;CDG;860;440;115;1111111;A320|A220-300;269;1;0;1;1;1;0;243;72;115-210
9040;LH;LH1109+LH416;ATH;HKG;FRA;825;1070;195;1111111;Embraer 190|A340-600;541;1;0;1;0;0;0;829;64;185-690
9041;KL;KL1269+KL524;MAD;CUN;AMS;485;1035;195;1111111;Embraer 195-E2|A330-300;515;1;0;1;0;0;0;661;69;140-700
9042;LH;LH443+LH1208;BKK;CPH;MUC;595;910;100;1111111;A340-600|A319;608;1;0;1;1;0;0;739;65;720-90
9043;BA;BA039+BA1484;HND;LIS;LHR;100;1190;140;1111111;A350-1000|A319;705;1;0;1;0;0;0;649;69;890-160
9044;QR;QR087+QR042;HND;MUC;DOH;1140;1465;395;1101101;Boeing 777-300ER|A380-800;694;1;1;1;1;1;1;858;87;695-375
9045;AZ;AZ1085+AC047;GVA;YUL;FCO;625;785;145;1111111;A321|Boeing 777-300ER;454;1;0;1;1;0;0;498;76;85-555
9046;AF;AF037+AF1148;SIN;DUB;CDG;125;1250;275;1111111;A330-200|A318;736;1;0;1;1;0;0;776;72;870-105
9047;MS;MS1408+LH1043;CAI;FRA;AMS;605;640;295;1111111;Boeing 737-800|A321;242;1;0;1;1;0;0;300;66;285-60
9048;LH;LH1207+LH1178;CPH;OPO;MUC;595;410;135;1111111;A321|A320neo;210;1;0;0;1;0;0;201;62;90-185
9049;AF;AF1181+KE015;ALG;ICN;CDG;550;1360;460;1111111;A318|A330-300;657;1;0;1;0;0;0;717;75;135-765
9050;MS;MS607+MS1444;DEL;ATH;CAI;615;785;275;0010101;Boeing 777-300ER|A220-300;366;1;1;1;0;0;0;379;71;390-120
9051;OS;OS403+OS1004;BKK;CDG;VIE;630;1000;185;1111111;Boeing 787-9|A320;569;1;0;1;0;0;0;565;73;695-120
9052;DL;DL1437+DL030;CUN;BER;JFK;585;1075;385;1111111;A321neo|A350-900;547;1;0;1;1;1;1;517;78;210-480
9053;LH;LH1115+SQ025;CMN;SIN;FRA;835;1005;65;1111111;A320neo|A380-800;704;1;0;1;0;1;0;921;69;205-735
9054;AA;AA014+BA1532;JFK;CPH;LHR;1060;710;190;1111111;Boeing 777-200ER|A319;485;1;0;1;1;0;0;512;70;420-100
9055;BA;BA176+BA1562;JFK;RAK;LHR;1240;725;85;1111111;Boeing 777-300ER|A319;407;1;0;1;0;0;0;544;67;420-220
9056;LH;LH1061+LH1102;BCN;DUB;FRA;835;335;105;1111111;A320neo|A320neo;155;1;0;0;1;1;0;183;70;110-120
9057;TK;TK043+TK1112;MIA;ATH;IST;1190;990;205;1111111;A350-900|A321neo;577;1;1;1;1;0;1;570;71;705-80
9058;AA;AA016+BA1430;JFK;BOD;LHR;1140;685;170;1111111;Boeing 777-300ER|A319;469;1;0;1;1;0;0;434;71;420-95
9059;DL;DL052+SK1251;JFK;CPH;BRU;1175;805;270;1111111;A330-900neo|A321LR;447;1;0;1;1;1;0;385;70;445-90
9060;KL;KL502+KE039;AMS;ICN;DXB;1130;1080;190;1111111;Boeing 777-300ER|A380-800;527;1;1;1;0;1;0;839;76;390-500
9061;EI;EI605+EI1460;LAX;MXP;DUB;1180;965;215;1111111;A321XLR|A320neo;597;1;0;1;1;0;0;570;76;620-130
9062;KL;KL1206+AF1126;AMS;ZRH;CDG;990;250;120;1111111;Boeing 737-800|A318;104;1;0;1;1;1;0;88;73;65-65
9063;AF;AF1177+AF034;TUN;BKK;CDG;845;1150;320;1111111;A318|Boeing 787-9;628;1;0;1;1;0;0;665;82;150-680
9064;AZ;AZ111+AZ1010;GRU;NCE;FCO;1200;915;120;1111111;A330-900neo|A320neo;643;1;0;1;1;1;0;554;86;720-75
9065;TK;TK023+TK1066;DEL;BCN;IST;630;815;190;1111111;Boeing 777-300ER|A321neo;438;1;1;1;1;1;1;446;78;400-225
9066;IB;IB1293+IB508;LIS;LAX;MAD;470;1085;240;1111111;A321neo|A330-200;629;1;0;1;1;0;0;653;88;70-775
9067;AF;AF1037+AF040;NTE;HKG;CDG;625;1275;495;1111111;A220-300|A330-200;619;1;0;1;0;1;0;655;72;60-720
9068;IB;IB1359+IB1264;RAK;MUC;MAD;550;440;190;1111111;A320neo|A320neo;222;1;0;0;1;1;0;215;86;110-140
9069;EK;EK1017+EK058;DEL;FCO;DXB;1040;1090;490;1111111;Boeing 777-300ER|A350-900;451;1;1;1;1;1;1;412;74;220-380
9070;AF;AF051+AF1188;MIA;CAI;CDG;1320;1100;295;1111111;A350-900|A320;617;1;0;1;0;0;0;659;80;550-255
9071;LH;LH1177+LH448;LIS;ICN;MUC;825;1000;90;0101010;A319|A350-900;635;1;0;1;0;0;0;623;66;180-730
9072;SN;SN501+SN1222;DSS;MUC;BRU;1290;725;295;0111111;A330-300|A319;384;1;0;1;0;1;0;350;64;355-75
9073;AC;AC044+SN1241;YUL;BRU;OPO;1195;890;360;1111111;Boeing 787-9|A320;382;1;0;1;0;0;0;428;69;390-140
9074;AZ;AZ105+AZ1016;MIA;MRS;FCO;1205;1030;330;1111111;A350-900|A320neo;557;1;0;1;0;1;0;505;79;615-85
9075;KL;KL1217+KL1336;LYS;IST;AMS;595;645;355;1111111;Boeing 737-800|Embraer 195-E2;202;1;0;0;1;0;0;220;73;95-195
9076;AF;AF1117+AF036;MXP;SIN;CDG;550;1030;180;1111111;A321|A330-200;625;1;0;1;0;0;0;757;81;85-765
9077;AF;AF025+AF1016;DXB;MRS;CDG;260;690;160;1111111;A330-200|A321;407;1;0;1;1;0;0;406;79;445-85
9078;LX;LX1439+LX612;FRA;HKG;ZRH;1035;800;50;1111111;A220-300|A340-300;650;1;0;1;0;1;0;718;67;55-695
9079;KL;KL501+KL1224;DXB;TLS;AMS;240;630;80;1111111;Boeing 787-10|Boeing 737-800;431;1;0;1;0;0;0;382;69;440-110
9080;AF;AF1037+AF030;NTE;DEL;CDG;625;1055;510;1111111;A220-300|Boeing 777-300ER;490;1;0;1;0;1;0;458;72;60-485
9081;TP;TP1293+TP206;CMN;SFO;LIS;600;1030;195;1111111;A321neo|A321LR;617;1;0;1;1;1;0;550;59;85-750
9082;SN;SN1215+SN1248;LHR;MXP;BRU;790;260;120;1111111;A319|A320;140;1;0;0;0;0;0;101;71;55-85
9083;IB;IB1240+BA046;MAD;LAX;LHR;500;1000;150;1111111;A321neo|Boeing 777-300ER;627;1;0;1;0;0;0;674;78;125-725
9084;JL;JL018+BA1402;HND;CDG;LHR;90;1215;270;1111111;A350-1000|A321neo;690;1;0;1;1;1;0;553;66;890-55
9085;AZ;AZ1107+AZ116;IST;HND;FCO;745;1510;520;1111111;A220-100|A350-900;606;1;0;1;0;1;0;655;74;145-845
9086;EK;EK055+EK100;LIS;ICN;DXB;890;1260;305;1111111;A380-800|A380-800;691;1;1;1;1;0;1;962;82;455-500
9087;QR;QR069+QR080;RAK;DPS;DOH;935;1470;440;0010011;Boeing 777-300ER|Boeing 787-9;863;1;1;1;0;1;1;806;89;430-600
9088;MS;MS1432+LX612;CAI;HKG;ZRH;840;1055;115;1111111;A220-300|A340-300;505;1;1;1;0;1;0;878;63;245-695
9089;AC;AC1203+AC040;LAX;BCN;YUL;625;835;90;1111111;Boeing 787-9|Boeing 777-300ER;602;1;0;1;1;1;1;651;65;305-440
9090;AI;AI019+NH047;AMS;HND;DEL;1190;1325;415;1111111;A350-900|Boeing 787-9;553;1;1;1;0;0;0;667;71;470-440
9091;IB;IB1225+IB1376;MRS;DSS;MAD;630;485;105;1111111;A321neo|A321neo;340;1;0;0;0;1;0;279;82;105-275
9092;SN;SN1201+SN500;NCE;DSS;BRU;555;595;120;1111110;A320|A330-300;341;1;0;1;0;0;0;374;65;95-380
9093;AF;AF1033+AF060;BOD;YUL;CDG;630;705;155;1111111;A321|Boeing 777-300ER;423;1;0;1;1;0;0;412;74;75-475
9094;LH;LH1044+LH1146;FRA;BOD;MUC;590;355;185;1010101;Embraer 190|A321;142;1;0;0;1;0;0;133;61;55-115
9095;UA;UA018+LH412;SFO;BKK;FRA;1160;1545;210;1111111;Boeing 777-300ER|A340-600;823;1;1;1;0;0;1;1267;64;685-650
9096;MS;MS1446+SQ041;CAI;SIN;IST;535;1170;385;1111111;A220-300|Boeing 787-10;540;1;1;1;0;1;0;580;68;130-655
9097;KL;KL1221+KL514;MRS;MIA;AMS;595;845;110;1111111;Boeing 737-900|A330-300;525;1;0;1;0;1;0;582;72;105-630
9098;AA;AA060+BA1499;MIA;LHR;FCO;1205;955;190;1111111;Boeing 787-9|A320neo;493;1;0;1;1;1;0;576;68;615-150
9099;OS;OS1022+LH1122;VIE;CAI;FRA;605;460;135;1111111;A320|Embraer 190;214;1;0;0;1;0;0;296;63;90-235
9100;AF;AF1021+AF038;MRS;SIN;CDG;1035;1035;180;1111111;A220-300|Boeing 777-300ER;687;1;0;1;0;1;0;752;76;90-765
9101;AA;AA056+IB1316;MIA;MXP;MAD;1195;855;215;1111111;Boeing 787-9|A320neo;521;1;0;1;1;0;0;485;77;525-115
9102;TG;TG1208+SQ028;BKK;BCN;SIN;1160;1660;665;1111111;A320neo|A380-800;617;1;1;1;1;1;0;934;83;140-855
9103;OS;OS1056+SQ039;VIE;SIN;BRU;820;1040;175;1111111;A321|A380-800;671;1;0;1;0;0;0;881;73;110-755
9104;QR;QR061+QR084;CPH;ICN;DOH;940;1395;520;0011011;Boeing 787-9|Boeing 777-300ER;633;1;1;1;1;1;1;710;83;355-520
9105;AI;AI1407+UA035;BKK;SFO;DEL;645;1470;290;1111110;A320neo|Boeing 787-10;806;1;1;1;1;1;0;874;72;255-925
9106;KL;KL1225+KL506;TLS;SIN;AMS;595;1290;435;1111111;Boeing 737-800|A330-300;690;1;0;1;1;0;0;783;69;105-750
9107;KL;KL501+KL641;DXB;JFK;AMS;240;1105;160;1111111;Boeing 787-10|Boeing 777-300ER;663;1;1;1;0;1;0;662;71;440-505
9108;AA;AA052+BA1516;MIA;GVA;LHR;1220;825;205;1111111;Boeing 777-300ER|A321neo;541;1;0;1;1;1;0;525;68;530-90
9109;LH;LH1019+LH1032;MRS;LHR;FRA;600;380;195;1111111;A320neo|A321;136;1;0;0;0;0;0;130;68;95-90
9110;TP;TP1260+LX1513;LIS;GVA;MAD;830;255;80;1111111;A321LR|A320neo;154;1;0;1;0;0;0;128;66;70-105
9111;LH;LH411+LH1074;DEL;FCO;FRA;620;880;265;1111111;Boeing 747-8|A320neo;463;1;0;1;0;0;0;538;62;515-100
9112;AT;AT505+AT1276;JFK;DSS;CMN;1195;955;305;1111111;Boeing 787-8|Boeing 737 MAX 8;408;1;1;1;1;1;0;470;65;430-220
9113;LH;LH415+LH1062;SIN;BCN;FRA;625;1045;90;1111111;A340-600|A321;645;1;0;1;0;0;0;878;65;835-120
9114;KL;KL641+DL1438;AMS;CUN;JFK;660;960;230;1111111;Boeing 777-300ER|Boeing 757-200;555;1;0;1;0;0;0;611;77;505-225
9115;KL;KL1277+KL530;BCN;JNB;AMS;480;1005;185;1111111;Boeing 737-900|Boeing 777-300ER;541;1;0;1;0;0;0;710;70;125-695
9116;IB;IB1240+BA1540;MAD;DUB;LHR;500;440;245;1111111;A321neo|A321neo;167;1;0;0;0;0;0;142;71;125-70
9117;KL;KL1337+AF1059;IST;CDG;AMS;1060;360;75;1111111;Embraer 195-E2|A220-300;188;1;0;1;1;0;0;180;78;220-65
9118;JL;JL022+IB1261;HND;MAD;FRA;625;1155;125;1111111;Boeing 777-300ER|A321neo;709;1;0;1;0;1;0;728;80;880-150
9119;TK;TK025+TK1114;BKK;CMN;IST;110;1040;120;1111111;Boeing 787-9|A321neo;631;1;1;1;1;0;1;632;71;625-295
9120;TK;TK1052+LH454;IST;LAX;MUC;600;1125;175;1111111;A320neo|Boeing 747-8;652;1;1;1;0;0;0;823;67;165-785
9121;AZ;AZ1092+LH1095;FCO;FRA;VIE;620;525;340;1111111;A220-100|A321;140;1;0;0;0;0;0;128;66;95-90
9122;IB;IB1277+IB510;BCN;SFO;MAD;665;950;110;1111111;A320neo|A330-200;611;1;0;1;1;1;0;647;78;75-765
9123;QR;QR075+QR098;JNB;YUL;DOH;1155;1600;270;1101010;Boeing 777-300ER|Boeing 777-300ER;867;1;1;1;1;1;1;1082;87;490-840
9124;IB;IB511+IB1238;SFO;NTE;MAD;1210;845;65;1111111;A330-200|A321XLR;589;1;0;1;1;0;0;670;87;685-95
9125;BA;BA176+BA016;JFK;DXB;LHR;1240;935;105;1111111;Boeing 777-300ER|A350-1000;667;1;1;1;0;1;0;660;67;420-410
9126;BA;BA1485+BA034;LIS;SIN;LHR;585;1480;550;1111111;A319|Boeing 787-9;702;1;0;1;0;0;0;719;67;155-775
9127;CX;CX016+BA1524;HKG;BRU;LHR;635;1040;175;1111111;Boeing 777-300ER|A321neo;714;1;0;1;1;0;0;655;70;810-55
9128;AF;AF1099+AF040;LIS;HKG;CDG;855;985;125;1111111;A321|A330-200;660;1;0;1;1;0;0;770;75;140-720
9129;QR;QR1225+QR046;DXB;MAD;DOH;1150;1225;700;1111111;Boeing 737 MAX 8|Boeing 777-300ER;507;1;1;1;1;1;1;378;80;65-460
9130;TP;TP1286+TG029;LIS;BKK;CPH;830;915;70;1111111;A321LR|Boeing 787-9;673;1;0;1;0;1;0;638;65;220-625
9131;AF;AF1117+AF044;MXP;HND;CDG;550;1100;175;1111111;A321|A330-200;577;1;0;1;1;0;0;691;80;85-840
9132;TK;TK029+TK1008;SIN;CDG;IST;640;1100;190;1111111;A330-300|A320neo;611;1;1;1;0;0;1;713;71;690-220
9133;BA;BA1401+BA1554;CDG;IST;LHR;475;380;105;1111111;A320neo|A320neo;208;1;0;0;1;0;0;196;77;60-215
9134;NH;NH1205+NH034;ICN;LAX;HND;525;1250;490;1111111;Boeing 737-800|Boeing 787-9;685;1;1;1;1;0;1;602;83;115-645
9135;KL;KL1291+KL514;FCO;MIA;AMS;485;955;190;1111111;Boeing 737-800|A330-300;548;1;0;1;0;0;0;614;72;135-630
9136;SN;SN1247+SN1260;MXP;DUB;BRU;550;335;140;1111111;A319|A319;155;1;0;0;1;0;0;145;63;90-105
9137;BA;BA1479+BA030;BCN;BKK;LHR;715;1325;515;1111111;A319|Boeing 777-300ER;621;1;0;1;1;0;0;737;72;120-690
9138;LX;LX1437+LX1496;FRA;CMN;ZRH;585;440;175;1111111;A321neo|A320neo;245;1;0;1;0;0;0;163;71;55-210
9139;AF;AF1111+AF038;FCO;SIN;CDG;740;1330;445;1111111;A321|Boeing 777-300ER;661;1;0;1;0;0;0;807;72;120-765
9140;EK;EK101+EK022;ICN;LYS;DXB;1085;1490;485;1111111;A380-800|Boeing 777-300ER;625;1;1;1;1;1;1;827;74;575-430
9141;AZ;AZ113+AZ1102;EZE;ATH;FCO;1210;1235;290;1101111;A330-900neo|A320neo;678;1;0;1;0;1;0;700;85;840-105
9142;DL;DL069+DL1428;JNB;YUL;JFK;110;1310;230;1111111;Boeing 767-400ER|A321neo;879;1;0;1;1;1;1;1004;83;1005-75
9143;AF;AF1001+AF036;NCE;SIN;CDG;460;1120;260;1111111;A318|A330-200;652;1;0;1;0;0;0;766;72;95-765
9144;QR;QR079+QR036;SIN;LGW;DOH;1125;1485;535;1111111;Boeing 777-300ER|Boeing 777-300ER;738;1;1;1;1;1;1;742;80;505-445
9145;KL;KL529+KL1328;EZE;PRG;AMS;1175;1155;205;1011101;Boeing 787-10|Embraer 195-E2;773;1;0;1;0;1;0;685;80;865-85
9146;TK;TK1025+TG035;BOD;BKK;IST;840;885;125;1110110;A320neo|A350-900;598;1;1;1;0;1;0;572;76;210-550
9147;KL;KL529+KE019;EZE;ICN;AMS;1175;1885;285;1011101;Boeing 787-10|Boeing 787-9;1041;1;1;1;1;0;0;1093;80;865-735
9148;TG;TG026+LX1404;BKK;CDG;ZRH;630;915;100;1111111;Boeing 777-300ER|A321neo;624;1;0;1;0;1;0;629;73;740-75
9149;BA;BA027+BA1432;DEL;BOD;LHR;620;870;215;1111111;Boeing 777-300ER|A320neo;492;1;0;1;1;0;0;500;65;560-95
9150;TK;TK035+SN1267;HND;BRU;IST;120;1260;185;1111111;A330-300|A320;579;1;0;1;0;0;0;754;71;860-215
9151;IB;IB1295+IB1334;LIS;VIE;MAD;670;290;55;1111111;A321XLR|A321neo;190;1;0;0;0;1;0;164;85;70-165
9152;AF;AF075+AF1020;EZE;MRS;CDG;1205;1125;200;0110101;A330-200|A220-300;669;1;0;1;1;0;0;776;79;840-85
9153;KL;KL507+KL1274;SIN;MAD;AMS;605;1120;120;1111111;A330-300|Embraer 195-E2;650;1;0;1;0;1;0;806;74;850-150
9154;SQ;SQ038+AZ1091;SIN;FCO;BRU;585;1030;60;1111111;A380-800|A220-100;742;1;0;1;0;0;0;887;78;855-115
9155;CX;CX030+BA1513;HKG;LHR;ZRH;645;1000;110;0111011;Boeing 777-300ER|A320neo;677;1;0;1;1;1;0;669;74;785-105
9156;KL;KL525+KL1340;CUN;CAI;AMS;1160;1220;345;1111111;A330-300|Boeing 737-900;718;1;0;1;1;0;0;801;68;615-260
9157;LH;LH1044+LH460;FRA;MEX;MUC;590;1050;180;1101010;Embraer 190|A350-900;666;1;0;1;0;0;0;568;61;55-815
9158;TP;TP1251+TP206;FRA;SFO;LIS;615;1015;70;1111111;A321neo|A321LR;566;1;0;1;1;0;0;624;59;195-750
9159;BA;BA1487+QF015;LIS;SYD;LHR;1040;1510;100;1111111;A320neo|Boeing 787-9;989;1;0;1;1;0;0;1034;72;155-1255
9160;LX;LX1502+SQ021;GVA;SIN;LHR;795;1290;415;1111111;A320neo|A380-800;734;1;0;1;0;0;0;877;69;100-775
9161;BA;BA1403+BA1462;CDG;BER;LHR;715;275;115;1111111;A321neo|A321neo;135;1;0;0;1;0;0;110;76;60-100
9162;AF;AF1019+AF1078;MRS;BER;CDG;855;400;220;1111111;A318|A220-300;150;1;0;1;1;0;0;137;77;90-90
9163;KL;KL515+KL506;MIA;SIN;AMS;1170;1795;490;1111111;A330-300|A330-300;911;1;1;1;1;1;0;1167;69;555-750
9164;OS;OS403+LH1095;BKK;FRA;VIE;630;875;90;1111111;Boeing 787-9|A321;580;1;0;1;0;0;0;523;66;695-90
9165;AM;AM014+AF1028;MEX;TLS;CDG;1230;850;85;1111111;Boeing 787-8|A321;635;1;0;1;1;0;0;563;75;680-85
9166;BA;BA015+BA056;JNB;MEX;LHR;1300;1815;360;1111111;A350-1000|A350-1000;858;1;1;1;1;1;0;982;65;710-745
9167;LX;LX1531+LX1520;VIE;LIS;GVA;805;395;140;1111111;A321neo|A321neo;209;1;0;1;0;0;0;194;72;100-155
9168;CX;CX037+CX024;SYD;BCN;HKG;915;2150;710;1101010;Boeing 777-300ER|Boeing 777-300ER;1109;1;1;1;1;1;0;1134;77;590-850
9169;BA;BA051+BA1568;SFO;CAI;LHR;1165;1110;190;1111111;A350-1000|A319;734;1;0;1;0;0;0;753;77;645-275
9170;LH;LH1105+LH416;PRG;HKG;FRA;600;1235;475;1111111;Embraer 190|A340-600;595;1;0;1;0;0;0;725;69;70-690
9171;NH;NH045+TK035;SYD;IST;HND;920;1560;85;1111111;Boeing 777-300ER|A330-300;876;1;1;1;0;1;1;1090;71;615-860
9172;KL;KL1203+KL530;CDG;JNB;AMS;645;840;85;1111111;Embraer 195-E2|Boeing 777-300ER;552;1;0;1;0;1;0;620;70;60-695
9173;AZ;AZ1099+LH1073;ATH;FRA;FCO;525;455;230;1111111;A321|Embraer 190;183;1;0;0;0;0;0;204;63;120-105
9174;AC;AC063+AC1204;ALG;LAX;YUL;845;960;80;1011101;A330-300|Boeing 777-300ER;650;1;0;1;1;0;1;726;69;530-350
9175;AF;AF019+AF1118;JNB;MXP;CDG;1355;1070;310;1111111;A330-200|A318;582;1;0;1;1;0;0;628;72;685-75
9176;TK;TK1101+TG035;CPH;BKK;IST;850;875;145;1111111;A321neo|A350-900;531;1;1;1;0;0;0;543;70;180-550
9177;KL;KL511+KL1224;HND;TLS;AMS;75;1095;115;1111111;Boeing 787-10|Boeing 737-800;638;1;0;1;1;0;0;608;69;870-110
9178;AF;AF1129+AF052;GVA;LAX;CDG;535;950;135;1111111;A320|Boeing 777-300ER;628;1;0;1;1;0;0;632;77;65-750
9179;MS;MS1446+TK020;CAI;MLE;IST;535;1030;445;1111111;A220-300|Boeing 787-9;370;1;1;1;0;1;0;437;68;130-455
9180;AZ;AZ1099+AZ1062;ATH;BCN;FCO;525;375;155;1111111;A321|A220-100;191;1;0;0;0;0;0;180;86;120-100
9181;KL;KL501+KL1322;DXB;DUB;AMS;240;640;100;1111111;Boeing 787-10|Boeing 737-800;401;1;0;1;0;0;0;357;71;440-100
9182;QR;QR037+QR088;LGW;SYD;DOH;930;1725;410;1111111;Boeing 777-300ER|A350-1000;1113;1;1;1;0;1;1;1015;81;390-925
9183;AC;AC036+MS1415;YUL;CAI;MUC;1205;910;235;1111111;A330-300|A320neo;541;1;1;1;0;0;0;576;62;460-215
9184;BA;BA1435+QR025;AMS;DOH;LHR;450;560;100;1111111;A320neo|Boeing 777-300ER;393;1;0;1;0;0;0;372;79;65-395
9185;EK;EK095+EK062;SIN;MXP;DXB;1100;1375;490;1111111;A350-900|Boeing 777-300ER;683;1;1;1;1;1;1;625;75;480-405
9186;DL;DL051+AM1003;ZRH;MEX;JFK;815;950;115;1111111;A350-900|Boeing 737 MAX 8;590;1;1;1;1;1;0;571;78;540-295
9187;LX;LX1467+LX604;FCO;MLE;ZRH;820;870;210;1110110;A321neo|Boeing 777-300ER;578;1;0;1;0;1;0;566;66;90-570
9188;AC;AC1201+AC062;MIA;ALG;YUL;840;845;170;0111011;A220-300|A330-300;522;1;0;1;1;0;1;560;70;210-465
9189;EK;EK089+EK112;JNB;MIA;DXB;1140;1710;190;1111111;A380-800|Boeing 777-300ER;828;1;1;1;1;1;1;1299;76;500-1020
9190;JL;JL018+BA052;HND;YUL;LHR;90;1600;260;1111111;A350-1000|A350-1000;687;1;1;1;1;1;0;808;69;890-450
9191;BA;BA051+BA1518;SFO;GVA;LHR;1165;1025;290;1111111;A350-1000|A319;587;1;0;1;0;0;0;546;75;645-90
9192;LH;LH453+LH1134;MIA;NCE;MUC;1195;1030;345;0010101;Boeing 747-8|Embraer 190;528;1;0;1;0;0;0;664;74;595-90
9193;AF;AF1021+AF1066;MRS;FRA;CDG;1035;240;85;1111111;A220-300|A320;118;1;0;1;0;0;0;100;71;90-65
9194;BA;BA116+QR027;JFK;DOH;LHR;1330;910;95;1111111;Boeing 787-9|A380-800;641;1;1;1;1;1;0;694;78;420-395
9195;BA;BA1443+BA030;AMS;BKK;LHR;1045;995;240;1111111;A321neo|Boeing 777-300ER;628;1;0;1;0;1;0;654;69;65-690
9196;AF;AF1009+AF1106;NCE;OPO;CDG;990;305;80;1111111;A318|A318;155;1;0;1;1;0;0;193;71;95-130
9197;BA;BA1533+BA1402;CPH;CDG;LHR;520;305;140;1111111;A319|A321neo;144;1;0;0;1;1;0;127;66;110-55
9198;IB;IB515+CX023;CUN;HKG;MAD;1200;1855;480;1111111;A330-300|Boeing 777-300ER;823;1;1;1;0;1;0;1200;78;585-790
9199;EK;EK049+EK098;MAD;HKG;DXB;1110;1040;180;1111111;A380-800|A350-900;642;1;1;1;1;1;1;745;76;420-440
9200;KL;KL1277+KL506;BCN;SIN;AMS;480;1405;530;1111111;Boeing 737-900|A330-300;673;1;0;1;1;0;0;807;69;125-750
9201;AC;AC1203+AC056;LAX;DUB;YUL;625;775;105;0111011;Boeing 787-9|A330-300;506;1;0;1;1;1;1;577;65;305-365
9202;JL;JL018+BA1558;HND;CMN;LHR;90;1260;165;1111111;A350-1000|A321neo;721;1;0;1;1;1;0;664;67;890-205
9203;IB;IB1233+CX023;BOD;HKG;MAD;625;1350;480;1111111;A321neo|Boeing 777-300ER;693;1;0;1;1;1;0;728;78;80-790
9204;LX;LX1473+LX612;MXP;HKG;ZRH;1035;800;60;1111111;A220-300|A340-300;640;1;0;1;0;0;0;711;71;45-695
9205;IB;IB1244+BA042;MAD;ICN;LHR;955;1015;125;1111111;A320neo|A350-1000;594;1;0;1;1;0;0;589;66;125-765
9206;SK;SK1216+KL1242;CPH;LHR;AMS;565;315;160;1111111;A321LR|Boeing 737-800;125;1;0;0;0;1;0;90;72;90-65
9207;SN;SN1213+SN1250;LHR;GVA;BRU;495;315;185;1111111;A320|A320;124;1;0;0;0;0;0;88;67;55-75
9208;OS;OS1033+OS404;BER;HND;VIE;1060;895;35;1111111;Embraer 195|Boeing 787-9;581;1;0;1;0;0;0;551;76;75-785
9209;AZ;AZ1125+AZ1004;CAI;CDG;FCO;615;515;180;1111111;A220-100|A320neo;278;1;0;0;0;1;0;237;76;215-120
9210;IB;IB1258+CX021;MAD;HKG;FRA;835;1045;220;1111111;A320neo|A350-900;660;1;0;1;1;1;0;619;81;135-690
9211;DL;DL057+AM1003;DUB;MEX;JFK;825;880;140;1111111;A350-900|Boeing 737 MAX 8;555;1;1;1;1;1;0;505;78;445-295
9212;KL;KL527+KL510;GRU;HND;AMS;1160;1610;60;1111111;A330-300|Boeing 787-10;977;1;1;1;1;1;0;1144;79;745-805
9213;AF;AF059+AF1158;YUL;ATH;CDG;1080;800;200;1111111;A330-200|A220-300;478;1;0;1;1;1;0;501;72;415-185
9214;OS;OS1011+OS402;LYS;BKK;VIE;825;925;220;1111111;A320|Boeing 787-9;587;1;0;1;0;0;0;553;77;95-610
9215;EI;EI603+EI1410;MIA;LYS;DUB;1175;915;295;1111111;A321XLR|A320neo;491;1;0;1;0;0;0;465;70;505-115
9216;LH;LH433+LH1120;CUN;ALG;FRA;1170;890;95;1111111;A350-900|A320neo;579;1;0;1;1;1;0;574;65;635-160
9217;LX;LX1415+LX604;MRS;MLE;ZRH;570;1120;480;1110110;A320neo|Boeing 777-300ER;582;1;0;1;1;1;0;551;67;70-570
9218;LX;LX629+LX1438;GRU;FRA;ZRH;1170;1125;340;0011011;A330-300|A220-300;717;1;0;1;0;1;0;649;66;730-55
9219;LH;LH441+LH1047;DEL;FRA;MUC;610;780;225;0011011;Boeing 747-8|A320neo;417;1;0;1;0;0;0;466;65;500-55
9220;AF;AF1117+KL1205;MXP;AMS;CDG;550;335;190;1111111;A321|Boeing 737-900;118;1;0;1;0;0;0;100;74;85-60
9221;LX;LX1497+LX1438;CMN;FRA;ZRH;805;290;45;1111111;A320neo|A220-300;220;1;0;1;0;1;0;163;67;190-55
9222;TP;TP1261+TP1294;MAD;CMN;LIS;825;375;215;1111111;A321LR|A321LR;123;1;0;0;0;1;0;95;61;80-80
9223;TK;TK1105+TK022;PRG;DEL;IST;605;790;300;1111111;Boeing 737 MAX 8|Boeing 777-300ER;427;1;1;1;0;1;1;422;75;140-350
9224;MS;MS1459+LX1499;DXB;ZRH;CAI;615;570;85;1111111;Boeing 737-800|A220-300;346;1;0;1;1;0;0;378;72;240-245
9225;UA;UA022+LX1484;SFO;DUB;ZRH;1150;920;85;1001001;Boeing 777-300ER|A220-300;570;1;0;1;0;1;0;713;71;700-135
9226;LH;LH415+LH1074;SIN;FCO;FRA;625;1025;90;1111111;A340-600|A320neo;610;1;0;1;1;0;0;849;62;835-100
9227;IB;IB513+IB1244;MEX;LHR;MAD;1185;915;125;1111111;A350-900|A320neo;582;1;0;1;1;0;0;600;78;665-125
9228;QR;QR027+QR074;LHR;JNB;DOH;705;1440;545;0101011;A380-800|Boeing 777-300ER;614;1;1;1;1;1;1;798;91;395-500
9229;BA;BA1527+BA1402;VIE;CDG;LHR;520;305;110;1111111;A319|A321neo;148;1;0;0;0;0;0;157;66;140-55
9230;QR;QR077+QR048;BKK;BCN;DOH;1135;1395;540;1111111;Boeing 777-300ER|A380-800;617;1;1;1;1;1;1;707;88;435-420
9231;LH;LH1023+UA019;TLS;SFO;FRA;595;955;115;1111111;A321|Boeing 777-300ER;572;1;0;1;1;0;0;684;68;95-745
9232;BA;BA1505+QF015;MXP;SYD;LHR;820;1790;430;1111111;A319|Boeing 787-9;901;1;0;1;0;0;0;1023;67;105-1255
9233;QR;QR081+QR100;DPS;GRU;DOH;1125;2095;530;1100100;Boeing 787-9|A350-1000;936;1;1;1;0;1;1;1076;84;630-935
9234;KL;KL1241+KE019;LHR;ICN;AMS;680;1120;325;1111111;Boeing 737-900|Boeing 787-9;549;1;0;1;1;0;0;504;70;60-735
9235;LH;LH1004+AC019;FRA;YUL;CDG;830;645;100;1111111;A320neo|A330-300;427;1;0;1;1;1;0;397;65;70-475
9236;LH;LH1161+SN1225;BER;BRU;MUC;595;500;345;1111111;A321|A320;118;1;0;0;0;0;0;106;74;70-85
9237;BA;BA1405+BA1500;CDG;FCO;LHR;935;420;225;1111111;A319|A321neo;156;1;0;0;0;0;0;156;68;60-135
9238;AF;AF1051+AF016;AMS;ABJ;CDG;485;765;295;1111111;A220-300|Boeing 777-300ER;390;1;0;1;1;1;0;352;78;65-405
9239;BA;BA1505+BA026;MXP;DEL;LHR;820;875;275;1111111;A319|Boeing 777-300ER;424;1;0;1;0;0;0;531;67;105-495
9240;AI;AI025+SQ1001;CPH;SIN;DEL;1200;1090;320;1011101;Boeing 787-8|A350-900;611;1;1;1;0;0;1;598;73;435-335
9241;KL;KL1211+KL1242;NCE;LHR;AMS;525;355;185;1111111;Boeing 737-800|Boeing 737-800;152;1;0;0;0;0;0;135;72;105-65
9242;LH;LH1023+LH406;TLS;JNB;FRA;595;890;125;1001001;A321|A340-600;574;1;0;1;0;0;0;739;67;95-670
9243;KL;KL509+KL1206;ICN;CDG;AMS;595;940;65;1111111;Boeing 777-300ER|Boeing 737-800;570;1;0;1;0;1;0;596;73;810-65
9244;QR;QR069+QR076;RAK;BKK;DOH;935;1280;435;1111111;Boeing 777-300ER|Boeing 777-300ER;691;1;1;1;1;1;1;720;87;430-415
9245;AF;AF069+AF1124;PTP;ZRH;CDG;1205;855;280;1111111;A350-900|A321;476;1;0;1;1;0;0;417;73;510-65
9246;EK;EK075+EK096;DUB;DPS;DXB;915;1325;310;1111111;Boeing 777-300ER|A350-900;788;1;1;1;1;1;1;794;80;440-575
9247;AF;AF021+AF1128;RUN;GVA;CDG;1340;875;80;1111111;Boeing 777-300ER|A320;570;1;0;1;1;0;0;650;71;735-60
9248;NH;NH018+LX1427;HND;ZRH;LHR;110;1345;360;1111111;Boeing 777-300ER|A321neo;641;1;0;1;0;1;0;690;67;890-95
9249;TP;TP1250+LH410;LIS;DEL;FRA;590;940;310;1111111;A321neo|Boeing 747-8;520;1;0;1;0;0;0;584;60;175-455
9250;SQ;SQ040+TK1046;SIN;AMS;IST;580;1025;115;1111111;Boeing 787-10|Boeing 737 MAX 8;661;1;1;1;1;1;1;621;81;690-220
9251;KL;KL531+KL520;JNB;YUL;AMS;1320;1470;290;1111111;Boeing 777-300ER|Boeing 777-300ER;748;1;1;1;1;1;0;944;73;705-475
9252;SQ;SQ1004+TG1220;SIN;ICN;BKK;780;640;210;1111111;Boeing 737 MAX 8|A320neo;394;1;1;1;0;1;0;365;81;140-290
9253;AF;AF1083+AF028;MAD;MLE;CDG;735;1060;350;1111111;A220-300|A350-900;554;1;0;1;0;1;0;541;73;110-600
9254;LX;LX623+LX608;LAX;BKK;ZRH;1155;1535;170;1111111;A340-300|A330-300;893;1;1;1;0;1;0;1301;74;710-655
9255;AT;AT1241+AT1276;BCN;DSS;CMN;545;525;175;1111111;Boeing 737-800|Boeing 737 MAX 8;276;1;1;1;0;1;0;276;61;130-220
9256;TK;TK055+TK1138;GRU;DOH;IST;1195;1160;145;1111111;Boeing 787-9|A321neo;702;1;1;1;0;0;1;762;75;795-220
9257;LH;LH1080+LX1418;FRA;TLS;ZRH;595;300;150;1011111;A320neo|A321neo;142;1;0;1;0;0;0;83;61;55-95
9258;TP;TP205+TP1308;MIA;ABJ;LIS;1190;1095;295;1111111;A330-900neo|A320neo;524;1;0;1;0;1;0;617;60;495-305
9259;NH;NH026+TK1124;HND;ALG;IST;125;1290;200;1111111;Boeing 777-300ER|Boeing 737 MAX 8;721;1;1;1;1;1;1;734;73;860-230
9260;TP;TP215+LH1069;GRU;FRA;OPO;1185;1060;275;0101010;A321LR|A320neo;620;1;0;1;1;0;0;558;59;630-155
9261;LH;LH1211+LH456;DUB;SFO;MUC;580;935;40;1011101;Embraer 190|A340-600;537;1;0;1;1;0;0;844;65;130-765
9262;LH;LH1088+SN1210;FRA;BOD;BRU;580;305;145;0110110;Embraer 190|A319;140;1;0;0;0;0;0;108;68;60-100
9263;AZ;AZ1047+AC047;BER;YUL;FCO;540;870;195;1111111;A220-100|Boeing 777-300ER;471;1;0;1;1;1;0;527;76;120-555
9264;BA;BA1541+BA1506;DUB;MXP;LHR;825;395;235;1111111;A321neo|A320neo;157;1;0;0;0;1;0;116;67;65-95
9265;OS;OS1050+UA023;VIE;SFO;ZRH;605;950;100;1100100;Embraer 195|Boeing 777-300ER;662;1;0;1;0;0;0;670;74;90-760
9266;LX;LX1433+LX604;AMS;MLE;ZRH;795;895;245;1110110;A320neo|Boeing 777-300ER;620;1;0;1;1;1;0;558;67;80-570
9267;AT;AT1251+AT1282;FCO;RAK;CMN;625;505;255;1111111;Boeing 737 MAX 8|Boeing 737-800;193;1;1;1;0;0;0;153;64;205-45
9268;UA;UA019+UA1412;FRA;LAX;SFO;805;900;80;1111111;Boeing 777-300ER|Boeing 737 MAX 9;634;1;0;1;1;0;1;640;81;745-75
9269;TK;TK055+TK022;GRU;DEL;IST;1195;1400;255;1111111;Boeing 787-9|Boeing 777-300ER;864;1;1;1;1;1;1;873;75;795-350
9270;BA;BA1507+BA040;MXP;HND;LHR;1140;1020;85;1111111;A320neo|Boeing 787-9;618;1;0;1;1;0;0;602;72;105-830
9271;DL;DL045+DL1434;FCO;MEX;JFK;705;995;120;1111111;Boeing 767-400ER|Boeing 757-200;662;1;0;1;1;1;1;823;79;580-295
9272;AF;AF1124+KE031;CDG;ICN;ZRH;855;1025;210;0011011;A321|A330-300;547;1;0;1;1;0;0;616;73;65-750
9273;SK;SK205+SK1226;LAX;MUC;CPH;1165;860;90;0111111;A330-300|A320neo;626;1;0;1;1;0;0;655;72;680-90
9274;AF;AF1201+AF076;TLS;PTP;ORY;500;920;260;1001001;A220-300|A350-900;462;1;0;1;0;1;0;417;72;80-580
9275;SN;SN1241+AZ1091;OPO;FCO;BRU;805;330;75;1111111;A320|A220-100;173;1;0;0;0;0;0;246;69;140-115
9276;SK;SK1202+AF040;CPH;HKG;CDG;790;1110;275;1111111;A321LR|A330-200;543;1;0;1;1;1;0;708;80;115-720
9277;AF;AF1183+AF034;ALG;BKK;CDG;860;1135;320;1111111;A220-300|Boeing 787-9;655;1;0;1;0;1;0;631;75;135-680
9278;IB;IB511+IB1218;SFO;NCE;MAD;1210;925;140;1111111;A330-200|A321XLR;601;1;0;1;1;0;0;687;84;685-100
9279;LH;LH405+LH408;JFK;DXB;FRA;1315;1055;220;1111111;Boeing 787-9|A350-900;683;1;1;1;0;1;0;602;64;465-370
9280;AA;AA073+AA1051;SYD;MIA;LAX;775;1460;270;1111111;Boeing 777-200ER|Boeing 737-800;836;1;0;1;1;0;1;1203;77;900-290
9281;OS;OS407+LX1531;JFK;GVA;VIE;1180;805;195;1111111;Boeing 777-200ER|A321neo;472;1;0;1;0;0;0;577;74;510-100
9282;LX;LX619+LX1490;JFK;ATH;ZRH;1160;870;240;1111111;Boeing 777-300ER|A321neo;607;1;0;1;0;1;0;520;65;475-155
9283;TK;TK021+AZ1111;MLE;FCO;IST;640;805;150;1111111;Boeing 787-9|A321;471;1;0;1;1;0;0;468;73;510-145
9284;AF;AF073+AF1142;GRU;CPH;CDG;1225;925;100;1111111;A350-900|A320;624;1;0;1;1;0;0;614;71;720-105
9285;LH;LH409+LH1054;DXB;MAD;FRA;385;775;210;1111111;A350-900|Embraer 190;396;1;0;1;0;1;0;407;67;415-150
9286;LH;LH403+LH410;JFK;DEL;FRA;1170;1500;580;1111111;A340-600|Boeing 747-8;638;1;1;1;1;0;0;920;66;465-455
9287;MS;MS606+TG1201;CAI;BKK;DEL;1155;940;360;0101010;Boeing 777-300ER|A320neo;462;1;1;1;0;0;0;484;71;335-245
9288;EK;EK117+EK090;SFO;BKK;DXB;1265;1555;175;1111111;A380-800|A380-800;835;1;1;1;1;1;1;1340;80;990-390
9289;LX;LX1518+TP206;GVA;SFO;LIS;590;1040;135;1111111;A320neo|A321LR;662;1;0;1;0;1;0;624;59;155-750
9290;QR;QR079+QR090;SIN;JFK;DOH;1125;2030;655;1111111;Boeing 777-300ER|Boeing 787-9;891;1;1;1;1;1;1;991;85;505-870
9291;AF;AF1015+AF028;MRS;MLE;CDG;480;1315;625;1111111;A320|A350-900;557;1;0;1;0;1;0;517;73;90-600
9292;EK;EK067+EK088;GVA;JNB;DXB;910;1205;320;1111111;Boeing 777-300ER|A380-800;598;1;1;1;1;1;1;799;81;370-515
9293;LH;LH1137+LH456;LYS;SFO;MUC;580;995;155;1011101;A319|A340-600;613;1;0;1;0;0;0;764;65;75-765
9294;DL;DL014+AF1014;JFK;MRS;CDG;1040;620;95;1111111;A350-900|A320;474;1;0;1;1;0;0;384;85;440-85
9295;AF;AF1175+AF1148;TUN;DUB;CDG;535;420;165;1111111;A321|A318;203;1;0;1;1;0;0;227;72;150-105
9296;KL;KL527+KL1212;GRU;NCE;AMS;1160;970;120;1111111;A330-300|Embraer 195-E2;600;1;0;1;1;1;0;718;70;745-105
9297;KL;KL1299+KL520;MXP;YUL;AMS;510;780;205;1111111;Boeing 737-800|Boeing 777-300ER;435;1;0;1;1;0;0;437;73;100-475
9298;KL;KL509+KL1286;ICN;LIS;AMS;595;1125;125;1111111;Boeing 777-300ER|Boeing 737-900;593;1;0;1;0;0;0;704;75;810-190
9299;EI;EI603+EI1418;MIA;LHR;DUB;1175;850;280;1111111;A321XLR|A321neo;476;1;0;1;0;0;0;403;72;505-65
9300;LH;LH1109+LH1062;ATH;BCN;FRA;825;485;180;1111111;Embraer 190|A321;192;1;0;0;0;0;0;254;64;185-120
9301;AA;AA014+BA1454;JFK;MUC;LHR;1060;685;170;1111111;Boeing 777-200ER|A320neo;496;1;0;1;1;1;0;493;65;420-95
9302;EI;EI1447+EI602;BCN;MIA;DUB;595;865;140;1111111;A321neo|A321XLR;505;1;0;1;0;1;0;490;72;150-575
9303;AA;AA027+QF029;CDG;SYD;JFK;975;2005;255;1111111;Boeing 787-9|A380-800;1017;1;1;1;1;1;1;1515;70;500-1250
9304;AH;AH1035+AH104;BCN;YUL;ALG;620;755;150;1111110;Boeing 737-800|A330-900neo;368;1;1;1;0;0;0;395;64;75-530
9305;AF;AF067+AF018;CUN;JNB;CDG;1215;1370;90;1111111;A330-200|A330-200;748;1;1;1;1;1;0;1102;77;610-670
9306;AF;AF1119+KE015;MXP;ICN;CDG;860;1050;200;1111111;A318|A330-300;551;1;0;1;0;1;0;640;83;85-765
9307;BA;BA1431+BA1534;BOD;CPH;LHR;585;385;190;1111111;A319|A320neo;167;1;0;0;1;0;0;156;72;95-100
9308;AI;AI017+SQ1001;LHR;SIN;DEL;1190;1040;210;1111111;Boeing 787-8|A350-900;609;1;1;1;1;1;1;647;67;495-335
9309;LH;LH1007+LH412;CDG;BKK;FRA;1005;800;85;1111111;A321|A340-600;570;1;0;1;0;0;0;718;62;65-650
9310;IB;IB1292+BA1485;MAD;LHR;LIS;470;330;95;1111111;A321neo|A319;157;1;0;0;0;0;0;168;77;80-155
9311;AT;AT1211+AT1282;MRS;RAK;CMN;855;275;65;1111111;Boeing 737 MAX 8|Boeing 737-800;171;1;1;1;0;0;0;126;64;165-45
9312;SQ;SQ057+SQ1008;JNB;DPS;SIN;870;1150;335;1111111;Boeing 777-300ER|Boeing 737 MAX 8;693;1;1;1;1;1;1;675;80;655-160
9313;TK;TK1045+TK022;AMS;DEL;IST;620;775;230;1111111;A321neo|Boeing 777-300ER;455;1;1;1;1;1;1;444;75;195-350
9314;AF;AF037+AF1154;SIN;PRG;CDG;125;1235;275;1111111;A330-200|A318;665;1;0;1;1;0;0;782;74;870-90
9315;LX;LX1451+LX616;MAD;ICN;ZRH;795;1085;215;1010101;A220-300|A330-300;682;1;0;1;0;0;0;673;75;120-750
9316;LH;LH413+LH1112;BKK;IST;FRA;605;975;75;1111111;A340-600|A321;492;1;0;1;1;0;0;820;65;735-165
9317;LH;LH1081+LH432;ZRH;CUN;FRA;595;950;170;1111111;A320neo|A350-900;574;1;0;1;0;1;0;494;63;55-725
9318;TK;TK1093+TK036;GVA;HND;IST;835;1095;160;1111111;Boeing 737 MAX 8|A350-900;618;1;1;1;0;0;1;616;72;170-765
9319;IB;IB511+IB1340;SFO;DUB;MAD;1210;915;85;1111111;A330-200|A321XLR;593;1;0;1;1;1;0;729;87;685-145
9320;SN;SN1265+SN1216;ATH;LHR;BRU;785;455;180;1111111;A319|A320;236;1;0;0;1;0;0;203;72;210-65
9321;IB;IB1249+CX023;AMS;HKG;MAD;500;1475;535;1111111;A321neo|Boeing 777-300ER;671;1;0;1;1;0;0;806;78;150-790
9322;BA;BA1533+BA014;CPH;JNB;LHR;520;1040;235;1111111;A319|A350-1000;586;1;0;1;1;1;0;593;71;110-695
9323;MS;MS1426+AZ1096;CAI;CPH;FCO;600;465;95;1111111;A220-300|A320neo;278;1;0;1;0;1;0;248;70;215-155
9324;AF;AF1065+AF1048;FRA;LHR;CDG;985;300;170;1111111;A220-300|A318;115;1;0;1;0;0;0;72;79;70-60
9325;AC;AC052+SN1270;YUL;RAK;BRU;1220;875;225;1011111;Boeing 787-9|A320;457;1;0;1;0;1;0;494;64;420-230
9326;IB;IB1303+IB500;OPO;DOH;MAD;610;660;195;1111111;A320neo|A330-200;411;1;0;1;0;1;0;383;87;65-400
9327;QR;QR087+QR060;HND;CPH;DOH;1140;1485;400;1101100;Boeing 777-300ER|Boeing 787-9;633;1;1;1;1;0;1;788;91;695-390
9328;BA;BA023+BA1470;DOH;MAD;LHR;385;755;180;1111111;Boeing 787-9|A320neo;374;1;0;1;0;1;0;391;69;445-130
9329;QF;QF014+BA1426;SYD;TLS;LHR;1095;1640;235;1111111;Boeing 787-9|A320neo;962;1;0;1;1;1;0;1003;76;1310-95
9330;BA;BA1405+BA042;CDG;ICN;LHR;935;1035;210;1111111;A319|A350-1000;556;1;0;1;1;0;0;519;66;60-765
9331;UA;UA1419+UA018;MEX;FRA;SFO;815;1150;195;1111111;A320|Boeing 777-300ER;622;1;0;1;1;0;1;837;77;270-685
9332;TU;TU1245+TU500;FCO;YUL;TUN;595;795;145;1111111;A320neo|A330-200;399;1;1;1;0;0;0;489;51;80-570
9333;IB;IB509+IB1238;LAX;NTE;MAD;1195;860;75;1111111;A330-200|A321XLR;567;1;0;1;1;0;0;674;88;690-95
9334;CX;CX034+BA017;HKG;LHR;DXB;1145;1190;215;1111111;Boeing 777-300ER|A350-1000;649;1;1;1;0;1;0;685;79;510-465
9335;EK;EK1023+EK056;DOH;OPO;DXB;1120;1155;580;1111111;Boeing 777-300ER|A350-900;472;1;1;1;1;0;1;369;78;60-515
9336;QR;QR089+QR046+IB1366;SYD;TUN;DOH-MAD;1220;1965;80-330;1111111;A350-1000|Boeing 777-300ER|A320neo;925;1;0;1;1;1;0;1128;80;975-460-120
9337;LH;LH1180+AZ112;MUC;EZE;FCO;510;1205;235;1011111;A319|A330-900neo;701;1;0;1;1;1;0;682;72;95-875
9338;LH;LH1070+AZ114;FRA;HND;FCO;530;1110;165;1111111;A319|A330-900neo;566;1;0;1;0;1;0;636;61;100-845
9339;AT;AT501+AT508;JNB;YUL;CMN;1325;1500;410;1101010;Boeing 787-9|Boeing 787-9;654;1;1;1;0;1;1;726;65;605-485
9340;LX;LX1471+LX600;MXP;JNB;ZRH;575;875;180;1011111;A321neo|A340-300;661;1;0;1;0;0;0;646;77;45-650
9341;KL;KL527+KL1312;GRU;GVA;AMS;1160;1170;335;1111111;A330-300|Boeing 737-900;577;1;0;1;1;0;0;704;69;745-90
9342;KL;KL1268+AM021;AMS;MEX;MAD;465;1145;235;1111111;Embraer 195-E2|Boeing 787-8;590;1;0;1;0;0;0;618;75;150-760
9343;LX;LX1436+LH418;ZRH;ICN;FRA;575;1325;535;1111111;A321neo|A340-600;606;1;0;1;0;0;0;663;64;55-735
9344;TP;TP1227+TP202;MRS;JFK;LIS;590;870;265;1111111;A320neo|A321LR;418;1;0;1;0;1;0;405;61;140-465
9345;TK;TK1115+SQ041;CMN;SIN;IST;620;1025;110;1111111;A321neo|Boeing 787-10;765;1;1;1;1;1;1;696;74;260-655
9346;IB;IB1339+IB1216;DUB;NCE;MAD;600;290;50;1111111;A321neo|A321neo;178;1;0;0;0;1;0;203;86;140-100
9347;LH;LH1115+LH412;CMN;BKK;FRA;835;970;115;1111111;A320neo|A340-600;652;1;0;1;0;1;0;826;64;205-650
9348;AA;AA052+BA1450;MIA;FRA;LHR;1220;955;345;1111111;Boeing 777-300ER|A320neo;546;1;0;1;1;1;0;517;72;530-80
9349;KL;KL1200+AF058;AMS;YUL;CDG;460;720;180;1111111;Boeing 737-800|A330-200;418;1;0;1;1;1;0;399;77;65-475
9350;AT;AT511+AT1264;GRU;CPH;CMN;1210;1075;255;1111111;Boeing 787-9|Boeing 737-800;573;1;1;1;0;1;0;646;69;580-240
9351;AF;AF009+AF1102;JFK;OPO;CDG;1125;640;70;1111111;A350-900|A320;416;1;0;1;0;0;0;442;72;440-130
9352;BA;BA037+IB1247;HKG;MAD;LHR;625;1160;220;1111111;A350-1000|A321neo;665;1;0;1;0;0;0;630;70;810-130
9353;AF;AF1071+AF1184;MUC;ALG;CDG;865;450;220;1111111;A318|A320;181;1;0;1;1;0;0;205;72;95-135
9354;LH;LH1045+LH1114;MUC;CMN;FRA;580;480;200;1111111;Embraer 190|A320neo;210;1;0;0;0;0;0;183;64;55-225
9355;BA;BA1469+BA1528;MAD;VIE;LHR;630;365;120;1111111;A319|A320neo;162;1;0;0;1;0;0;232;72;125-120
9356;AZ;AZ1089+AZ118;BRU;DEL;FCO;620;995;440;1111111;A321|A350-900;474;1;0;1;0;0;0;441;77;115-440
9357;AA;AA1001+AA042;LAX;ATH;JFK;450;1165;275;1111111;Boeing 777-200ER|Boeing 777-200ER;702;1;0;1;0;0;1;959;74;305-585
9358;LX;LX1487+LX604;PRG;MLE;ZRH;580;1110;460;1110110;A220-300|Boeing 777-300ER;566;1;0;1;0;1;0;550;67;80-570
9359;TK;TK015+TG033;DSS;BKK;IST;1335;1280;325;1111111;A330-300|Boeing 787-9;709;1;1;1;0;0;1;754;77;405-550
9360;AF;AF1043+AF066;LHR;CUN;CDG;660;830;80;1111111;A220-300|A330-200;548;1;0;1;0;1;0;563;71;55-695
9361;AF;AF1093+AF026;BCN;DXB;CDG;975;565;75;1111111;A321|Boeing 777-300ER;419;1;0;1;1;0;0;426;75;95-395
9362;EK;EK1007+EK094;IST;SIN;DXB;1055;1230;535;1111111;Boeing 777-300ER|A350-900;585;1;1;1;1;0;1;561;74;240-455
9363;EK;EK091+EK120;BKK;MEX;DXB;135;1690;145;1111111;A380-800|A380-800;956;1;1;1;1;1;1;1438;78;410-1135
9364;AF;AF021+AF1170;RUN;RAK;CDG;1340;1125;180;1111111;Boeing 777-300ER|A318;606;1;0;1;1;0;0;779;71;735-210
9365;LX;LX607+LX1472;DEL;MXP;ZRH;585;755;190;1100100;A330-300|A220-300;519;1;0;1;0;0;0;417;69;520-45
9366;BA;BA1547+BA1406;PRG;CDG;LHR;810;470;295;1111111;A320neo|A320neo;125;1;0;0;0;1;0;117;67;120-55
9367;BA;BA1551+BA044;ATH;MIA;LHR;580;950;110;1111111;A319|Boeing 787-9;610;1;0;1;1;0;0;582;68;235-605
9368;AF;AF1141+AF040;CPH;HKG;CDG;540;1360;525;1111111;A220-300|A330-200;583;1;0;1;1;1;0;708;80;115-720
9369;LX;LX1437+LX1498;FRA;CAI;ZRH;585;450;175;1111111;A321neo|A220-300;278;1;0;1;0;0;0;208;76;55-220
9370;AC;AC1213+OS409;PTP;VIE;YUL;840;895;120;0111011;A321|Boeing 787-9;511;1;0;1;0;0;0;628;75;290-485
9371;KE;KE020+KL1255;ICN;AMS;FRA;585;1100;225;1111111;Boeing 787-9|Boeing 737-800;522;1;0;1;0;0;0;503;79;810-65
9372;BA;BA053+BA1408;YUL;NCE;LHR;1095;680;180;1111111;A350-1000|A321neo;429;1;0;1;1;0;0;372;68;395-105
9373;LH;LH1097+LH1102;CPH;DUB;FRA;610;560;350;1111111;A321|A320neo;149;1;0;0;0;1;0;159;70;90-120
9374;SK;SK203+SK1212;MIA;LHR;CPH;1145;850;155;0111111;A330-300|A321LR;474;1;0;1;0;1;0;592;73;585-110
9375;LH;LH411+LH404;DEL;JFK;FRA;620;1150;105;1111111;Boeing 747-8|Boeing 787-9;652;1;1;1;0;1;0;796;69;515-530
9376;KL;KL1311+KL520;GVA;YUL;AMS;580;710;145;1111111;Embraer 195-E2|Boeing 777-300ER;456;1;0;1;1;0;0;415;73;90-475
9377;AF;AF1181+AF018;ALG;JNB;CDG;550;955;150;1111111;A318|A330-200;500;1;0;1;1;0;0;705;75;135-670
9378;AH;AH105+AH1052;YUL;TUN;ALG;1215;820;275;0111111;A330-900neo|Boeing 737-800;451;1;1;1;0;1;0;405;56;465-80
9379;LH;LH1029+LH416;LHR;HKG;FRA;580;1195;425;1111111;Embraer 190|A340-600;578;1;0;1;0;1;0;750;63;80-690
9380;AH;AH1001+AH1058;CDG;ABJ;ALG;565;605;175;1111111;A330-200|Boeing 737-800;338;1;1;1;0;0;0;423;61;135-295
9381;BA;BA1431+BA042;BOD;ICN;LHR;585;1385;525;1111111;A319|A350-1000;606;1;0;1;1;0;0;558;66;95-765
9382;TK;TK1001+TK1112;CDG;ATH;IST;465;635;360;1111111;Boeing 737 MAX 8|A321neo;195;1;1;1;1;0;1;195;72;195-80
9383;LH;LH1121+LH1106;ALG;PRG;FRA;825;280;70;1111111;A320neo|A320neo;192;1;0;0;0;1;0;138;65;150-60
9384;DL;DL1423+AF013;MIA;CDG;JFK;1060;755;145;1111111;A321neo|Boeing 777-300ER;462;1;0;1;0;0;0;497;75;170-440
9385;LX;LX619+LX1432;JFK;AMS;ZRH;1160;815;255;1111111;Boeing 777-300ER|A320neo;491;1;0;1;1;1;0;461;67;475-85
9386;AA;AA018+QR027;JFK;DOH;LHR;1205;1035;220;1111111;Boeing 787-9|A380-800;690;1;1;1;1;1;1;694;68;420-395
9387;BA;BA1525+BA020;BRU;DXB;LHR;1130;550;75;1111111;A321neo|A380-800;421;1;0;1;1;1;0;440;72;65-410
9388;IB;IB1225+IB508;MRS;LAX;MAD;630;985;105;1111111;A321neo|A330-200;608;1;0;1;1;1;0;677;82;105-775
9389;AF;AF043+AF1086;ICN;MAD;CDG;640;1145;185;1111111;A330-200|A321;587;1;0;1;0;0;0;687;77;845-115
9390;MS;MS1455+MS608;TUN;BKK;CAI;820;845;105;1111111;A320neo|A330-300;543;1;1;1;0;1;0;614;64;185-555
9391;LH;LH405+LH1054;JFK;MAD;FRA;1315;745;130;1111111;Boeing 787-9|Embraer 190;413;1;0;1;0;1;0;480;67;465-150
9392;LH;LH1197+LH446;GVA;HND;MUC;1040;925;50;1111111;Embraer 190|A350-900;639;1;0;1;0;0;0;560;63;70-805
9393;BA;BA051+BA1428;SFO;TLS;LHR;1165;955;215;1111111;A350-1000|A321neo;623;1;0;1;0;1;0;545;66;645-95
9394;UA;UA1419+UA020;MEX;MUC;SFO;815;1165;190;1111111;A320|Boeing 787-10;666;1;0;1;1;0;1;758;77;270-705
9395;IB;IB1275+IB514;BCN;CUN;MAD;550;950;200;1111111;A321XLR|A330-300;558;1;0;1;1;0;0;558;85;75-675
9396;BA;BA025+BA1500;MLE;FCO;LHR;620;975;140;1111111;A380-800|A321neo;500;1;0;1;0;0;0;760;67;700-135
9397;KL;KL511+KL514;HND;MIA;AMS;75;1845;345;1111111;Boeing 787-10|A330-300;713;1;1;1;0;0;0;992;72;870-630
9398;TG;TG025+TG1220;MUC;ICN;BKK;1165;1275;350;1111111;Boeing 787-9|A320neo;548;1;1;1;0;1;0;727;81;635-290
9399;KL;KL521+KL1278;YUL;BCN;AMS;1190;710;165;1111111;Boeing 777-300ER|Boeing 737-800;427;1;0;1;0;1;0;482;71;415-130
9400;SQ;SQ034+LX1462;SIN;OPO;ZRH;145;1235;230;1111111;Boeing 787-10|A321neo;829;1;0;1;0;0;0;665;76;840-165
9401;AF;AF1041+AF068;LHR;PTP;CDG;490;865;230;1111111;A318|A350-900;467;1;0;1;1;0;0;404;75;55-580
9402;AF;AF1025+SK1203;TLS;CPH;CDG;500;410;225;1111111;A220-300|A321LR;178;1;0;1;1;0;0;135;79;80-105
9403;SK;SK1202+AF1034;CPH;BOD;CDG;790;380;190;1111111;A321LR|A318;160;1;0;1;1;0;0;137;80;115-75
9404;LH;LH449+LH1168;ICN;MAD;MUC;615;1150;185;0010101;A350-900|A319;601;1;0;1;0;0;0;614;65;810-155
9405;TP;TP1271+TP1306;FCO;DSS;LIS;610;510;75;1111111;A320neo|A320neo;308;1;0;0;0;0;0;311;58;190-245
9406;BA;BA1535+BA020;CPH;DXB;LHR;820;860;340;1111111;A320neo|A380-800;367;1;0;1;1;0;0;493;72;110-410
9407;SN;SN505+SN1264;JFK;ATH;BRU;1155;900;265;1111111;A330-300|A319;516;1;0;1;0;0;0;551;68;445-190
9408;TK;TK031+TK1038;HKG;LHR;IST;615;1155;220;1111111;A330-300|A320neo;582;1;1;1;1;1;1;688;73;690-245
9409;DL;DL1421+DL014;MIA;CDG;JFK;590;890;280;1111111;Boeing 757-200|A350-900;505;1;0;1;1;1;1;480;85;170-440
9410;AZ;AZ1106+TK020;FCO;MLE;IST;735;770;185;1111111;A220-100|Boeing 787-9;518;1;0;1;1;1;0;446;72;130-455
9411;UA;UA1405+UA022;LAX;ZRH;SFO;635;1215;435;1001001;Boeing 737 MAX 9|Boeing 777-300ER;686;1;0;1;1;0;1;655;78;80-700
9412;BA;BA045+BA1496;MIA;FCO;LHR;1180;815;150;1111111;Boeing 787-9|A319;496;1;0;1;1;0;0;533;65;530-135
9413;KL;KL1327+KL1272;PRG;MAD;AMS;575;510;265;1111111;Boeing 737-800|Boeing 737-800;167;1;0;0;1;0;0;217;69;95-150
9414;KL;KL505+KL1226;DEL;TLS;AMS;595;835;190;1111111;A330-300|Embraer 195-E2;469;1;0;1;0;1;0;497;71;535-110
9415;CX;CX018+BA1445;HKG;LHR;AMS;645;1040;195;1111111;A350-1000|A319;721;1;0;1;1;1;0;543;75;780-65
9416;LH;LH413+LH1078;BKK;MXP;FRA;605;875;70;1111111;A340-600|A320neo;628;1;0;1;0;1;0;714;66;735-70
9417;AZ;AZ1075+AZ118;MXP;DEL;FCO;830;785;275;1111111;A321|A350-900;475;1;0;1;0;0;0;375;81;70-440
9418;KE;KE014+AF1078;ICN;BER;CDG;610;1125;190;1111111;A330-300|A220-300;533;1;0;1;1;1;0;652;77;845-90
9419;AF;AF063+AF036;YUL;SIN;CDG;1335;1325;145;1111111;A350-900|A330-200;848;1;1;1;0;1;1;999;81;415-765
9420;NH;NH027+NH1200;IST;HKG;HND;790;1155;125;1111111;Boeing 777-300ER|Boeing 737-800;573;1;1;1;1;0;1;815;87;765-265
9421;BA;BA029+BA052;BKK;YUL;LHR;85;1485;255;1111111;A380-800|A350-1000;717;1;1;1;1;1;0;1001;67;780-450
9422;MS;MS1446+TK1058;CAI;BER;IST;535;650;345;1111111;A220-300|A321neo;206;1;1;1;0;1;0;219;68;130-175
9423;AF;AF1159+AF1064;ATH;FRA;CDG;625;480;205;1111111;A220-300|A220-300;189;1;0;1;1;1;0;179;78;210-65
9424;AZ;AZ1018+NH019;FCO;HND;LHR;510;1180;200;1111111;A320neo|Boeing 777-300ER;617;1;0;1;1;1;0;745;78;150-830
9425;LA;LA035+LA030;JNB;MEX;GRU;100;1675;450;1111100;Boeing 777-300ER|Boeing 777-300ER;737;1;1;1;0;1;1;967;80;630-595
9426;DL;DL1429+DL1412;YUL;LAX;JFK;935;530;105;1111111;A321neo|Boeing 767-400ER;362;1;0;0;1;0;1;411;85;75-350
9427;KL;KL1335+KL1218;IST;LYS;AMS;595;660;345;1111111;Boeing 737-800|Embraer 195-E2;204;1;0;0;0;1;0;236;78;220-95
9428;SQ;SQ1003+SQ052;BKK;LAX;SIN;485;1580;390;1111111;Boeing 737 MAX 8|A350-900;906;1;1;1;1;0;1;889;83;140-1050
9429;AZ;AZ1011+AZ118;NCE;DEL;FCO;840;775;270;1111111;A320neo|A350-900;462;1;0;1;0;1;0;363;81;65-440
9430;AT;AT501+AT1280;JNB;RAK;CMN;1325;845;195;1101010;Boeing 787-9|Boeing 737 MAX 8;498;1;1;1;0;1;0;433;67;605-45
9431;AA;AA066+BA1486;LAX;LIS;LHR;1095;1075;260;1111111;Boeing 777-200ER|A320neo;619;1;0;1;1;0;0;760;73;655-160
9432;LX;LX611+LX1488;SIN;PRG;ZRH;590;950;40;1111111;A330-300|A320neo;717;1;0;1;0;0;0;713;76;840-70
9433;LH;LH1198+SN1270;MUC;RAK;BRU;595;420;105;1111111;Embraer 190|A320;218;1;0;0;0;1;0;250;64;85-230
9434;QR;QR039+QR088;AMS;SYD;DOH;925;1790;490;1111111;A380-800|A350-1000;1102;1;1;1;1;1;1;1044;81;375-925
9435;BA;BA026+CX1001;LHR;HKG;DEL;1140;1125;345;1111111;Boeing 777-300ER|A321neo;535;1;1;1;1;1;0;689;71;495-285
9436;AI;AI024+LX1481;DEL;ZRH;CPH;660;760;165;0111011;Boeing 787-8|A220-300;420;1;0;1;1;1;0;399;69;490-105
9437;SN;SN1219+SN1270;FRA;RAK;BRU;555;460;170;1111111;A319|A320;223;1;0;0;0;0;0;221;64;60-230
9438;TK;TK1057+TK022;BER;DEL;IST;610;785;275;1111111;A320neo|Boeing 777-300ER;433;1;1;1;0;1;1;410;70;160-350
9439;BA;BA1481+BA036;BCN;HKG;LHR;940;980;135;1111111;A320neo|A350-1000;635;1;0;1;1;1;0;622;73;120-725
9440;LH;LH1203+SQ027;VIE;SIN;MUC;600;1220;435;1111111;A320neo|A380-800;615;1;0;1;1;1;0;782;69;65-720
9441;JL;JL020+BA1458;HND;MUC;LHR;705;1075;90;1111111;Boeing 787-9|A319;650;1;0;1;1;0;0;618;74;890-95
9442;TG;TG027+TG040;ZRH;SYD;BKK;1175;1400;165;1111111;Boeing 777-300ER|Boeing 777-300ER;836;1;1;1;0;1;0;1077;73;655-580
9443;QR;QR1205+QR082;VIE;HKG;DOH;835;1435;665;0010011;A350-1000|Boeing 777-300ER;638;1;1;1;0;1;1;676;80;305-465
9444;TG;TG022+LH1042;BKK;AMS;FRA;630;910;110;1111111;A350-900|A321;575;1;0;1;0;0;0;528;71;735-65
9445;OS;OS1022+LH406;VIE;JNB;FRA;605;880;120;1001001;A320|A340-600;547;1;0;1;0;0;0;712;67;90-670
9446;AF;AF071+AF1062;FDF;FRA;CDG;1220;730;150;1111111;A350-900|A318;501;1;0;1;1;0;0;420;71;515-65
9447;LX;LX601+LX1490;JNB;ATH;ZRH;1305;1145;330;1101111;A340-300|A321neo;605;1;0;1;0;1;0;739;65;660-155
9448;BA;BA1517+BA030;GVA;BKK;LHR;830;1210;420;1111111;A321neo|Boeing 777-300ER;596;1;0;1;1;1;0;686;66;100-690
9449;LX;LX1445+LX1450;BER;MAD;ZRH;565;390;165;1111111;A320neo|A220-300;201;1;0;1;0;1;0;159;67;90-135
9450;LH;LH1003+LH1012;CDG;NCE;FRA;650;505;345;1111111;Embraer 190|Embraer 190;122;1;0;0;1;0;0;116;67;65-95
9451;TP;TP1250+LH1006;LIS;CDG;FRA;590;435;190;1111111;A321neo|A321;172;1;0;0;0;1;0;171;60;175-70
9452;LH;LH453+MS1415;MIA;CAI;MUC;1195;920;110;0010101;Boeing 747-8|A320neo;617;1;1;1;0;0;0;778;62;595-215
9453;BA;BA059+BA1490;GRU;OPO;LHR;1170;1060;200;1111111;A380-800|A321neo;535;1;0;1;0;1;0;816;76;725-135
9454;SK;SK1261+SK1222;IST;FRA;CPH;810;415;130;1111111;A320neo|A320neo;194;1;0;0;1;0;0;190;76;195-90
9455;KL;KL1311+KL526;GVA;GRU;AMS;580;995;135;1111111;Embraer 195-E2|A330-300;626;1;0;1;1;0;0;693;76;90-770
9456;KL;KL1299+KL518;MXP;SFO;AMS;510;1025;205;1111111;Boeing 737-800|Boeing 777-300ER;613;1;0;1;0;0;0;651;72;100-720
9457;LH;LH1203+LH1144;VIE;TLS;MUC;600;320;145;1011111;A320neo|A321;159;1;0;0;1;1;0;126;69;65-110
9458;UA;UA1406+LH425;SFO;FRA;LAX;760;1120;350;1111111;A320|Boeing 747-8;570;1;0;1;1;0;1;751;65;75-695
9459;SK;SK201+SK1260;JFK;IST;CPH;1150;900;250;1111111;A330-300|A320neo;543;1;0;1;1;1;0;535;70;470-180
9460;DL;DL1401+DL1430;LAX;YUL;JFK;400;645;265;1111111;Boeing 767-400ER|Boeing 757-200;355;1;0;0;1;0;1;427;84;305-75
9461;AF;AF1129+AF014;GVA;DSS;CDG;535;655;230;1111111;A320|A330-200;347;1;0;1;1;0;0;315;77;65-360
9462;AF;AF1089+AF014;BCN;DSS;CDG;520;670;215;1111111;A220-300|A330-200;332;1;0;1;1;1;0;346;78;95-360
9463;KL;KL1279+KL1254;BCN;FRA;AMS;710;470;285;1111111;Boeing 737-800|Boeing 737-800;140;1;0;0;1;0;0;161;77;125-60
9464;LX;LX1518+TP210;GVA;GRU;LIS;590;925;140;1011101;A320neo|A321LR;690;1;0;1;0;1;0;559;56;155-630
9465;AZ;AZ1085+AZ1094;GVA;VIE;FCO;625;535;355;1111111;A321|A320neo;124;1;0;0;0;0;0;135;73;85-95
9466;JL;JL018+BA1468;HND;MAD;LHR;90;1215;195;1111111;A350-1000|A319;753;1;0;1;1;0;0;648;72;890-130
9467;BA;BA053+BA1562;YUL;RAK;LHR;1095;870;255;1111111;A350-1000|A319;406;1;0;1;0;0;0;468;68;395-220
9468;KL;KL1243+KL504;LHR;DEL;AMS;805;760;230;1111111;Boeing 737-800|A330-300;476;1;0;1;1;0;0;451;74;60-470
9469;AF;AF1177+AF046;TUN;HND;CDG;845;1305;315;1111111;A318|Boeing 777-300ER;659;1;0;1;0;0;0;780;82;150-840
9470;IB;IB1352+AT1278;MAD;ABJ;CMN;535;565;200;1111111;A321XLR|Boeing 737-800;352;1;0;1;0;0;0;325;65;100-265
9471;AF;AF1069+AF068;MUC;PTP;CDG;550;865;190;1111111;A321|A350-900;479;1;0;1;1;0;0;438;77;95-580
9472;AF;AF031+AF1094;DEL;BCN;CDG;635;940;295;1111111;Boeing 777-300ER|A318;500;1;0;1;1;0;0;513;75;550-95
9473;AA;AA066+BA1450;LAX;FRA;LHR;1095;900;165;1111111;Boeing 777-200ER|A320neo;608;1;0;1;1;1;0;710;72;655-80
9474;LX;LX1491+LX1434;ATH;AMS;ZRH;800;450;195;1111111;A321neo|A321neo;227;1;0;1;1;0;0;161;72;170-85
9475;KL;KL1239+KL520;LHR;YUL;AMS;565;665;130;1111111;Embraer 195-E2|Boeing 777-300ER;427;1;0;1;0;0;0;389;73;60-475
9476;TK;TK055+TK1106;GRU;PRG;IST;1195;1100;150;1111111;Boeing 787-9|A320neo;615;1;1;1;1;1;1;702;75;795-155
9477;AF;AF025+AF1182;DXB;ALG;CDG;260;915;335;1111111;A330-200|A220-300;414;1;0;1;1;0;0;456;78;445-135
9478;OS;OS1019+OS408;AMS;YUL;VIE;590;790;145;1110110;A321|Boeing 787-9;455;1;0;1;0;0;0;449;75;100-545
9479;IB;IB1263+IB1376;MUC;DSS;MAD;545;570;140;1111111;A321XLR|A321neo;367;1;0;0;0;0;0;338;82;155-275
9480;BA;BA1515+BA056;GVA;MEX;LHR;505;1110;265;1111111;A320neo|A350-1000;593;1;0;1;1;0;0;549;74;100-745
9481;TK;TK1137+TK1012;DOH;ORY;IST;600;695;220;1111111;A320neo|A321neo;374;1;1;1;0;0;1;334;79;250-225
9482;AF;AF013+AF1104;JFK;OPO;CDG;1375;685;115;1111111;Boeing 777-300ER|A321;415;1;0;1;0;1;0;502;75;440-130
9483;TK;TK039+TK022;JFK;DEL;IST;1105;1370;430;1111111;A350-900|Boeing 777-300ER;645;1;1;1;0;1;1;735;75;590-350
9484;AA;AA1015+CX039;LAX;HKG;JFK;1250;1845;540;1111111;Boeing 777-300ER|A350-900;742;1;0;1;1;0;0;1026;73;305-1000
9485;LX;LX625+LX1434;SFO;AMS;ZRH;1175;915;130;1111111;A330-300|A321neo;632;1;0;1;0;0;0;660;67;700-85
9486;AF;AF1135+AF064;VIE;MEX;CDG;555;1070;180;1111111;A320|A330-200;655;1;0;1;1;0;0;701;77;120-770
9487;LH;LH1049+LH408;BER;DXB;FRA;605;685;245;1111111;A321|A350-900;362;1;0;1;0;0;0;308;64;70-370
9488;IB;IB1315+IB514;MXP;CUN;MAD;550;950;150;1111111;A321XLR|A330-300;535;1;0;1;1;0;0;614;85;125-675
9489;IB;IB1303+CX023;OPO;HKG;MAD;610;1305;450;1111111;A320neo|Boeing 777-300ER;669;1;0;1;0;1;0;720;78;65-790
9490;BA;BA1467+BA014;MAD;JNB;LHR;450;1110;290;1111111;A321neo|A350-1000;538;1;0;1;1;0;0;600;71;125-695
9491;IB;IB1250+CX019;MAD;HKG;AMS;735;1130;295;1111111;A321XLR|A350-1000;675;1;0;1;1;1;0;629;80;140-695
9492;AF;AF063+AF044;YUL;HND;CDG;1335;1395;140;1111111;A350-900|A330-200;616;1;1;1;1;1;0;933;80;415-840
9493;AA;AA018+BA1456;JFK;MUC;LHR;1205;840;325;1111111;Boeing 787-9|A321neo;481;1;0;1;1;1;0;382;68;420-95
9494;KL;KL517+KL1226;LAX;TLS;AMS;1165;895;115;1111111;A330-300|Embraer 195-E2;605;1;0;1;0;1;0;666;73;670-110
9495;LH;LH1031+LH1078;LHR;MXP;FRA;750;310;160;1111111;A320neo|A320neo;135;1;0;0;0;0;0;96;70;80-70
9496;AF;AF1041+AF1182;LHR;ALG;CDG;490;445;255;1111111;A318|A220-300;170;1;0;1;1;0;0;150;75;55-135
9497;KL;KL525+KL1324;CUN;DUB;AMS;1160;1075;360;1111111;A330-300|Embraer 195-E2;499;1;0;1;0;0;0;601;68;615-100
9498;TK;TK1057+TK030;BER;HKG;IST;610;1040;275;1111111;A320neo|A330-300;566;1;1;1;0;1;1;634;70;160-605
9499;SN;SN1252+LX1462;BRU;OPO;ZRH;550;410;175;1111111;A320|A321neo;170;1;0;1;0;0;0;151;75;70-165
9500;AI;AI026+LH1205;DEL;MUC;VIE;650;740;205;0111011;Boeing 777-300ER|A321;420;1;0;1;1;0;0;396;65;470-65
9501;KL;KL1277+KL516;BCN;LAX;AMS;480;1065;205;1111111;Boeing 737-900|A330-300;586;1;0;1;1;0;0;706;73;125-735
9502;TK;TK1060+AC039;IST;YUL;MAD;615;825;100;1111111;A321neo|A330-300;503;1;1;1;1;1;1;543;67;250-475
9503;AZ;AZ1078+LX606;FCO;DEL;ZRH;535;1040;495;1001001;A320neo|A330-300;457;1;0;1;0;1;0;458;66;90-455
9504;KL;KL1245+KL508;LHR;ICN;AMS;950;860;65;1111111;Embraer 195-E2|Boeing 777-300ER;546;1;0;1;1;0;0;587;70;60-735
9505;LH;LH1211+LH1188;DUB;MXP;MUC;580;480;285;1111111;Embraer 190|A320neo;156;1;0;0;0;1;0;170;70;130-65
9506;LX;LX1413+LX606;LYS;DEL;ZRH;1025;550;40;1001001;A320neo|A330-300;488;1;0;1;0;1;0;427;66;55-455
9507;DL;DL055+DL1412;CPH;LAX;JFK;815;1010;130;1111111;A330-900neo|Boeing 767-400ER;611;1;0;1;1;0;1;704;81;530-350
9508;BA;BA1429+BA030;TLS;BKK;LHR;1060;980;190;1111111;A321neo|Boeing 777-300ER;664;1;0;1;1;1;0;697;72;100-690
9509;UA;UA1405+AZ109;LAX;FCO;SFO;635;1300;475;1111111;Boeing 737 MAX 9|A330-900neo;664;1;0;1;0;0;1;595;83;80-745
9510;BA;BA025+BA1524;MLE;BRU;LHR;620;875;120;1111111;A380-800|A321neo;545;1;0;1;1;0;0;668;67;700-55
9511;LH;LH1049+SQ025;BER;SIN;FRA;605;1235;430;1111111;A321|A380-800;624;1;0;1;1;0;0;811;67;70-735
9512;OS;OS401+LH1095;MLE;FRA;VIE;630;755;65;1100100;Boeing 787-9|A321;560;1;0;1;0;0;0;459;66;600-90
9513;MS;MS1409+MS606;AMS;DEL;CAI;605;825;230;0101010;Boeing 737-800|Boeing 777-300ER;368;1;1;1;0;0;0;549;69;260-335
9514;NH;NH026+TK1074;HND;OPO;IST;125;1345;205;1111111;Boeing 777-300ER|Boeing 737 MAX 8;724;1;1;1;1;1;1;791;78;860-280
9515;OS;OS1022+UA019;VIE;SFO;FRA;605;945;110;1111111;A320|Boeing 777-300ER;634;1;0;1;1;0;0;657;83;90-745
9516;BA;BA059+BA1438;GRU;AMS;LHR;1170;890;105;1111111;A380-800|A319;642;1;0;1;1;1;0;744;69;725-60
9517;LH;LH1049+LH424;BER;LAX;FRA;605;965;135;1111111;A321|Boeing 747-8;577;1;0;1;1;0;0;740;67;70-760
9518;SQ;SQ023+SQ1006;AMS;BKK;SIN;1100;1145;255;1111111;A380-800|Boeing 737 MAX 8;650;1;1;1;1;1;1;905;79;750-140
9519;LX;LX1529+LX1520;ATH;LIS;GVA;795;465;130;1111111;A320neo|A321neo;247;1;0;1;0;0;0;242;69;180-155
9520;IB;IB513+IB1218;MEX;NCE;MAD;1185;1070;305;1111111;A350-900|A321XLR;578;1;0;1;1;0;0;575;83;665-100
9521;DL;DL1413+DL1424;LAX;YUL;JFK;1095;710;330;1111111;Boeing 767-400ER|A321neo;364;1;0;0;1;0;1;411;83;305-75
9522;LH;LH1211+LH460;DUB;MEX;MUC;580;1000;55;1101010;Embraer 190|A350-900;586;1;0;1;0;0;0;676;67;130-815
9523;AA;AA045+AA1032;DUB;MIA;JFK;835;770;150;1111111;Boeing 777-300ER|Boeing 737-800;456;1;0;1;1;0;1;472;69;445-175
9524;LH;LH415+LH1008;SIN;CDG;FRA;625;1055;150;1111111;A340-600|A319;610;1;0;1;1;0;0;813;67;835-70
9525;OS;OS1003+AI027;CDG;DEL;VIE;815;795;275;1011101;A321|Boeing 777-300ER;468;1;0;1;1;0;0;464;72;105-415
9526;EK;EK017+EK098;CDG;HKG;DXB;915;1235;400;1111111;A380-800|A350-900;666;1;1;1;1;1;1;715;77;395-440
9527;IB;IB1293+IB518;LIS;EZE;MAD;470;1090;225;1011111;A321neo|A330-300;635;1;0;1;1;0;0;699;85;70-795
9528;LH;LH429+LH418;YUL;ICN;FRA;1185;1795;620;1111111;A340-600|A340-600;693;1;1;1;0;1;0;1076;64;440-735
9529;LX;LX1445+LX628;BER;GRU;ZRH;565;1005;155;0110110;A320neo|A330-300;775;1;0;1;1;1;0;679;72;90-760
9530;KL;KL1257+KL530;MUC;JNB;AMS;520;965;180;1111111;Boeing 737-800|Boeing 777-300ER;563;1;0;1;0;0;0;653;70;90-695
9531;KL;KL1301+KL502;MXP;DXB;AMS;825;695;205;1111111;Embraer 195-E2|Boeing 777-300ER;375;1;0;1;0;1;0;403;79;100-390
9532;AF;AF1081+AF048;MAD;MIA;CDG;525;845;110;1111111;A318|Boeing 777-300ER;461;1;0;1;0;0;0;586;83;110-625
9533;AC;AC050+TK1093;YUL;IST;GVA;1215;870;255;1010101;Boeing 787-9|Boeing 737 MAX 8;541;1;1;1;1;0;1;450;72;445-170
9534;LH;LH1180+AC047;MUC;YUL;FCO;510;900;250;1111111;A319|Boeing 777-300ER;438;1;0;1;1;1;0;501;72;95-555
9535;KL;KL1327+KL530;PRG;JNB;AMS;575;910;120;1111111;Boeing 737-800|Boeing 777-300ER;567;1;0;1;0;0;0;657;70;95-695
9536;EK;EK105+EK056;HND;OPO;DXB;1250;1385;200;1111111;Boeing 777-300ER|A350-900;771;1;1;1;1;1;1;847;78;670-515
9537;BA;BA177+AA1034;LHR;MIA;JFK;870;855;200;1111111;Boeing 777-300ER|A321;482;1;0;1;1;1;0;501;69;480-175
9538;QR;QR089+QR046+IB1210;SYD;ORY;DOH-MAD;1220;1705;80-85;1111111;A350-1000|Boeing 777-300ER|A321XLR;899;1;0;1;1;1;0;1109;80;975-460-105
9539;SQ;SQ036+LH1099;SIN;FRA;CPH;575;1000;105;1111111;A350-900|A319;742;1;0;1;1;0;0;612;64;805-90
9540;LH;LH1029+LH1118;LHR;TUN;FRA;580;545;320;1111111;Embraer 190|A320neo;182;1;0;0;1;1;0;189;63;80-145
9541;LH;LH1001+LH400;CDG;JFK;FRA;450;745;150;1111111;A319|Boeing 747-8;437;1;0;1;0;1;0;507;64;65-530
9542;LH;LH1081+LH436;ZRH;EZE;FRA;595;1125;170;1111111;A320neo|A350-900;746;1;0;1;0;1;0;652;67;55-900
9543;BA;BA1451+BA1564;FRA;RAK;LHR;940;395;85;1111111;A320neo|A320neo;232;1;0;0;0;0;0;209;69;90-220
9544;BA;BA1453+QF015;FRA;SYD;LHR;1160;1450;105;1111111;A321neo|Boeing 787-9;999;1;0;1;0;1;0;984;67;90-1255
9545;IB;IB1369+IB1230;ALG;TLS;MAD;620;530;355;1111111;A321neo|A321XLR;118;1;0;0;0;0;0;106;82;100-75
9546;BA;BA027+BA1564;DEL;RAK;LHR;620;985;205;1111111;Boeing 777-300ER|A320neo;529;1;0;1;1;0;0;592;65;560-220
9547;KL;KL642+KL500;JFK;DXB;AMS;1050;1115;285;1111111;Boeing 777-300ER|Boeing 787-10;670;1;1;1;0;1;0;662;69;440-390
9548;LH;LH1015+LH424;LYS;LAX;FRA;590;980;145;1111111;A320neo|Boeing 747-8;580;1;0;1;0;0;0;743;61;75-760
9549;AF;AF1183+AF028;ALG;MLE;CDG;860;935;200;1111111;A220-300|A350-900;521;1;0;1;0;1;0;567;73;135-600
9550;LX;LX1478+AI025;ZRH;DEL;CPH;585;1050;515;1011101;A321neo|Boeing 787-8;512;1;0;1;0;0;0;399;72;100-435
9551;AA;AA1023+AT505;MIA;CMN;JFK;575;1050;450;1111111;A321|Boeing 787-8;512;1;0;1;1;0;0;457;70;170-430
9552;AZ;AZ1011+MS1429;NCE;CAI;FCO;840;420;165;1111111;A320neo|Boeing 737-800;218;1;0;1;0;0;0;211;67;65-190
9553;AF;AF1061+AF1026;FRA;TLS;CDG;510;330;175;1111111;A321|A320;126;1;0;1;1;0;0;105;76;70-85
9554;TK;TK1065+TK032;BCN;ICN;IST;620;1100;230;1111111;A320neo|A330-300;596;1;1;1;1;0;1;664;74;195-675
9555;SN;SN1227+TG031;BER;BKK;BRU;565;1265;505;1111111;A319|Boeing 777-300ER;616;1;0;1;0;0;0;666;73;90-670
9556;AF;AF1131+AF1168;GVA;CMN;CDG;865;425;170;1111111;A321|A220-300;181;1;0;1;1;1;0;171;75;65-190
9557;LH;LH425+OS1025;LAX;VIE;FRA;1185;850;75;1111111;Boeing 747-8|Embraer 195;645;1;0;1;1;0;0;759;65;695-80
9558;NH;NH026+TK1102;HND;DUB;IST;125;1320;200;1111111;Boeing 777-300ER|Boeing 737 MAX 8;719;1;1;1;1;1;1;779;80;860-260
9559;AT;AT1235+AT508;MAD;YUL;CMN;545;780;195;1111111;Boeing 737 MAX 8|Boeing 787-9;362;1;1;1;0;0;0;383;63;100-485
9560;KE;KE014+SK1205;ICN;CPH;CDG;610;1080;130;1111111;A330-300|A320neo;573;1;0;1;1;0;0;665;72;845-105
9561;EK;EK077+EK090;PRG;BKK;DXB;910;1010;275;1111111;Boeing 777-300ER|A380-800;614;1;1;1;1;0;1;657;79;345-390
9562;AA;AA056+CX023;MIA;HKG;MAD;1195;1860;545;1111111;Boeing 787-9|Boeing 777-300ER;821;1;1;1;1;1;0;1071;77;525-790
9563;TK;TK017+TK1030;ABJ;LHR;IST;1325;780;135;1111111;A350-900|Boeing 737 MAX 8;377;1;1;1;1;1;1;448;70;400-245
9564;EK;EK061+EK096;FCO;DPS;DXB;1125;1175;265;1111111;A380-800|A350-900;809;1;1;1;1;1;1;734;85;335-575
9565;TG;TG024+LH1168;BKK;MAD;MUC;625;1020;145;1111111;Boeing 787-9|A319;653;1;0;1;1;0;0;630;65;720-155
9566;EI;EI1417+EI1450;LHR;PMI;DUB;510;485;255;1111111;A320neo|A320neo;172;1;0;0;0;1;0;151;80;70-160
9567;LH;LH1187+LH452;MXP;MIA;MUC;590;920;180;0101010;Embraer 190|Boeing 747-8;514;1;0;1;1;0;0;639;69;60-680
9568;EK;EK047+EK098;MAD;HKG;DXB;685;1465;605;1111111;A350-900|A350-900;671;1;1;1;1;1;1;632;76;420-440
9569;BA;BA051+BA1552;SFO;ATH;LHR;1165;1050;195;1111111;A350-1000|A320neo;653;1;0;1;0;1;0;633;75;645-210
9570;BA;BA023+BA1456;DOH;MUC;LHR;385;700;160;1111111;Boeing 787-9|A321neo;367;1;0;1;0;1;0;365;69;445-95
9571;AC;AC042+LH1177;YUL;MUC;LIS;1210;935;360;1111111;Boeing 777-300ER|A319;433;1;0;1;1;0;0;499;66;395-180
9572;TK;TK025+TK1074;BKK;OPO;IST;110;1240;335;1111111;Boeing 787-9|Boeing 737 MAX 8;588;1;1;1;1;1;1;619;73;625-280
9573;AZ;AZ1081+AZ1122;ZRH;ALG;FCO;855;325;130;1111111;A321|A321;153;1;0;0;1;0;0;166;77;85-110
9574;LH;LH1182+AZ1102;MUC;ATH;FCO;810;435;235;1111111;Embraer 190|A320neo;161;1;0;0;1;0;0;164;71;95-105
9575;AF;AF017+AF1032;ABJ;BOD;CDG;1345;730;260;1111111;Boeing 777-300ER|A321;385;1;0;1;1;0;0;371;78;395-75
9576;KL;KL1251+KL1278;FRA;BCN;AMS;505;315;120;1111111;Embraer 195-E2|Boeing 737-800;158;1;0;0;0;0;0;155;70;65-130
9577;QR;QR026+AA015;DOH;JFK;LHR;270;1065;140;1111111;A380-800|Boeing 777-200ER;669;1;1;1;1;1;1;806;69;445-480
9578;KL;KL1301+KL512;MXP;HND;AMS;825;1240;335;1111111;Embraer 195-E2|Boeing 777-300ER;644;1;0;1;0;1;0;673;72;100-805
9579;NH;NH042+TG018;HND;LHR;BKK;1120;1335;150;1111111;Boeing 787-9|Boeing 787-9;652;1;1;1;1;1;0;773;82;405-780
9580;LX;LX1424+NH019;ZRH;HND;LHR;500;1190;255;1111111;A320neo|Boeing 777-300ER;710;1;0;1;1;1;0;690;73;105-830
9581;AA;AA068+BA026;LAX;DEL;LHR;1295;1300;150;1111111;Boeing 777-300ER|Boeing 777-300ER;805;1;1;1;1;0;0;1007;71;655-495
9582;AF;AF1125+KE015;ZRH;ICN;CDG;850;1060;220;1111111;A321|A330-300;600;1;0;1;0;0;0;628;79;75-765
9583;LX;LX1407+LX620;NCE;MIA;ZRH;590;890;160;1111111;A220-300|Boeing 777-300ER;595;1;0;1;0;0;0;547;74;65-665
9584;AF;AF009+AF1122;JFK;ZRH;CDG;1125;580;75;1111111;A350-900|A320;413;1;0;1;0;1;0;366;72;440-65
9585;AF;AF045+AF048;HND;MIA;CDG;145;1705;175;1111111;A330-200|Boeing 777-300ER;668;1;1;1;0;1;0;1110;74;905-625
9586;AF;AF1015+AF024;MRS;DXB;CDG;480;630;145;1111111;A320|A330-200;419;1;0;1;1;1;0;406;83;90-395
9587;NH;NH042+TG030;HND;BRU;BKK;1120;1820;660;1111111;Boeing 787-9|Boeing 777-300ER;665;1;1;1;0;1;0;853;82;405-755
9588;EK;EK101+EK086;ICN;ABJ;DXB;1085;1555;435;1111111;A380-800|A350-900;783;1;1;1;1;1;1;868;73;575-545
9589;LH;LH1155+LH452;AMS;MIA;MUC;505;1005;240;0101010;Embraer 190|Boeing 747-8;551;1;0;1;1;0;0;668;62;85-680
9590;AZ;AZ1002+AI015;FCO;DEL;CDG;720;945;340;1111111;A220-100|Boeing 777-300ER;430;1;0;1;0;1;0;519;65;120-485
9591;IB;IB1217+IB1362;NCE;RAK;MAD;830;430;205;1111111;A321neo|A321XLR;174;1;0;0;1;0;0;170;90;110-115
9592;TK;TK025+TK038;BKK;JFK;IST;110;1530;235;1111111;Boeing 787-9|A350-900;817;1;1;1;0;1;1;848;73;625-670
9593;LX;LX601+LX622;JNB;LAX;ZRH;1305;1765;325;1101111;A340-300|A340-300;1024;1;1;1;0;1;0;1342;70;660-780
9594;AZ;AZ1001+AZ108;CDG;SFO;FCO;495;1150;230;1111111;A321|A330-900neo;555;1;0;1;1;0;0;659;76;110-810
9595;LH;LH1084+LX1528;FRA;ATH;GVA;600;355;125;1111111;A320neo|A320neo;195;1;0;1;0;1;0;155;72;70-160
9596;LH;LH405+LH1120;JFK;ALG;FRA;1315;745;120;1111111;Boeing 787-9|A320neo;485;1;0;1;1;1;0;442;67;465-160
9597;LH;LH1157+LH442;AMS;BKK;MUC;825;965;245;1111111;A320neo|A340-600;556;1;0;1;1;1;0;714;65;85-635
9598;BA;BA174+BA1430;JFK;BOD;LHR;1190;635;120;1111111;A380-800|A319;414;1;0;1;1;0;0;488;71;420-95
9599;TG;TG1200+AI1404;BKK;DOH;DEL;615;585;95;1111111;A320neo|A321neo;384;1;1;1;0;1;0;369;73;255-235
9600;EK;EK089+EK094;JNB;SIN;DXB;1140;1085;130;1111111;A380-800|A350-900;585;1;1;1;1;1;1;799;74;500-455
9601;IB;IB1353+AA029;CMN;JFK;MAD;530;690;100;1111111;A321XLR|Boeing 777-300ER;414;1;0;1;1;0;0;447;81;95-495
9602;QR;QR085+QR066;ICN;CMN;DOH;1120;1595;500;1111101;Boeing 777-300ER|A350-1000;714;1;1;1;1;1;1;771;90;600-495
9603;SN;SN503+SN1242;ABJ;FCO;BRU;1290;770;245;0011011;A330-300|A320;395;1;0;1;1;0;0;451;68;410-115
9604;LH;LH1011+LH436;NCE;EZE;FRA;605;1115;125;1111111;A319|A350-900;730;1;0;1;0;0;0;700;64;90-900
9605;BA;BA053+BA1566;YUL;CAI;LHR;1095;920;250;1111111;A350-1000|A321neo;562;1;0;1;1;1;0;522;68;395-275
9606;OS;OS1071+OS1004;IST;CDG;VIE;1075;315;65;1111111;A320|A320;185;1;0;0;0;0;0;226;76;130-120
9607;CX;CX023+CX1004;MAD;BKK;HKG;1185;1085;125;1111111;Boeing 777-300ER|A321neo;731;1;1;1;1;1;0;796;78;790-170
9608;SQ;SQ1000+AI1402;SIN;DXB;DEL;785;675;105;1111111;A350-900|A321neo;479;1;1;1;0;0;0;426;63;350-220
9609;BA;BA1437+IB1243;AMS;MAD;LHR;600;320;125;1111111;A321neo|A321XLR;158;1;0;0;0;1;0;136;75;65-130
9610;KL;KL509+KL1226;ICN;TLS;AMS;595;1045;125;1111111;Boeing 777-300ER|Embraer 195-E2;625;1;0;1;0;1;0;640;75;810-110
9611;LH;LH1190+LX1498;MUC;CAI;ZRH;600;435;160;1111111;A320neo|A220-300;237;1;0;1;0;1;0;206;68;55-220
9612;IB;IB1373+IB1370;CAI;ALG;MAD;605;610;220;1111111;A320neo|A321XLR;242;1;0;0;1;1;0;286;85;300-90
9613;AF;AF1077+AF046;BER;HND;CDG;870;1280;340;1111111;A318|Boeing 777-300ER;583;1;0;1;0;0;0;717;77;100-840
9614;LH;LH413+LH1102;BKK;DUB;FRA;605;925;70;1111111;A340-600|A320neo;634;1;0;1;1;1;0;764;66;735-120
9615;TP;TP1276+LX616;LIS;ICN;ZRH;820;1000;90;1010101;A321neo|A330-300;643;1;0;1;1;0;0;684;65;160-750
9616;QR;QR089+QR036;SYD;LGW;DOH;1220;1510;90;1111111;A350-1000|Boeing 777-300ER;1015;1;1;1;1;1;1;1015;80;975-445
9617;AF;AF1075+AF052;BER;LAX;CDG;555;930;80;1111111;A321|Boeing 777-300ER;646;1;0;1;1;0;0;677;83;100-750
9618;IB;IB1289+IB510;PMI;SFO;MAD;625;990;145;1111111;A321neo|A330-200;662;1;0;1;1;1;0;652;80;80-765
9619;AC;AC014+OS1001;YUL;VIE;CDG;1070;625;105;1111111;Boeing 787-9|Embraer 195;454;1;0;1;1;0;0;405;76;415-105
9620;AF;AF045+AF1098;HND;LIS;CDG;145;1330;275;1111111;A330-200|A321;683;1;0;1;1;0;0;778;74;905-150
9621;TP;TP1202+LH1131;LIS;MUC;CDG;720;480;255;1111111;A320neo|A321;190;1;0;0;0;0;0;192;61;140-85
9622;UA;UA022+LX1412;SFO;LYS;ZRH;1150;845;85;1001001;Boeing 777-300ER|A320neo;671;1;0;1;0;1;0;637;70;700-60
9623;IB;IB1237+IB504;NTE;JFK;MAD;610;830;240;1111111;A321neo|A330-200;447;1;0;1;1;0;0;438;82;95-495
9624;MS;MS608+TG040;CAI;SYD;BKK;1170;1465;330;1111111;A330-300|Boeing 777-300ER;686;1;1;1;0;1;0;962;64;555-580
9625;TG;TG032+TK1092;BKK;GVA;IST;115;1160;340;1111111;Boeing 787-9|Boeing 737 MAX 8;563;1;1;1;0;0;0;537;71;625-195
9626;AT;AT511+AT1204;GRU;ORY;CMN;1210;1005;245;1111111;Boeing 787-9|Boeing 737 MAX 8;517;1;1;1;0;1;0;539;60;580-180
9627;SN;SN1257+SN1216;VIE;LHR;BRU;785;395;220;1111111;A320|A320;150;1;0;0;0;0;0;127;71;110-65
9628;QR;QR030+BA1428;DOH;TLS;LHR;485;855;315;1111111;Boeing 787-9|A321neo;413;1;0;1;1;1;0;360;66;445-95
9629;IB;IB509+AT1239;LAX;CMN;MAD;1195;960;170;1111111;A330-200|Boeing 737 MAX 8;604;1;1;1;0;0;0;683;69;690-100
9630;LH;LH457+LH1130;SFO;CDG;MUC;1165;995;195;1101110;A340-600|A321;593;1;0;1;1;0;0;774;71;705-95
9631;AF;AF1177+KE015;TUN;ICN;CDG;845;1065;150;1111111;A318|A330-300;634;1;0;1;0;0;0;729;84;150-765
9632;IB;IB1369+IB1334;ALG;VIE;MAD;620;400;135;1111111;A321neo|A321neo;173;1;0;0;0;0;0;182;82;100-165
9633;AA;AA028+IB1368;JFK;ALG;MAD;1120;670;150;1111111;Boeing 777-300ER|A321neo;515;1;0;1;1;1;0;435;70;430-90
9634;LX;LX1440+MS1415;ZRH;CAI;MUC;570;465;200;1111111;A220-300|A320neo;238;1;0;1;0;0;0;198;62;50-215
9635;BA;BA1415+BA1534;LYS;CPH;LHR;510;460;260;1111111;A321neo|A320neo;161;1;0;0;1;1;0;146;72;100-100
9636;QF;QF014+BA1466;SYD;MAD;LHR;1095;1540;100;1111111;Boeing 787-9|A321neo;1009;1;0;1;1;0;0;1034;75;1310-130
9637;LH;LH425+LH1086;LAX;GVA;FRA;1185;840;75;1111111;Boeing 747-8|A321;593;1;0;1;0;0;0;743;62;695-70
9638;AF;AF045+AF1004;HND;NCE;CDG;145;1155;165;1111111;A330-200|A320;657;1;0;1;0;0;0;700;74;905-85
9639;OS;OS1026+LH456;VIE;SFO;MUC;590;985;155;1011101;A321|A340-600;594;1;0;1;0;0;0;741;65;65-765
9640;UA;UA024+TG039;SFO;BKK;HND;780;1175;80;1111111;Boeing 777-300ER|Boeing 787-9;816;1;1;1;0;1;1;789;81;690-405
9641;LX;LX1426+AC033;ZRH;YUL;LHR;795;660;105;1111111;A321neo|Boeing 777-300ER;434;1;0;1;0;1;0;405;66;105-450
9642;BA;BA1549+QF015;PRG;SYD;LHR;1140;1470;95;1111111;A321neo|Boeing 787-9;964;1;0;1;1;1;0;1017;66;120-1255
9643;AZ;AZ115+AZ1054;HND;MAD;FCO;125;1235;155;1111111;A330-900neo|A321;668;1;0;1;0;0;0;673;78;935-145
9644;IB;IB1303+IB1350;OPO;IST;MAD;610;625;345;1111111;A320neo|A321neo;280;1;0;0;0;1;0;218;84;65-215
9645;TP;TP1297+OS1041;RAK;VIE;LIS;535;555;260;1111111;A321LR|A321;227;1;0;0;1;0;0;252;57;90-205
9646;BA;BA1491+BA1542;OPO;DUB;LHR;835;355;160;1111111;A321neo|A319;171;1;0;0;0;0;0;154;68;125-70
9647;TP;TP1326+OS1017;OPO;VIE;LHR;830;420;175;1111111;A321neo|Embraer 195;197;1;0;0;1;1;0;237;58;125-120
9648;TK;TK1041+TK020;LGW;MLE;IST;610;835;170;1111111;A320neo|Boeing 787-9;570;1;1;1;0;0;1;496;70;210-455
9649;DL;DL041+DL1410;LIS;LAX;JFK;700;920;105;1111111;Boeing 767-400ER|A330-900neo;599;1;0;1;1;1;1;671;78;465-350
9650;LH;LH1088+TG031;FRA;BKK;BRU;580;1250;520;1111111;Embraer 190|Boeing 777-300ER;573;1;0;1;1;1;0;632;68;60-670
9651;BA;BA1515+BA046;GVA;LAX;LHR;505;995;170;1111111;A320neo|Boeing 777-300ER;593;1;0;1;1;0;0;633;74;100-725
9652;QR;QR057+QR074;GVA;JNB;DOH;920;1285;430;0101011;A350-1000|Boeing 777-300ER;568;1;1;1;1;1;1;659;88;355-500
9653;IB;IB513+IB1328;MEX;GVA;MAD;1185;1020;250;1111111;A350-900|A321neo;569;1;0;1;1;0;0;580;82;665-105
9654;TP;TP1270+AZ1118;LIS;TUN;FCO;590;505;260;1111111;A320neo|A321;192;1;0;0;0;0;0;181;59;165-80
9655;KE;KE018+KL1226;ICN;TLS;AMS;585;1055;135;1111111;Boeing 787-9|Embraer 195-E2;563;1;0;1;0;1;0;551;80;810-110
9656;BA;BA1535+BA1482;CPH;BCN;LHR;820;515;290;1111111;A320neo|A321neo;171;1;0;0;0;0;0;179;77;110-115
9657;QR;QR037+QR084;LGW;ICN;DOH;930;1345;435;1111111;Boeing 777-300ER|Boeing 777-300ER;602;1;1;1;0;1;1;797;87;390-520
9658;AF;AF1117+AF014;MXP;DSS;CDG;550;640;195;1111111;A321|A330-200;372;1;0;1;1;0;0;334;78;85-360
9659;IB;IB1273+IB506;BCN;MIA;MAD;430;1020;340;1111111;A321neo|A330-200;535;1;0;1;0;1;0;503;88;75-605
9660;LX;LX1407+LX616;NCE;ICN;ZRH;590;1290;475;1010101;A220-300|A330-300;653;1;0;1;1;0;0;605;78;65-750
9661;LH;LH1023+SQ025;TLS;SIN;FRA;595;1245;415;1111111;A321|A380-800;691;1;0;1;1;0;0;858;68;95-735
9662;BA;BA172+BA1400;JFK;CDG;LHR;1130;555;80;1111111;Boeing 787-9|A320neo;373;1;0;1;1;1;0;332;70;420-55
9663;DL;DL1403+DL020;LAX;NCE;JFK;540;925;140;1111111;A350-900|Boeing 767-400ER;637;1;0;1;1;1;1;746;79;305-480
9664;IB;IB509+IB1226;LAX;MRS;MAD;1195;870;85;1111111;A330-200|A321XLR;597;1;0;1;1;1;0;677;86;690-95
9665;AF;AF1080+AM021;CDG;MEX;MAD;515;1095;220;1111111;A318|Boeing 787-8;609;1;0;1;0;0;0;601;72;115-760
9666;AZ;AZ1101+AZ1066;ATH;BCN;FCO;855;495;275;1111111;A220-100|A321;187;1;0;0;0;0;0;176;78;120-100
9667;AF;AF015+AF1158;DSS;ATH;CDG;1330;850;325;1111111;A330-200|A220-300;401;1;0;1;0;1;0;416;72;340-185
9668;AZ;AZ113+AZ1016;EZE;MRS;FCO;1210;1145;220;1101111;A330-900neo|A320neo;725;1;0;1;0;1;0;660;79;840-85
9669;LH;LH413+LH1024;BKK;TLS;FRA;605;900;60;1111111;A340-600|A319;579;1;0;1;0;1;0;762;66;735-105
9670;KL;KL1206+AF040;AMS;HKG;CDG;990;910;125;1111111;Boeing 737-800|A330-200;595;1;0;1;1;1;0;663;73;65-720
9671;BA;BA038+JL038;LHR;SYD;HND;775;1640;200;1111111;A350-1000|Boeing 777-300ER;866;1;1;1;0;1;0;1032;75;830-610
9672;BA;BA1431+BA036;BOD;HKG;LHR;585;1335;515;1111111;A319|A350-1000;632;1;0;1;1;0;0;600;73;95-725
9673;AZ;AZ1121+AZ118;ALG;DEL;FCO;615;1000;460;1111111;A320neo|A350-900;494;1;0;1;0;1;0;405;79;100-440
9674;KL;KL1327+KL514;PRG;MIA;AMS;575;865;140;1111111;Boeing 737-800|A330-300;521;1;0;1;0;0;0;554;72;95-630
9675;SK;SK1235+SK1230;BCN;BER;CPH;800;285;55;1111111;A321LR|A320neo;177;1;0;0;1;1;0;150;78;170-60
9676;BA;BA015+BA050;JNB;SFO;LHR;1300;1795;375;1111111;A350-1000|A350-1000;877;1;1;1;1;1;1;966;65;710-710
9677;LH;LH1011+LH424;NCE;LAX;FRA;605;965;115;1111111;A319|Boeing 747-8;635;1;0;1;0;0;0;768;64;90-760
9678;BA;BA1535+BA1432;CPH;BOD;LHR;820;400;195;1111111;A320neo|A320neo;178;1;0;0;1;0;0;144;76;110-95
9679;SQ;SQ1006+TG018;SIN;LHR;BKK;1085;1310;390;1111111;Boeing 737 MAX 8|Boeing 787-9;763;1;1;1;1;1;0;642;79;140-780
9680;AZ;AZ105+SQ031;MIA;SIN;FCO;1205;1730;360;1111111;A350-900|Boeing 787-10;891;1;1;1;0;1;0;1004;85;615-755
9681;BA;BA043+BA1518;ICN;GVA;LHR;600;1170;245;1111111;A350-1000|A319;592;1;0;1;0;0;0;559;75;835-90
9682;EK;EK1001+EK1016;ATH;DEL;DXB;600;520;75;1111111;Boeing 777-300ER|Boeing 777-300ER;452;1;1;1;1;0;1;436;76;255-190
9683;LH;LH1059+LH422;BCN;MIA;FRA;510;965;200;1111111;Embraer 190|Boeing 747-8;539;1;0;1;0;0;0;690;62;110-655
9684;BA;BA1505+BA040;MXP;HND;LHR;820;1340;405;1111111;A319|Boeing 787-9;662;1;0;1;0;0;0;617;67;105-830
9685;LX;LX1441+LX622;MUC;LAX;ZRH;570;1000;165;1111111;A220-300|A340-300;696;1;0;1;0;1;0;735;70;55-780
9686;AF;AF043+AF1132;ICN;GVA;CDG;640;1055;150;1111111;A330-200|A318;609;1;0;1;0;0;0;621;75;845-60
9687;LX;LX1524+AZ106;GVA;LAX;FCO;575;1085;170;1111111;A321neo|A350-900;716;1;0;1;0;1;0;616;74;85-830
9688;KL;KL521+KL1306;YUL;ZRH;AMS;1190;790;295;1111111;Boeing 777-300ER|Embraer 195-E2;456;1;0;1;0;0;0;408;77;415-80
9689;TP;TP1260+LX1453;LIS;ZRH;MAD;830;335;145;1111111;A321LR|A320neo;178;1;0;1;0;0;0;147;66;70-120
9690;SQ;SQ034+LX1450;SIN;MAD;ZRH;145;1230;255;1111111;Boeing 787-10|A220-300;755;1;0;1;0;1;0;667;67;840-135
9691;LH;LH429+LH1048;YUL;BER;FRA;1185;565;60;1111111;A340-600|A321;422;1;0;1;1;0;0;481;67;440-65
9692;TP;TP1250+LH1042;LIS;AMS;FRA;590;530;290;1111111;A321neo|A321;185;1;0;0;0;0;0;163;60;175-65
9693;AF;AF057+AF1106;SFO;OPO;CDG;1220;975;175;1111111;A330-200|A318;608;1;0;1;1;0;0;706;73;670-130
9694;LH;LH1059+LH1122;BCN;CAI;FRA;510;555;210;1111111;Embraer 190|Embraer 190;246;1;0;0;0;0;0;343;63;110-235
9695;SK;SK1255+SK208;DUB;HND;CPH;805;1000;130;1111111;A321LR|A350-900;575;1;0;1;1;1;0;580;74;120-750
9696;KL;KL1269+KL530;MAD;JNB;AMS;485;1000;165;1111111;Embraer 195-E2|Boeing 777-300ER;524;1;0;1;0;0;0;709;70;140-695
9697;BA;BA021+BA1482;DXB;BCN;LHR;845;670;90;1111111;A380-800|A321neo;400;1;0;1;0;1;0;507;71;465-115
9698;IB;IB1257+IB1360;FRA;RAK;MAD;550;420;155;1111111;A321XLR|A321neo;215;1;0;0;1;0;0;209;83;150-115
9699;KL;KL519+KL1312;SFO;GVA;AMS;1175;855;105;1111111;Boeing 777-300ER|Boeing 737-900;612;1;0;1;1;0;0;639;69;660-90
9700;LH;LH1069+LH412;OPO;BKK;FRA;830;915;110;1111111;A320neo|A340-600;624;1;0;1;0;0;0;784;64;155-650
9701;JL;JL014+BA1403;HND;LHR;CDG;85;1170;205;1111111;A350-1000|A321neo;653;1;0;1;1;0;0;559;79;905-60
9702;AF;AF049+AF1082;MIA;MAD;CDG;1105;845;180;1111111;Boeing 777-300ER|A220-300;502;1;0;1;1;0;0;569;78;550-115
9703;AF;AF069+AF040;PTP;HKG;CDG;1205;1835;605;1111111;A350-900|A330-200;869;1;1;1;1;1;0;993;80;510-720
9704;AZ;AZ101+AZ1048;JFK;BER;FCO;1115;925;295;1111111;A350-900|A320neo;459;1;0;1;0;0;0;474;83;510-120
9705;BA;BA1515+BA032;GVA;SIN;LHR;505;1105;230;1111111;A320neo|A350-1000;680;1;0;1;1;0;0;657;74;100-775
9706;BA;BA1473+BA1406;MAD;CDG;LHR;1005;275;95;1111111;A321neo|A320neo;152;1;0;0;1;1;0;134;67;125-55
9707;KL;KL1229+KL526;BOD;GRU;AMS;590;985;115;1111111;Embraer 195-E2|A330-300;575;1;0;1;1;0;0;713;73;100-770
9708;AF;AF1089+AF016;BCN;ABJ;CDG;520;730;230;1111111;A220-300|Boeing 777-300ER;368;1;0;1;1;1;0;391;78;95-405
9709;LX;LX1423+LX1494;NTE;IST;ZRH;795;410;160;1111111;A220-300|A320neo;231;1;0;1;0;0;0;181;71;90-160
9710;IB;IB1355+IB1328;CMN;GVA;MAD;850;335;135;1111111;A320neo|A321neo;187;1;0;0;1;0;0;158;82;95-105
9711;TK;TK1127+TK040;CAI;JFK;IST;530;1020;220;1111111;A321neo|Boeing 787-9;621;1;1;1;1;1;1;544;70;130-670
9712;EK;EK023+EK102;LYS;HND;DXB;900;1210;255;1111111;Boeing 777-300ER|A380-800;642;1;1;1;1;1;1;917;75;375-580
9713;AA;AA1003+AA026;LAX;CDG;JFK;555;1005;260;1111111;Boeing 777-300ER|Boeing 787-9;597;1;0;1;1;1;1;636;74;305-440
9714;AF;AF055+AF028;LAX;MLE;CDG;1325;1370;95;1111111;A350-900|A350-900;874;1;1;1;0;1;0;949;73;675-600
9715;AF;AF019+AF058;JNB;YUL;CDG;1355;1325;165;1111111;A330-200|A330-200;720;1;1;1;1;0;1;927;72;685-475
9716;BA;BA1551+BA054;ATH;YUL;LHR;580;920;235;1111111;A319|Boeing 787-9;510;1;0;1;1;0;0;479;66;235-450
9717;AF;AF027+AF1022;DXB;MRS;CDG;820;680;150;1111111;Boeing 777-300ER|A320;420;1;0;1;1;1;0;406;72;445-85
9718;AF;AF045+AF1118;HND;MXP;CDG;145;1260;280;1111111;A330-200|A318;637;1;0;1;1;1;0;691;74;905-75
9719;KL;KL517+KL1286;LAX;LIS;AMS;1165;975;115;1111111;A330-300|Boeing 737-900;579;1;0;1;0;0;0;730;73;670-190
9720;BA;BA1477+BA050;BCN;SFO;LHR;485;1110;280;1111111;A321neo|A350-1000;587;1;0;1;1;1;0;567;68;120-710
9721;QR;QR041+QR086;FRA;HND;DOH;945;1450;495;1111111;A380-800|Boeing 777-300ER;684;1;1;1;1;0;1;880;83;350-605
9722;AZ;AZ113+AZ1064;EZE;BCN;FCO;1210;1055;115;1101111;A330-900neo|A320neo;630;1;0;1;0;0;0;680;76;840-100
9723;KL;KL1200+AF016;AMS;ABJ;CDG;460;790;320;1111111;Boeing 737-800|Boeing 777-300ER;391;1;0;1;1;1;0;359;78;65-405
9724;AC;AC062+SN1275;YUL;BRU;ALG;1220;820;200;0111011;A330-300|A320;436;1;0;1;0;1;0;535;71;465-155
9725;DL;DL018+AF020;JFK;RUN;CDG;1305;1330;180;1111111;Boeing 767-400ER|Boeing 777-300ER;866;1;1;1;0;1;0;1045;75;440-710
9726;AF;AF1027+AF1138;TLS;VIE;CDG;740;515;330;1111111;A320|A318;168;1;0;1;1;0;0;164;74;80-105
9727;AF;AF1075+AF070;BER;FDF;CDG;555;885;200;1111111;A321|A350-900;483;1;0;1;1;0;0;461;77;100-585
9728;IB;IB1361+IB1332;RAK;BRU;MAD;850;345;105;1111111;A321neo|A321neo;227;1;0;0;1;0;0;200;83;110-130
9729;NH;NH039+NH018;SIN;LHR;HND;895;1485;175;1111111;Boeing 777-300ER|Boeing 777-300ER;708;1;1;1;1;1;1;968;85;420-890
9730;BA;BA1465+QF015;BER;SYD;LHR;1125;1485;120;1111111;A319|Boeing 787-9;894;1;0;1;1;1;0;1025;75;110-1255
9731;SK;SK1216+KL524;CPH;CUN;AMS;565;955;165;1111111;A321LR|A330-300;546;1;0;1;0;1;0;591;69;90-700
9732;LH;LH1191+MS1415;ZRH;CAI;MUC;585;450;185;1111111;A320neo|A320neo;244;1;0;1;0;0;0;198;62;50-215
9733;AF;AF1051+AF1110;AMS;FCO;CDG;485;375;200;1111111;A220-300|A321;154;1;0;1;1;0;0;144;79;65-110
9734;AF;AF1083+AF050;MAD;MIA;CDG;735;850;115;1111111;A220-300|A350-900;494;1;0;1;0;1;0;492;81;110-625
9735;KL;KL511+KL1270;HND;MAD;AMS;75;1265;245;1111111;Boeing 787-10|Boeing 737-900;623;1;0;1;1;0;0;655;72;870-150
9736;KL;KL1311+KL518;GVA;SFO;AMS;580;955;145;1111111;Embraer 195-E2|Boeing 777-300ER;614;1;0;1;0;0;0;628;72;90-720
9737;TK;TK1015+MS1451;NCE;CAI;IST;610;535;250;1111111;Boeing 737 MAX 8|A320neo;214;1;1;1;1;0;0;226;70;160-125
9738;LH;LH455+LH1142;LAX;MRS;MUC;1165;890;75;1111111;Boeing 747-8|Embraer 190;643;1;0;1;0;1;0;793;68;715-100
9739;AA;AA037+AA1032;FCO;MIA;JFK;740;925;170;1111111;Boeing 777-200ER|Boeing 737-800;544;1;0;1;1;0;1;654;73;580-175
9740;TP;TP1332+OS1053;OPO;VIE;ZRH;815;275;55;1111111;A321LR|A321;211;1;0;0;0;0;0;163;62;145-75
9741;AC;AC061+AC1204;CMN;LAX;YUL;855;950;115;1111111;A330-300|Boeing 777-300ER;588;1;0;1;1;0;1;687;73;485-350
9742;KL;KL1221+KL518;MRS;SFO;AMS;595;940;115;1111111;Boeing 737-900|Boeing 777-300ER;617;1;0;1;0;1;0;670;72;105-720
9743;AF;AF011+AF1136;JFK;VIE;CDG;1220;835;290;1111111;Boeing 787-9|A321;446;1;0;1;0;1;0;422;77;440-105
9744;QR;QR077+QR064;BKK;PRG;DOH;1135;1350;550;0101011;Boeing 777-300ER|A380-800;596;1;1;1;1;1;1;659;83;435-365
9745;LX;LX1423+LX1488;NTE;PRG;ZRH;795;325;165;1111111;A220-300|A320neo;155;1;0;1;0;0;0;107;76;90-70
9746;LH;LH459+LH1198;YUL;BRU;MUC;1170;590;45;1111111;A340-600|Embraer 190;426;1;0;1;1;1;0;520;68;460-85
9747;TP;TP1324+AI017;OPO;DEL;LHR;525;1160;540;1111111;A320neo|Boeing 787-8;498;1;0;1;1;1;0;477;66;125-495
9748;SQ;SQ040+TK1090;SIN;ZRH;IST;580;980;110;1111111;Boeing 787-10|Boeing 737 MAX 8;667;1;1;1;0;0;1;591;69;690-180
9749;EK;EK117+EK094;SFO;SIN;DXB;1265;1800;355;1111111;A380-800|A350-900;921;1;1;1;1;1;1;1292;74;990-455
9750;AZ;AZ115+LH1183;HND;MUC;FCO;125;1275;245;1111111;A330-900neo|Embraer 190;567;1;0;1;0;0;0;613;67;935-95
9751;IB;IB1321+IB1376;ZRH;DSS;MAD;540;575;165;1111111;A321XLR|A321neo;359;1;0;0;0;1;0;316;82;135-275
9752;EI;EI601+EI1406;JFK;NCE;DUB;1170;680;155;1111111;A321XLR|A320neo;414;1;0;1;0;0;0;402;74;390-135
9753;MS;MS1446+TK1102;CAI;DUB;IST;535;490;100;1111111;A220-300|Boeing 737 MAX 8;286;1;1;1;0;1;0;302;68;130-260
9754;AI;AI016+LH1035;DEL;FRA;LHR;645;830;190;1111111;Boeing 787-8|A319;435;1;0;1;0;0;0;433;65;560-80
9755;TU;TU1211+TU1268;NCE;CAI;TUN;595;420;140;1111111;A320neo|A319;220;1;1;1;0;1;0;235;54;95-185
9756;SQ;SQ015+SQ046;CDG;SYD;SIN;750;1610;355;1111111;Boeing 787-10|Boeing 787-10;1045;1;1;1;1;1;1;929;79;765-490
9757;JL;JL015+JL032;CDG;SIN;HND;795;1485;210;1111111;A350-1000|A350-1000;761;1;1;1;1;1;1;819;87;840-435
9758;AF;AF1061+KE015;FRA;ICN;CDG;510;1400;565;1111111;A321|A330-300;532;1;0;1;0;0;0;625;76;70-765
9759;AA;AA1025+JL027;MIA;HND;JFK;680;1510;475;1111111;Boeing 737-800|A350-1000;745;1;0;1;1;0;1;734;75;170-865
9760;DL;DL1421+DL066;MIA;DSS;JFK;590;1175;550;1111111;Boeing 757-200|A350-900;479;1;0;1;1;1;1;498;86;170-455
9761;IB;IB1241+IB508;LHR;LAX;MAD;485;1070;165;1111111;A321neo|A330-200;554;1;0;1;0;0;0;715;83;130-775
9762;LH;LH1101+LH1120;DUB;ALG;FRA;585;335;70;1111111;Embraer 190|A320neo;185;1;0;0;0;0;0;212;67;105-160
9763;KL;KL1259+KL502;MUC;DXB;AMS;810;710;230;1111111;Embraer 195-E2|Boeing 777-300ER;366;1;0;1;0;0;0;392;79;90-390
9764;SK;SK203+SK1248;MIA;GVA;CPH;1145;850;145;0111111;A330-300|A320neo;563;1;0;1;1;1;0;606;77;585-120
9765;BA;BA035+BA1474;SIN;MAD;LHR;700;1095;85;1111111;Boeing 787-9|A319;680;1;0;1;1;0;0;719;67;880-130
9766;LH;LH1083+LH418;ZRH;ICN;FRA;1060;840;50;1111111;A321|A340-600;551;1;0;1;0;1;0;667;64;55-735
9767;AT;AT507+AT1266;MIA;DUB;CMN;1185;940;220;0101010;Boeing 787-8|Boeing 737-800;408;1;1;1;0;0;0;558;63;510-210
9768;AF;AF1117+AF1098;MXP;LIS;CDG;550;445;210;1111111;A321|A321;175;1;0;1;1;0;0;207;82;85-150
9769;LH;LH1137+LH458;LYS;YUL;MUC;580;765;165;1111111;A319|A340-600;452;1;0;1;0;0;0;518;68;75-525
9770;LX;LX1423+LX612;NTE;HKG;ZRH;795;1040;255;1111111;A220-300|A340-300;667;1;0;1;0;0;0;758;71;90-695
9771;LH;LH1081+LH402;ZRH;JFK;FRA;595;745;160;1111111;A320neo|A340-600;430;1;0;1;0;1;0;487;68;55-530
9772;IB;IB1365+IB512;TUN;MEX;MAD;620;985;90;1111111;A321XLR|A350-900;629;1;0;1;0;0;0;601;78;135-760
9773;KE;KE015+KE1202;CDG;BKK;ICN;1145;1180;95;1111111;A330-300|A321neo;578;1;1;1;0;0;0;827;89;765-320
9774;LH;LH1147+LH442;BOD;BKK;MUC;835;955;215;1010101;A321|A340-600;601;1;0;1;0;0;0;761;62;105-635
9775;EK;EK047+EK106;MAD;SYD;DXB;685;1935;615;1111111;A350-900|A380-800;1021;1;1;1;1;1;1;1209;75;420-900
9776;LX;LX1407+LX628;NCE;GRU;ZRH;590;980;155;0110110;A220-300|A330-300;719;1;0;1;1;0;0;661;72;65-760
9777;SN;SN1216+NH021;BRU;HND;LHR;1115;1055;160;1111111;A320|Boeing 787-9;634;1;0;1;1;0;0;559;72;65-830
9778;EK;EK105+EK078;HND;CMN;DXB;1250;1415;225;1111111;Boeing 777-300ER|Boeing 777-300ER;796;1;1;1;1;1;1;911;73;670-520
9779;LH;LH1109+SQ025;ATH;SIN;FRA;825;1075;155;1111111;Embraer 190|A380-800;603;1;0;1;1;0;0;914;64;185-735
9780;LX;LX1455+LX622;BCN;LAX;ZRH;515;1055;185;1111111;A320neo|A340-300;653;1;0;1;0;1;0;785;65;90-780
9781;KL;KL1299+KL524;MXP;CUN;AMS;510;1010;210;1111111;Boeing 737-800|A330-300;595;1;0;1;0;0;0;618;69;100-700
9782;IB;IB1240+QR027;MAD;DOH;LHR;500;660;140;1111111;A321neo|A380-800;394;1;0;1;0;0;0;496;87;125-395
9783;AA;AA052+BA1490;MIA;OPO;LHR;1220;890;225;1111111;Boeing 777-300ER|A321neo;514;1;0;1;0;1;0;571;76;530-135
9784;OS;OS1061+OS402;DUB;BKK;VIE;840;850;85;1111111;Embraer 195|Boeing 787-9;648;1;0;1;0;0;0;598;77;155-610
9785;AF;AF1041+AF020;LHR;RUN;CDG;490;1005;240;1111111;A318|Boeing 777-300ER;634;1;0;1;0;0;0;644;75;55-710
9786;TK;TK1126+MS604;IST;JNB;CAI;530;845;220;1111111;A321neo|Boeing 787-9;503;1;1;1;0;1;0;448;69;125-500
9787;KL;KL1323+KL504;DUB;DEL;AMS;590;975;415;1111111;Boeing 737-800|A330-300;490;1;0;1;1;1;0;489;74;90-470
9788;AF;AF1159+AF040;ATH;HKG;CDG;625;1335;405;1111111;A220-300|A330-200;598;1;0;1;1;1;0;765;78;210-720
9789;AZ;AZ113+AZ1094;EZE;VIE;FCO;1210;1150;215;1101111;A330-900neo|A320neo;687;1;0;1;0;1;0;675;73;840-95
9790;AF;AF1135+AF054;VIE;LAX;CDG;555;1155;285;1111111;A320|A350-900;629;1;0;1;1;0;0;601;77;120-750
9791;KL;KL1241+KL1272;LHR;MAD;AMS;680;345;135;1111111;Boeing 737-900|Boeing 737-800;150;1;0;0;1;0;0;183;69;60-150
9792;AF;AF011+AF1182;JFK;ALG;CDG;1220;855;280;1111111;Boeing 787-9|A220-300;457;1;0;1;1;1;0;434;77;440-135
9793;TK;TK025+TK052;BKK;CUN;IST;110;1820;335;1111111;Boeing 787-9|A330-300;863;1;1;1;1;1;1;1088;72;625-860
9794;CX;CX019+JL1003;AMS;HND;HKG;1170;1125;195;1111111;A350-1000|Boeing 737-800;717;1;1;1;1;1;1;739;82;695-235
9795;BA;BA051+BA1560;SFO;CMN;LHR;1165;1055;205;1111111;A350-1000|A319;566;1;0;1;0;0;0;638;72;645-205
9796;UA;UA023+UA1412;ZRH;LAX;SFO;795;910;75;1100100;Boeing 777-300ER|Boeing 737 MAX 9;641;1;0;1;1;0;1;655;81;760-75
9797;BA;BA037+BA1524;HKG;BRU;LHR;625;1050;185;1111111;A350-1000|A321neo;633;1;0;1;1;0;0;555;70;810-55
9798;EK;EK1011+EK098;CAI;HKG;DXB;1040;1170;520;1111111;Boeing 777-300ER|A350-900;562;1;1;1;1;0;1;516;76;210-440
9799;AZ;AZ1027+AZ106;AMS;LAX;FCO;505;1155;200;1111111;A220-100|A350-900;616;1;0;1;0;0;0;666;76;125-830
9800;BA;BA047+BA1404;LAX;CDG;LHR;1090;855;145;1111111;Boeing 777-300ER|A319;551;1;0;1;0;0;0;604;71;655-55
9801;LH;LH1011+LH406;NCE;JNB;FRA;605;880;120;1001001;A319|A340-600;580;1;0;1;0;0;0;721;64;90-670
9802;BA;BA1421+BA058;MRS;GRU;LHR;505;1120;265;1111111;A319|A380-800;557;1;0;1;0;0;0;806;72;110-745
9803;BA;BA051+BA1432;SFO;BOD;LHR;1165;955;215;1111111;A350-1000|A320neo;569;1;0;1;0;1;0;533;76;645-95
9804;LH;LH435+LH1066;GRU;LIS;FRA;1180;1270;330;1101010;A350-900|A321;517;1;0;1;0;0;0;685;62;745-195
9805;AF;AF1050+KL1292;CDG;FCO;AMS;480;335;150;1111111;A220-300|Embraer 195-E2;150;1;0;1;1;1;0;142;73;60-125
9806;LH;LH1039+LH408;AMS;DXB;FRA;525;765;335;1111111;Embraer 190|A350-900;367;1;0;1;0;0;0;301;64;60-370
9807;LH;LH1145+NH025;TLS;HND;MUC;830;1130;225;1011111;A321|Boeing 787-9;653;1;0;1;0;0;0;607;63;100-805
9808;BA;BA1457+BA1406;MUC;CDG;LHR;810;470;305;1111111;A321neo|A320neo;119;1;0;0;1;1;0;108;67;110-55
9809;TK;TK1097+TK040;VIE;JFK;IST;595;895;105;1111111;A320neo|Boeing 787-9;494;1;1;1;1;1;1;541;70;120-670
9810;MS;MS1426+AZ1118;CAI;TUN;FCO;600;615;320;1111111;A220-300|A321;196;1;0;1;0;0;0;202;70;215-80
9811;AF;AF1183+AF1150;ALG;DUB;CDG;860;395;155;1111111;A220-300|A220-300;208;1;0;1;0;1;0;181;75;135-105
9812;LH;LH1105+LH1072;PRG;FCO;FRA;600;315;145;1111111;Embraer 190|Embraer 190;137;1;0;0;0;0;0;137;63;70-100
9813;UA;UA022+LX1488;SFO;PRG;ZRH;1150;870;100;1001001;Boeing 777-300ER|A320neo;643;1;0;1;0;0;0;652;76;700-70
9814;IB;IB1365+IB504;TUN;JFK;MAD;620;820;190;1111111;A321XLR|A330-200;489;1;0;1;1;0;0;481;86;135-495
9815;AZ;AZ1034+LH422;FCO;MIA;FRA;550;925;165;1111111;A220-100|Boeing 747-8;513;1;0;1;0;1;0;661;62;105-655
9816;AF;AF1109+AF1148;FCO;DUB;CDG;520;435;210;1111111;A320|A318;169;1;0;1;1;0;0;189;72;120-105
9817;LH;LH456+UA1414;MUC;LAX;SFO;810;1005;165;1011101;A340-600|A320;631;1;0;1;1;0;0;760;65;765-75
9818;EK;EK041+EK1018;AMS;DOH;DXB;1105;720;265;1111111;Boeing 777-300ER|Boeing 777-300ER;427;1;1;1;1;0;1;374;79;390-65
9819;OS;OS1042+AZ114;VIE;HND;FCO;600;1040;95;1111111;A320|A330-900neo;583;1;0;1;0;0;0;618;81;100-845
9820;AF;AF1041+AF016;LHR;ABJ;CDG;490;700;240;1111111;A318|Boeing 777-300ER;408;1;0;1;1;0;0;353;75;55-405
9821;OS;OS1031+OS406;BER;JFK;VIE;595;795;145;1111111;A320|Boeing 777-200ER;500;1;0;1;0;0;0;561;76;75-575
9822;LH;LH1097+LH432;CPH;CUN;FRA;610;935;120;1111111;A321|A350-900;567;1;0;1;0;1;0;538;63;90-725
9823;AC;AC1213+LH429;PTP;FRA;YUL;840;845;115;1111111;A321|A340-600;467;1;0;1;1;0;0;713;68;290-440
9824;SQ;SQ054+UA1414;SIN;LAX;SFO;1055;1180;90;1111111;Boeing 777-300ER|A320;975;1;0;1;1;0;1;937;72;1015-75
9825;AA;AA1008+QF025;JFK;SYD;LAX;910;1585;290;1111111;Boeing 777-300ER|A330-300;945;1;0;1;0;1;1;1102;75;350-945
9826;AF;AF1171+AF1164;RAK;IST;CDG;625;650;260;1111111;A318|A321;310;1;0;1;1;0;0;347;74;195-195
9827;KL;KL1307+KL502;ZRH;DXB;AMS;835;685;210;1111111;Embraer 195-E2|Boeing 777-300ER;381;1;0;1;0;1;0;387;78;85-390
9828;AZ;AZ1073+AZ112;MXP;EZE;FCO;540;1175;230;1011111;A320neo|A330-900neo;734;1;0;1;1;1;0;652;74;70-875
9829;AF;AF065+AF1078;MEX;BER;CDG;1210;1065;295;1111111;A330-200|A220-300;605;1;0;1;1;0;0;670;77;680-90
9830;CX;CX037+CX022;SYD;MAD;HKG;915;2165;690;1101010;Boeing 777-300ER|Boeing 777-300ER;1108;1;1;1;1;1;0;1164;77;590-885
9831;LH;LH427+LH1062;SFO;BCN;FRA;1185;965;160;1111111;A340-600|A321;603;1;0;1;0;0;0;793;65;685-120
9832;SK;SK201+SK1206;JFK;NCE;CPH;1150;645;35;1111111;A330-300|A320neo;451;1;0;1;1;1;0;519;72;470-140
9833;LX;LX1451+LX608;MAD;BKK;ZRH;795;995;220;1111111;A220-300|A330-300;704;1;0;1;0;0;0;693;75;120-655
9834;TG;TG028+LH1209;BKK;MUC;CPH;635;860;65;1111111;Boeing 787-9|A319;575;1;0;1;0;0;0;553;67;705-90
9835;AZ;AZ113+AZ1050;EZE;BER;FCO;1210;1250;290;1101111;A330-900neo|A321;688;1;0;1;0;0;0;727;82;840-120
9836;SQ;SQ040+LH1223;SIN;MUC;IST;580;945;90;1111111;Boeing 787-10|Embraer 190;664;1;0;1;0;0;0;598;73;690-165
9837;IB;IB1263+IB504;MUC;JFK;MAD;545;895;245;1111111;A321XLR|A330-200;435;1;0;1;0;0;0;500;84;155-495
9838;AF;AF1041+AF1136;LHR;VIE;CDG;490;425;265;1111111;A318|A321;144;1;0;1;0;0;0;138;75;55-105
9839;OS;OS1022+LH434;VIE;GRU;FRA;605;980;115;1010101;A320|A350-900;657;1;0;1;1;0;0;597;63;90-775
9840;KL;KL1245+KL512;LHR;HND;AMS;950;1055;190;1111111;Embraer 195-E2|Boeing 777-300ER;566;1;0;1;0;0;0;637;72;60-805
9841;AF;AF009+AF1158;JFK;ATH;CDG;1125;755;130;1111111;A350-900|A220-300;488;1;0;1;1;1;0;460;72;440-185
9842;LH;LH407+LH1100;JNB;DUB;FRA;1300;910;110;1100100;A340-600|Embraer 190;609;1;0;1;1;1;0;758;63;680-120
9843;AA;AA1025+AA1018;MIA;SFO;JFK;680;760;220;1111111;Boeing 737-800|Boeing 777-200ER;337;1;0;0;1;0;1;523;75;170-370
9844;AC;AC1211+AC044;CUN;OPO;YUL;840;745;110;1111111;A321|Boeing 787-9;458;1;0;1;1;0;1;518;64;245-390
9845;AZ;AZ1036+LH410;FCO;DEL;FRA;850;740;180;1111111;A320neo|Boeing 747-8;429;1;0;1;0;0;0;538;68;105-455
9846;UA;UA020+LH442;SFO;BKK;MUC;1155;1535;195;1111111;Boeing 787-10|A340-600;781;1;1;1;1;1;0;1173;67;705-635
9847;AF;AF021+KL1203;RUN;AMS;CDG;1340;985;190;1111111;Boeing 777-300ER|Embraer 195-E2;654;1;0;1;0;1;0;642;71;735-60
9848;AA;AA014+BA1508;JFK;ZRH;LHR;1060;685;170;1111111;Boeing 777-200ER|A321neo;468;1;0;1;1;1;0;480;70;420-95
9849;DL;DL1419+DL1424;SFO;YUL;JFK;1055;750;355;1111111;Boeing 767-400ER|A321neo;350;1;0;0;1;0;1;427;83;320-75
9850;AF;AF1177+AF026;TUN;DXB;CDG;845;695;150;1111111;A318|Boeing 777-300ER;354;1;0;1;1;0;0;489;75;150-395
9851;SK;SK205+SK1218;LAX;AMS;CPH;1165;845;75;0111111;A330-300|A320neo;626;1;0;1;1;1;0;640;79;680-90
9852;LX;LX1436+LH436;ZRH;EZE;FRA;575;1145;190;1111111;A321neo|A350-900;826;1;0;1;0;0;0;652;67;55-900
9853;KL;KL1331+KL516;ATH;LAX;AMS;590;1015;65;1111111;Boeing 737-800|A330-300;690;1;0;1;0;0;0;757;72;215-735
9854;BA;BA1541+BA1568;DUB;CAI;LHR;825;490;150;1111111;A321neo|A319;337;1;0;0;1;0;0;320;67;65-275
9855;AZ;AZ1061+AZ106;BCN;LAX;FCO;495;1165;245;1111111;A321|A350-900;664;1;0;1;0;0;0;642;75;90-830
9856;UA;UA020+LH1174;SFO;BCN;MUC;1155;1000;175;1111111;Boeing 787-10|A321;660;1;0;1;0;0;0;625;66;705-120
9857;SK;SK1203+SK208;CDG;HND;CPH;805;1060;205;1111111;A321LR|A350-900;549;1;0;1;1;0;0;560;74;105-750
9858;AF;AF1099+AF1066;LIS;FRA;CDG;855;360;155;1111111;A321|A320;196;1;0;1;0;0;0;192;71;140-65
9859;BA;BA1437+BA032;AMS;SIN;LHR;600;1010;170;1111111;A321neo|A350-1000;663;1;0;1;0;1;0;625;75;65-775
9860;TP;TP209+TP1200;YUL;CDG;LIS;1175;600;65;1111111;A321LR|A321LR;387;1;0;1;1;1;0;409;56;395-140
9861;AF;AF1005+AF028;NCE;MLE;CDG;725;1070;375;1111111;A320|A350-900;556;1;0;1;0;0;0;521;73;95-600
9862;TP;TP203+TP1210;JFK;ORY;LIS;1280;625;85;1111111;A321LR|A320neo;425;1;0;1;0;1;0;416;62;405-135
9863;AA;AA073+AA1005;SYD;JFK;LAX;775;1295;90;1111111;Boeing 777-200ER|Boeing 787-9;941;1;0;1;1;1;1;1169;77;900-305
9864;TK;TK1065+TK022;BCN;DEL;IST;620;775;230;1111111;A320neo|Boeing 777-300ER;474;1;1;1;1;1;1;446;74;195-350
9865;LH;LH461+LH1212;MEX;DUB;MUC;1185;1045;175;0110101;A350-900|A320neo;547;1;0;1;1;1;0;654;65;725-145
9866;KL;KL1307+KL1286;ZRH;LIS;AMS;835;405;130;1111111;Embraer 195-E2|Boeing 737-900;173;1;0;0;1;0;0;198;78;85-190
9867;AA;AA1055+CX041;SFO;HKG;LAX;615;1160;135;1111111;A321|Boeing 777-300ER;735;1;0;1;1;0;0;813;73;75-950
9868;AT;AT1225+AT1282;AMS;RAK;CMN;625;505;235;1111111;Boeing 737-800|Boeing 737-800;209;1;1;1;0;0;0;206;59;225-45
9869;IB;IB1353+IB508;CMN;LAX;MAD;530;1085;215;1111111;A321XLR|A330-200;635;1;0;1;1;0;0;683;88;95-775
9870;LH;LH423+LH1118;MIA;TUN;FRA;1185;1080;355;1111111;Boeing 747-8|A320neo;532;1;0;1;1;1;0;704;65;580-145
9871;AZ;AZ113+AZ1076;EZE;MXP;FCO;1210;1210;295;1101111;A330-900neo|A220-100;737;1;0;1;0;1;0;652;85;840-75
9872;EK;EK097+EK108;DPS;JFK;DXB;1100;1940;455;1111111;A350-900|A350-900;1037;1;1;1;1;1;1;1010;74;600-885
9873;NH;NH022+LH1074;HND;FCO;FRA;615;1095;115;1111111;Boeing 787-9|A320neo;745;1;0;1;1;0;0;592;62;880-100
9874;BA;BA045+BA1456;MIA;MUC;LHR;1180;865;240;1111111;Boeing 787-9|A321neo;544;1;0;1;1;1;0;467;65;530-95
9875;KL;KL1200+AF072;AMS;GRU;CDG;460;1125;315;1111111;Boeing 737-800|A350-900;606;1;0;1;1;1;0;553;76;65-745
9876;LX;LX625+LX1408;SFO;NCE;ZRH;1175;830;60;1111111;A330-300|A320neo;656;1;0;1;0;0;0;646;67;700-70
9877;IB;IB1361+IB1234;RAK;BOD;MAD;850;295;110;1111111;A321neo|A321XLR;173;1;0;0;1;0;0;135;83;110-75
9878;AF;AF025+AF064;DXB;MEX;CDG;260;1545;330;1111111;A330-200|A330-200;777;1;1;1;1;0;0;938;79;445-770
9879;IB;IB1361+IB1324;RAK;ZRH;MAD;850;430;200;1111111;A321neo|A321neo;213;1;0;0;1;1;0;194;82;110-120
9880;OS;OS1069+AI027;IST;DEL;VIE;605;1125;580;1011101;A321|Boeing 777-300ER;380;1;0;1;1;0;0;483;75;130-415
9881;DL;DL063+DL1410;IST;LAX;JFK;690;1110;90;1111111;A330-900neo|A330-900neo;643;1;0;1;1;1;1;705;78;670-350
9882;AZ;AZ1079+AZ104;ZRH;MIA;FCO;530;1010;225;1111111;A320neo|A350-900;525;1;0;1;0;1;0;513;75;85-700
9883;TK;TK1096+OS1034;IST;MAD;VIE;615;515;195;1111111;A320neo|Embraer 195;222;1;0;1;0;1;0;247;72;130-190
9884;AA;AA056+IB1264;MIA;MUC;MAD;1195;875;210;1111111;Boeing 787-9|A320neo;595;1;0;1;1;1;0;514;77;525-140
9885;BA;BA1541+BA1556;DUB;IST;LHR;825;440;160;1111111;A321neo|A321neo;256;1;0;0;0;0;0;205;67;65-215
9886;BA;BA1433+BA1452;BOD;FRA;LHR;1045;255;80;1111111;A320neo|A321neo;141;1;0;0;0;0;0;117;68;95-80
9887;AF;AF1187+AF1008;CAI;NCE;CDG;640;485;120;1111111;A220-300|A318;260;1;0;1;1;0;0;285;76;280-85
9888;BA;BA116+BA1516;JFK;GVA;LHR;1330;715;205;1111111;Boeing 787-9|A321neo;433;1;0;1;1;1;0;366;68;420-90
9889;TG;TG1204+SQ052;BKK;LAX;SIN;545;1520;330;1111111;A320neo|A350-900;862;1;1;1;0;1;0;889;75;140-1050
9890;AF;AF053+AF1178;LAX;TUN;CDG;1110;1085;270;1111111;Boeing 777-300ER|A220-300;699;1;0;1;1;0;0;717;77;675-140
9891;AF;AF1159+AF1098;ATH;LIS;CDG;625;430;70;1111111;A220-300|A321;242;1;0;1;1;0;0;289;78;210-150
9892;BA;BA027+BA1458;DEL;MUC;LHR;620;950;295;1111111;Boeing 777-300ER|A319;423;1;0;1;1;0;0;532;65;560-95
9893;BA;BA047+BA1568;LAX;CAI;LHR;1090;1185;255;1111111;Boeing 777-300ER|A319;684;1;0;1;1;0;0;852;71;655-275
9894;AF;AF025+AF1148;DXB;DUB;CDG;260;875;325;1111111;A330-200|A318;439;1;0;1;1;0;0;419;72;445-105
9895;LH;LH411+LH1118;DEL;TUN;FRA;620;835;175;1111111;Boeing 747-8|A320neo;476;1;0;1;0;1;0;581;65;515-145
9896;BA;BA031+BA1482;BKK;BCN;LHR;690;1005;110;1111111;Boeing 777-300ER|A321neo;659;1;0;1;0;0;0;719;70;780-115
9897;AF;AF1063+AF028;FRA;MLE;CDG;750;1045;375;1111111;A318|A350-900;532;1;0;1;0;0;0;497;72;70-600
9898;BA;BA059+BA042;GRU;ICN;LHR;1170;2000;510;1111111;A380-800|A350-1000;958;1;1;1;1;0;0;1191;66;725-765
9899;BA;BA1559+BA044;CMN;MIA;LHR;585;885;85;1111111;A321neo|Boeing 787-9;504;1;0;1;1;0;0;529;75;195-605
9900;AT;AT507+AT1254;MIA;MXP;CMN;1185;910;220;0101010;Boeing 787-8|Boeing 737-800;471;1;1;1;0;0;0;535;64;510-180
9901;AF;AF1017+AF1076;MRS;BER;CDG;670;270;90;1111111;A321|A318;148;1;0;1;1;0;0;151;72;90-90
9902;CX;CX1014+JL018;HKG;LHR;HND;1085;1275;150;1111111;A321neo|A350-1000;673;1;1;1;1;1;0;719;86;235-890
9903;LH;LH1015+LH430;LYS;MEX;FRA;590;1035;165;1111111;A320neo|A340-600;649;1;0;1;0;0;0;760;61;75-795
9904;EK;EK077+EK102;PRG;HND;DXB;910;1200;275;1111111;Boeing 777-300ER|A380-800;703;1;1;1;1;0;1;883;77;345-580
9905;LX;LX1407+LX602;NCE;DXB;ZRH;590;655;230;1111111;A220-300|A330-300;427;1;0;1;1;0;0;346;74;65-360
9906;SN;SN1227+SN1208;BER;TLS;BRU;565;320;135;0111011;A319|A319;157;1;0;0;0;0;0;148;66;90-95
9907;UA;UA022+LX1416;SFO;MRS;ZRH;1150;865;90;1001001;Boeing 777-300ER|A321neo;646;1;0;1;0;0;0;653;73;700-75
9908;LH;LH1026+UA017;FRA;SFO;LHR;430;1140;340;1111111;A319|Boeing 767-300ER;573;1;0;1;0;1;0;709;70;90-710
9909;SN;SN1219+SN1238;FRA;LIS;BRU;555;415;175;1111111;A319|A320;177;1;0;0;0;0;0;168;67;60-180
9910;KL;KL503+KL1266;DXB;BER;AMS;795;600;85;1111111;Boeing 777-300ER|Embraer 195-E2;384;1;0;1;1;1;0;386;71;440-75
9911;AF;AF063+KE015;YUL;ICN;CDG;1335;1655;475;1111111;A350-900|A330-300;602;1;1;1;0;1;0;882;82;415-765
9912;MS;MS1400+LH1129;CAI;MUC;CDG;595;490;125;1111111;A220-300|A320neo;220;1;0;1;0;0;0;273;63;280-85
9913;LH;LH457+SQ027;SFO;SIN;MUC;1165;1555;130;1101110;A340-600|A380-800;734;1;1;1;1;1;0;1457;72;705-720
9914;KL;KL501+KL1292;DXB;FCO;AMS;240;755;190;1111111;Boeing 787-10|Embraer 195-E2;382;1;0;1;0;1;0;391;71;440-125
9915;AA;AA039+QF029;FCO;SYD;JFK;955;2025;195;1111111;Boeing 777-300ER|A380-800;980;1;1;1;1;1;1;1643;70;580-1250
9916;MS;MS611+MS1428;ICN;FCO;CAI;610;1095;60;0010101;Boeing 787-9|Boeing 737-800;511;1;1;1;0;0;0;632;67;820-215
9917;KL;KL1285+KL1254;LIS;FRA;AMS;600;520;285;1111111;Embraer 195-E2|Boeing 737-800;202;1;0;0;1;0;0;161;69;175-60
9918;BA;BA1423+BA179;MRS;JFK;LHR;810;670;80;1111111;A320neo|A350-1000;448;1;0;1;0;0;0;386;71;110-480
9919;KL;KL531+KL1278;JNB;BCN;AMS;1320;1000;165;1111111;Boeing 777-300ER|Boeing 737-800;570;1;0;1;1;1;0;710;71;705-130
9920;SN;SN1222+LH452;BRU;MIA;MUC;560;950;195;0101010;A319|Boeing 747-8;517;1;0;1;1;1;0;661;64;75-680
9921;UA;UA014+TP1207;SFO;LIS;CDG;1165;1070;250;1111111;Boeing 777-300ER|A321LR;599;1;0;1;0;1;0;706;61;670-150
9922;IB;IB513+IB1374;MEX;CAI;MAD;1185;1155;230;1111111;A350-900|A321neo;688;1;0;1;1;0;0;720;81;665-260
9923;KL;KL1269+KL506;MAD;SIN;AMS;485;1400;510;1111111;Embraer 195-E2|A330-300;646;1;0;1;0;0;0;806;69;140-750
9924;IB;IB509+IB1284;LAX;BCN;MAD;1195;890;135;1111111;A330-200|A321neo;653;1;0;1;1;0;0;651;89;690-65
9925;LH;LH441+LH1162;DEL;BER;MUC;610;785;215;0011011;Boeing 747-8|A319;446;1;0;1;0;0;0;487;64;500-70
9926;TG;TG041+TG014;SYD;CDG;BKK;925;1565;190;1111111;Boeing 777-300ER|Boeing 787-9;854;1;1;1;0;1;0;1004;81;605-770
9927;LH;LH1190+LX626;MUC;YUL;ZRH;600;720;155;1111111;A320neo|A340-300;460;1;0;1;0;1;0;470;68;55-510
9928;OS;OS1031+OS408;BER;YUL;VIE;595;785;165;1110110;A320|Boeing 787-9;440;1;0;1;0;0;0;405;76;75-545
9929;BA;BA1541+BA1518;DUB;GVA;LHR;825;405;250;1111111;A321neo|A319;158;1;0;0;1;0;0;113;67;65-90
9930;KE;KE047+KE032;SYD;VIE;ICN;890;2005;560;0010001;A330-300|A330-300;859;1;1;1;0;1;0;1078;83;655-790
9931;AA;AA1005+QR091;LAX;DOH;JFK;685;1235;145;1111111;Boeing 787-9|Boeing 787-9;842;1;0;1;1;1;1;855;77;305-785
9932;KL;KL531+KL1212;JNB;NCE;AMS;1320;1110;300;1111111;Boeing 777-300ER|Embraer 195-E2;519;1;0;1;1;1;0;668;70;705-105
9933;AF;AF1177+AF1048;TUN;LHR;CDG;845;440;230;1111111;A318|A318;180;1;0;1;1;0;0;183;79;150-60
9934;SQ;SQ014+AC015;SIN;YUL;CDG;70;1520;175;1111111;Boeing 787-10|Boeing 787-9;863;1;1;1;1;1;1;887;73;870-475
9935;CX;CX018+IB1255;HKG;MAD;AMS;645;1115;185;1111111;A350-1000|A321neo;683;1;0;1;1;0;0;629;87;780-150
9936;AF;AF069+AF1182;PTP;ALG;CDG;1205;930;285;1111111;A350-900|A220-300;480;1;0;1;1;1;0;485;78;510-135
9937;LH;LH1032+NH021;FRA;HND;LHR;890;1280;360;1111111;A321|Boeing 787-9;614;1;0;1;0;0;0;589;68;90-830
9938;BA;BA116+BA032;JFK;SIN;LHR;1330;1360;165;1111111;Boeing 787-9|A350-1000;848;1;1;1;1;1;0;897;76;420-775
9939;LX;LX1445+LX626;BER;YUL;ZRH;565;755;155;1111111;A320neo|A340-300;510;1;0;1;1;1;0;503;68;90-510
9940;IB;IB513+IB1366;MEX;TUN;MAD;1185;1040;255;1111111;A350-900|A320neo;640;1;0;1;1;0;0;601;83;665-120
9941;IB;IB519+IB1226;EZE;MRS;MAD;1190;1175;315;1101111;A330-300|A321XLR;673;1;0;1;1;1;0;723;86;765-95
9942;AF;AF1133+AF034;GVA;BKK;CDG;1175;820;75;1111111;A318|Boeing 787-9;620;1;0;1;1;0;0;557;76;65-680
9943;TK;TK1129+SQ041;CAI;SIN;IST;830;875;90;1111111;Boeing 737 MAX 8|Boeing 787-10;546;1;1;1;1;0;1;580;73;130-655
9944;AZ;AZ1047+AZ108;BER;SFO;FCO;540;1105;175;1111111;A220-100|A330-900neo;636;1;0;1;1;1;0;648;78;120-810
9945;BA;BA1563+AA053;RAK;MIA;LHR;600;920;105;1111111;A319|Boeing 777-300ER;502;1;0;1;0;0;0;646;70;210-605
9946;BA;BA033+BA1540;SIN;DUB;LHR;85;1275;325;1111111;A350-1000|A321neo;649;1;0;1;0;1;0;632;71;880-70
9947;MS;MS605+MS1422;JNB;BCN;CAI;1325;980;225;1111111;Boeing 787-9|Boeing 737-800;442;1;1;1;0;0;0;575;65;495-260
9948;AC;AC1211+AC032;CUN;LHR;YUL;840;860;220;1111111;A321|Boeing 777-300ER;540;1;0;1;1;0;1;577;64;245-395
9949;LX;LX613+LX1412;HKG;LYS;ZRH;590;925;80;1111111;A340-300|A320neo;723;1;0;1;0;1;0;721;70;785-60
9950;AF;AF1083+AF040;MAD;HKG;CDG;735;1165;335;1111111;A220-300|A330-200;615;1;0;1;1;1;0;713;80;110-720
9951;KE;KE038+KL501;ICN;AMS;DXB;1080;1340;325;1111111;A380-800|Boeing 787-10;525;1;1;1;0;1;0;785;71;575-440
9952;AI;AI018+TP1249;DEL;LIS;AMS;660;850;125;1111111;A350-900|A321LR;483;1;0;1;0;1;0;472;59;535-190
9953;AC;AC1211+AC058;CUN;ATH;YUL;840;925;120;1111111;A321|Boeing 787-9;608;1;0;1;1;0;1;654;64;245-560
9954;LH;LH1069+LH1074;OPO;FCO;FRA;830;340;85;1111111;A320neo|A320neo;185;1;0;0;1;0;0;192;62;155-100
9955;LX;LX627+LX1444;YUL;BER;ZRH;1165;590;55;1111111;A340-300|A320neo;480;1;0;1;0;1;0;503;72;450-85
9956;AA;AA030+IB1250;JFK;AMS;MAD;1300;655;85;1111111;Boeing 787-9|A321XLR;444;1;0;1;1;1;0;437;72;430-140
9957;LH;LH1065+SQ025;LIS;SIN;FRA;585;1195;285;1111111;A320neo|A380-800;698;1;0;1;0;0;0;894;71;175-735
9958;LH;LH445+LH1158;SIN;AMS;MUC;615;1015;105;1111111;A340-600|A321;667;1;0;1;0;0;0;818;70;820-90
9959;TK;TK049+TK020;YUL;MLE;IST;1185;1400;375;1111111;A330-300|Boeing 787-9;726;1;1;1;1;0;1;831;72;570-455
9960;QR;QR050+AT1249;DOH;CMN;LIS;430;895;320;1111111;A350-1000|Boeing 737-800;453;1;1;1;1;0;0;379;68;495-80
9961;QR;QR024+BA1414;DOH;LYS;LHR;160;635;100;1111111;Boeing 777-300ER|A321neo;448;1;0;1;0;1;0;404;78;445-90
9962;BA;BA112+BA1550;JFK;ATH;LHR;1000;950;320;1111111;Boeing 777-300ER|A319;465;1;0;1;1;0;0;554;71;420-210
9963;LX;LX609+LX1412;BKK;LYS;ZRH;605;850;50;1111111;A330-300|A320neo;656;1;0;1;0;1;0;616;70;740-60
9964;EK;EK089+EK030;JNB;LHR;DXB;1140;1100;135;1111111;A380-800|A350-900;681;1;1;1;1;1;1;779;76;500-465
9965;SK;SK1200+AF016;CPH;ABJ;CDG;505;745;225;1111111;A320neo|Boeing 777-300ER;432;1;0;1;1;1;0;403;78;115-405
9966;IB;IB1279+IB1304;BCN;OPO;MAD;790;355;210;1111111;A321neo|A321neo;128;1;0;0;0;0;0;77;78;75-70
9967;LX;LX1436+LH434;ZRH;GRU;FRA;575;1010;180;1010101;A321neo|A350-900;689;1;0;1;0;0;0;559;63;55-775
9968;AH;AH103+AH1016;DOH;MRS;ALG;430;650;140;1100100;A330-900neo|A330-200;362;1;1;1;0;0;0;335;55;415-95
9969;SN;SN1253+SQ039;ZRH;SIN;BRU;560;1300;470;1111111;A320|A380-800;679;1;0;1;0;0;0;837;73;75-755
9970;LH;LH441+LH1216;DEL;PRG;MUC;610;755;205;0011011;Boeing 747-8|A320neo;455;1;0;1;1;1;0;463;65;500-50
9971;LH;LH1133+LH438;NCE;DXB;MUC;585;680;250;1111111;A319|A350-900;386;1;0;1;0;0;0;312;62;80-350
9972;AT;AT1235+AT510;MAD;GRU;CMN;545;885;185;1111111;Boeing 737 MAX 8|Boeing 787-9;513;1;1;1;0;0;0;484;63;100-600
9973;AF;AF065+AF1178;MEX;TUN;CDG;1210;1105;285;1111111;A330-200|A220-300;659;1;0;1;1;0;0;723;77;680-140
9974;LH;LH401+LH1018;JFK;MRS;FRA;1040;735;170;1111111;Boeing 747-8|A320neo;441;1;0;1;0;1;0;528;62;465-100
9975;LH;LH1031+LH1074;LHR;FCO;FRA;750;420;240;1111111;A320neo|A320neo;153;1;0;0;1;0;0;135;62;80-100
9976;BA;BA027+BA1480;DEL;BCN;LHR;620;760;85;1111111;Boeing 777-300ER|A320neo;505;1;0;1;1;0;0;534;65;560-115
9977;OS;OS407+MS1439;JFK;CAI;VIE;1180;940;220;1111111;Boeing 777-200ER|A320neo;610;1;1;1;1;1;0;668;67;510-210
9978;AA;AA1037+AT505;MEX;CMN;JFK;620;945;245;1111111;A321|Boeing 787-8;594;1;0;1;1;1;0;586;70;270-430
9979;SQ;SQ026+LH462;SIN;CUN;MUC;145;1845;280;1010100;A380-800|A350-900;1084;1;1;1;1;1;1;1237;68;820-745
9980;AF;AF1043+AF070;LHR;FDF;CDG;660;720;80;1111111;A220-300|A350-900;470;1;0;1;0;1;0;404;71;55-585
9981;TP;TP1202+TG017;LIS;BKK;CDG;720;1200;380;1111111;A320neo|A350-900;612;1;0;1;0;1;0;639;69;140-680
9982;QR;QR023+QR078;LYS;SIN;DOH;925;1365;530;1111111;A350-1000|Boeing 777-300ER;686;1;1;1;1;1;1;660;89;355-480
9983;TP;TP206+UA1414;LIS;LAX;SFO;820;935;110;1111111;A321LR|A320;614;1;0;1;1;0;1;552;59;750-75
9984;TK;TK1032+TP1329;IST;OPO;LHR;755;695;315;1111111;A320neo|A321LR;300;1;0;1;0;0;0;276;60;245-135
9985;AA;AA1005+IB505;LAX;MAD;JFK;685;865;130;1111111;Boeing 787-9|A330-200;565;1;0;1;0;1;0;642;77;305-430
9986;IB;IB1239+IB1286;NTE;BCN;MAD;1080;230;70;1111111;A321XLR|A321XLR;103;1;0;0;0;0;0;104;90;95-65
9987;KL;KL1285+KL1340;LIS;CAI;AMS;600;640;205;1111111;Embraer 195-E2|Boeing 737-900;310;1;0;0;1;0;0;387;69;175-260
9988;KL;KL1241+KL1226;LHR;TLS;AMS;680;420;250;1111111;Boeing 737-900|Embraer 195-E2;128;1;0;0;1;0;0;121;70;60-110
9989;LH;LH1073+LH1106;FCO;PRG;FRA;815;290;125;1111111;Embraer 190|A320neo;132;1;0;0;0;0;0;130;63;105-60
9990;LH;LH1109+LH1098;ATH;CPH;FRA;825;365;95;1111111;Embraer 190|A319;213;1;0;0;0;0;0;213;64;185-85
9991;IB;IB1373+IB1212;CAI;ORY;MAD;605;700;295;1111111;A320neo|A320neo;295;1;0;0;1;1;0;312;85;300-105
9992;LH;LH437+LH1112;EZE;IST;FRA;1190;1230;195;1111111;A350-900|A321;764;1;0;1;1;0;0;775;65;870-165
9993;AF;AF1075+AF018;BER;JNB;CDG;555;950;180;1111111;A321|A330-200;554;1;0;1;1;0;0;654;77;100-670
9994;LH;LH1116+MS1455;FRA;CAI;TUN;580;425;95;1111111;Embraer 190|A320neo;241;1;0;1;0;0;0;288;65;145-185
9995;LX;LX1461+LX614;LIS;HND;ZRH;795;1095;110;1111111;A320neo|A330-300;768;1;0;1;0;1;0;739;69;160-825
9996;LX;LX611+LX1428;SIN;LHR;ZRH;590;1055;110;1111111;A330-300|A220-300;750;1;0;1;0;1;0;736;66;840-105
9997;QR;QR021+QR080;NCE;DPS;DOH;930;1475;530;0010011;Boeing 777-300ER|Boeing 787-9;785;1;1;1;0;0;1;720;81;345-600
9998;EK;EK089+EK118;JNB;YUL;DXB;1140;1560;205;1111111;A380-800|A380-800;847;1;1;1;1;1;1;1273;76;500-855
9999;MS;MS1404+LH1033;CAI;FRA;LHR;590;520;135;1111111;Boeing 737-800|A321;227;1;0;1;0;0;0;348;67;305-80
10000;AF;AF1129+AF024;GVA;DXB;CDG;535;575;115;1111111;A320|A330-200;385;1;0;1;1;0;0;381;77;65-395